"pair_id","pair_label","order","n_centroids","source_records_represented","n_forward_scorable","forward_scorable_fraction","n_reverse_scorable","reverse_scorable_fraction","n_pair_scorable","pair_scorable_fraction","forward_median_penalty","reverse_median_penalty","pair_median_penalty","pair_mean_penalty","pair_p90_penalty","perfect_match_fraction_among_scorable","terminal_3_mismatch_fraction_among_scorable","reference_suitable","reference_suitability","reference_limitation_reason"
"ANML","ANML","Amblypygi",3,3,0,0,3,1,0,0,,95.65,,,,,,FALSE,"binding-region incomplete","Only 287/67352 centroids (0.4%) span both primer sites; penalties cannot be interpreted as taxon coverage."
"ANML","ANML","Amphipoda",376,1221,0,0,353,0.938829787234043,0,0,,154.4,,,,,,FALSE,"binding-region incomplete","Only 287/67352 centroids (0.4%) span both primer sites; penalties cannot be interpreted as taxon coverage."
"ANML","ANML","Anostraca",4,30,0,0,4,1,0,0,,122.55,,,,,,FALSE,"binding-region incomplete","Only 287/67352 centroids (0.4%) span both primer sites; penalties cannot be interpreted as taxon coverage."
"ANML","ANML","Araneae",2981,10232,1,0.000335457900033546,2873,0.963770546796377,1,0.000335457900033546,146.4,104.5,231.3,231.3,231.3,0,1,FALSE,"binding-region incomplete","Only 287/67352 centroids (0.4%) span both primer sites; penalties cannot be interpreted as taxon coverage."
"ANML","ANML","Archaeognatha",3,47,0,0,3,1,0,0,,230,,,,,,FALSE,"binding-region incomplete","Only 287/67352 centroids (0.4%) span both primer sites; penalties cannot be interpreted as taxon coverage."
"ANML","ANML","Arguloida",5,10,0,0,5,1,0,0,,181.55,,,,,,FALSE,"binding-region incomplete","Only 287/67352 centroids (0.4%) span both primer sites; penalties cannot be interpreted as taxon coverage."
"ANML","ANML","Balanomorpha",8,13,0,0,8,1,0,0,,257.8,,,,,,FALSE,"binding-region incomplete","Only 287/67352 centroids (0.4%) span both primer sites; penalties cannot be interpreted as taxon coverage."
"ANML","ANML","Blattodea",80,288,40,0.5,80,1,40,0.5,208.3,209.5,456.95,424.9375,456.95,0,0.9,FALSE,"binding-region incomplete","Only 287/67352 centroids (0.4%) span both primer sites; penalties cannot be interpreted as taxon coverage."
"ANML","ANML","Calanoida",99,343,0,0,95,0.95959595959596,0,0,,136.85,,,,,,FALSE,"binding-region incomplete","Only 287/67352 centroids (0.4%) span both primer sites; penalties cannot be interpreted as taxon coverage."
"ANML","ANML","Chordeumatida",10,22,0,0,10,1,0,0,,172.625,,,,,,FALSE,"binding-region incomplete","Only 287/67352 centroids (0.4%) span both primer sites; penalties cannot be interpreted as taxon coverage."
"ANML","ANML","Coleoptera",2081,7281,20,0.00961076405574243,2028,0.974531475252283,20,0.00961076405574243,131.3,60.2,179.3,187.6425,299.4,0,0.2,FALSE,"binding-region incomplete","Only 287/67352 centroids (0.4%) span both primer sites; penalties cannot be interpreted as taxon coverage."
"ANML","ANML","Cryptophialida",6,7,0,0,6,1,0,0,,68.6,,,,,,FALSE,"binding-region incomplete","Only 287/67352 centroids (0.4%) span both primer sites; penalties cannot be interpreted as taxon coverage."
"ANML","ANML","Cyclopoida",85,264,0,0,84,0.988235294117647,0,0,,97.775,,,,,,FALSE,"binding-region incomplete","Only 287/67352 centroids (0.4%) span both primer sites; penalties cannot be interpreted as taxon coverage."
"ANML","ANML","Decapoda",336,948,0,0,330,0.982142857142857,0,0,,86.1,,,,,,FALSE,"binding-region incomplete","Only 287/67352 centroids (0.4%) span both primer sites; penalties cannot be interpreted as taxon coverage."
"ANML","ANML","Dermaptera",2,82,0,0,2,1,0,0,,212.85,,,,,,FALSE,"binding-region incomplete","Only 287/67352 centroids (0.4%) span both primer sites; penalties cannot be interpreted as taxon coverage."
"ANML","ANML","Diplostraca",227,799,0,0,220,0.969162995594714,0,0,,119.2,,,,,,FALSE,"binding-region incomplete","Only 287/67352 centroids (0.4%) span both primer sites; penalties cannot be interpreted as taxon coverage."
"ANML","ANML","Diptera",11541,83309,72,0.00623862750194957,11350,0.983450307598995,72,0.00623862750194957,120.2,50.2,150.3,160.633333333333,278.485,0.0138888888888889,0.208333333333333,FALSE,"binding-region incomplete","Only 287/67352 centroids (0.4%) span both primer sites; penalties cannot be interpreted as taxon coverage."
"ANML","ANML","Entomobryomorpha",187,4396,1,0.0053475935828877,181,0.967914438502674,1,0.0053475935828877,109.55,122.15,178.35,178.35,178.35,0,0,FALSE,"binding-region incomplete","Only 287/67352 centroids (0.4%) span both primer sites; penalties cannot be interpreted as taxon coverage."
"ANML","ANML","Ephemeroptera",134,343,5,0.0373134328358209,118,0.880597014925373,5,0.0373134328358209,108.25,108.975,316,281.25,370.45,0,0.6,FALSE,"binding-region incomplete","Only 287/67352 centroids (0.4%) span both primer sites; penalties cannot be interpreted as taxon coverage."
"ANML","ANML","Euphausiacea",3,10,0,0,3,1,0,0,,88.85,,,,,,FALSE,"binding-region incomplete","Only 287/67352 centroids (0.4%) span both primer sites; penalties cannot be interpreted as taxon coverage."
"ANML","ANML","Geophilomorpha",6,22,0,0,6,1,0,0,,180.35,,,,,,FALSE,"binding-region incomplete","Only 287/67352 centroids (0.4%) span both primer sites; penalties cannot be interpreted as taxon coverage."
"ANML","ANML","Glomerida",3,3,0,0,3,1,0,0,,0,,,,,,FALSE,"binding-region incomplete","Only 287/67352 centroids (0.4%) span both primer sites; penalties cannot be interpreted as taxon coverage."
"ANML","ANML","Harpacticoida",28,71,0,0,28,1,0,0,,117.8,,,,,,FALSE,"binding-region incomplete","Only 287/67352 centroids (0.4%) span both primer sites; penalties cannot be interpreted as taxon coverage."
"ANML","ANML","Hemiptera",1671,11609,13,0.00777977259126272,1588,0.950329144225015,13,0.00777977259126272,191.15,129.6,287.4,387.569230769231,789.58,0,0.615384615384615,FALSE,"binding-region incomplete","Only 287/67352 centroids (0.4%) span both primer sites; penalties cannot be interpreted as taxon coverage."
"ANML","ANML","Hymenoptera",6797,25612,7,0.00102986611740474,6628,0.975136089451229,7,0.00102986611740474,73.8,75.25,185.15,206.814285714286,322.63,0,0.285714285714286,FALSE,"binding-region incomplete","Only 287/67352 centroids (0.4%) span both primer sites; penalties cannot be interpreted as taxon coverage."
"ANML","ANML","Isopoda",172,1068,0,0,170,0.988372093023256,0,0,,174.925,,,,,,FALSE,"binding-region incomplete","Only 287/67352 centroids (0.4%) span both primer sites; penalties cannot be interpreted as taxon coverage."
"ANML","ANML","Ixodida",31,419,0,0,31,1,0,0,,181.55,,,,,,FALSE,"binding-region incomplete","Only 287/67352 centroids (0.4%) span both primer sites; penalties cannot be interpreted as taxon coverage."
"ANML","ANML","Julida",15,183,0,0,15,1,0,0,,176.75,,,,,,FALSE,"binding-region incomplete","Only 287/67352 centroids (0.4%) span both primer sites; penalties cannot be interpreted as taxon coverage."
"ANML","ANML","Laurida",1,1,0,0,1,1,0,0,,15.35,,,,,,FALSE,"binding-region incomplete","Only 287/67352 centroids (0.4%) span both primer sites; penalties cannot be interpreted as taxon coverage."
"ANML","ANML","Lepidoptera",4810,15292,19,0.00395010395010395,4779,0.993555093555094,19,0.00395010395010395,64.8,25.9,64.8,96.7973684210526,184.98,0,0.105263157894737,FALSE,"binding-region incomplete","Only 287/67352 centroids (0.4%) span both primer sites; penalties cannot be interpreted as taxon coverage."
"ANML","ANML","Lithobiomorpha",112,298,0,0,110,0.982142857142857,0,0,,76.575,,,,,,FALSE,"binding-region incomplete","Only 287/67352 centroids (0.4%) span both primer sites; penalties cannot be interpreted as taxon coverage."
"ANML","ANML","Lithoglyptida",29,45,0,0,27,0.931034482758621,0,0,,233.9,,,,,,FALSE,"binding-region incomplete","Only 287/67352 centroids (0.4%) span both primer sites; penalties cannot be interpreted as taxon coverage."
"ANML","ANML","Mantodea",4,4,0,0,4,1,0,0,,227.675,,,,,,FALSE,"binding-region incomplete","Only 287/67352 centroids (0.4%) span both primer sites; penalties cannot be interpreted as taxon coverage."
"ANML","ANML","Mecoptera",7,10,1,0.142857142857143,7,1,1,0.142857142857143,88.8,8.4,119,119,119,0,0,FALSE,"binding-region incomplete","Only 287/67352 centroids (0.4%) span both primer sites; penalties cannot be interpreted as taxon coverage."
"ANML","ANML","Megaloptera",5,6,2,0.4,5,1,2,0.4,98.025,0,102.225,102.225,112.965,0,0,FALSE,"binding-region incomplete","Only 287/67352 centroids (0.4%) span both primer sites; penalties cannot be interpreted as taxon coverage."
"ANML","ANML","Mesostigmata",97,489,0,0,97,1,0,0,,115.7,,,,,,FALSE,"binding-region incomplete","Only 287/67352 centroids (0.4%) span both primer sites; penalties cannot be interpreted as taxon coverage."
"ANML","ANML","Mysida",2,2,1,0.5,2,1,1,0.5,0,154.95,175.3,175.3,175.3,0,1,FALSE,"binding-region incomplete","Only 287/67352 centroids (0.4%) span both primer sites; penalties cannot be interpreted as taxon coverage."
"ANML","ANML","Neelipleona",1,1,0,0,1,1,0,0,,150.45,,,,,,FALSE,"binding-region incomplete","Only 287/67352 centroids (0.4%) span both primer sites; penalties cannot be interpreted as taxon coverage."
"ANML","ANML","Neuroptera",91,368,3,0.032967032967033,91,1,3,0.032967032967033,139.65,50.2,284.75,282.266666666667,352.67,0,0.666666666666667,FALSE,"binding-region incomplete","Only 287/67352 centroids (0.4%) span both primer sites; penalties cannot be interpreted as taxon coverage."
"ANML","ANML","Odonata",61,130,3,0.0491803278688525,52,0.852459016393443,3,0.0491803278688525,150.3,119.45,184.9,187.5,225.14,0,0.333333333333333,FALSE,"binding-region incomplete","Only 287/67352 centroids (0.4%) span both primer sites; penalties cannot be interpreted as taxon coverage."
"ANML","ANML","Opilioacarida",1,1,0,0,1,1,0,0,,68.6,,,,,,FALSE,"binding-region incomplete","Only 287/67352 centroids (0.4%) span both primer sites; penalties cannot be interpreted as taxon coverage."
"ANML","ANML","Opiliones",57,686,0,0,55,0.964912280701754,0,0,,185.75,,,,,,FALSE,"binding-region incomplete","Only 287/67352 centroids (0.4%) span both primer sites; penalties cannot be interpreted as taxon coverage."
"ANML","ANML","order unresolved",31884,135678,74,0.00232091331075147,31411,0.985164973027224,74,0.00232091331075147,318,68.65,398.975,694.650675675676,616.87,0,0.540540540540541,FALSE,"binding-region incomplete","Only 287/67352 centroids (0.4%) span both primer sites; penalties cannot be interpreted as taxon coverage."
"ANML","ANML","Orthoptera",99,725,5,0.0505050505050505,91,0.919191919191919,5,0.0505050505050505,130.65,80.3,142.4,164.94,204.42,0,0,FALSE,"binding-region incomplete","Only 287/67352 centroids (0.4%) span both primer sites; penalties cannot be interpreted as taxon coverage."
"ANML","ANML","Pantopoda",98,178,0,0,94,0.959183673469388,0,0,,83.425,,,,,,FALSE,"binding-region incomplete","Only 287/67352 centroids (0.4%) span both primer sites; penalties cannot be interpreted as taxon coverage."
"ANML","ANML","Phasmatodea",10,27,4,0.4,10,1,4,0.4,4102.4,116.65,6695.75,5073.9,6753.83,0,0.75,FALSE,"binding-region incomplete","Only 287/67352 centroids (0.4%) span both primer sites; penalties cannot be interpreted as taxon coverage."
"ANML","ANML","Phthiraptera",3,13,0,0,3,1,0,0,,4631.5,,,,,,FALSE,"binding-region incomplete","Only 287/67352 centroids (0.4%) span both primer sites; penalties cannot be interpreted as taxon coverage."
"ANML","ANML","Plecoptera",160,546,8,0.05,149,0.93125,8,0.05,121.6,115,218.425,217.0125,375.81,0,0.375,FALSE,"binding-region incomplete","Only 287/67352 centroids (0.4%) span both primer sites; penalties cannot be interpreted as taxon coverage."
"ANML","ANML","Podocopida",17,24,0,0,16,0.941176470588235,0,0,,175.2,,,,,,FALSE,"binding-region incomplete","Only 287/67352 centroids (0.4%) span both primer sites; penalties cannot be interpreted as taxon coverage."
"ANML","ANML","Poduromorpha",46,356,2,0.0434782608695652,46,1,2,0.0434782608695652,115.15,163.55,236.25,236.25,270.21,0,0.5,FALSE,"binding-region incomplete","Only 287/67352 centroids (0.4%) span both primer sites; penalties cannot be interpreted as taxon coverage."
"ANML","ANML","Poecilostomatoida",18,40,0,0,18,1,0,0,,139.125,,,,,,FALSE,"binding-region incomplete","Only 287/67352 centroids (0.4%) span both primer sites; penalties cannot be interpreted as taxon coverage."
"ANML","ANML","Polydesmida",6,18,0,0,6,1,0,0,,55.6,,,,,,FALSE,"binding-region incomplete","Only 287/67352 centroids (0.4%) span both primer sites; penalties cannot be interpreted as taxon coverage."
"ANML","ANML","Polyxenida",1,5,0,0,1,1,0,0,,30.1,,,,,,FALSE,"binding-region incomplete","Only 287/67352 centroids (0.4%) span both primer sites; penalties cannot be interpreted as taxon coverage."
"ANML","ANML","Polyzoniida",1,1,0,0,1,1,0,0,,230,,,,,,FALSE,"binding-region incomplete","Only 287/67352 centroids (0.4%) span both primer sites; penalties cannot be interpreted as taxon coverage."
"ANML","ANML","Pseudoscorpiones",15,28,0,0,15,1,0,0,,110.4,,,,,,FALSE,"binding-region incomplete","Only 287/67352 centroids (0.4%) span both primer sites; penalties cannot be interpreted as taxon coverage."
"ANML","ANML","Psocoptera",193,2319,0,0,192,0.994818652849741,0,0,,135.1,,,,,,FALSE,"binding-region incomplete","Only 287/67352 centroids (0.4%) span both primer sites; penalties cannot be interpreted as taxon coverage."
"ANML","ANML","Raphidioptera",5,6,1,0.2,5,1,1,0.2,54.15,220,274.15,274.15,274.15,0,1,FALSE,"binding-region incomplete","Only 287/67352 centroids (0.4%) span both primer sites; penalties cannot be interpreted as taxon coverage."
"ANML","ANML","Sarcoptiformes",782,2784,0,0,774,0.989769820971867,0,0,,146.875,,,,,,FALSE,"binding-region incomplete","Only 287/67352 centroids (0.4%) span both primer sites; penalties cannot be interpreted as taxon coverage."
"ANML","ANML","Schizomida",2,2,0,0,2,1,0,0,,16.175,,,,,,FALSE,"binding-region incomplete","Only 287/67352 centroids (0.4%) span both primer sites; penalties cannot be interpreted as taxon coverage."
"ANML","ANML","Scolopendromorpha",2,2,0,0,2,1,0,0,,55.4,,,,,,FALSE,"binding-region incomplete","Only 287/67352 centroids (0.4%) span both primer sites; penalties cannot be interpreted as taxon coverage."
"ANML","ANML","Scorpiones",86,126,0,0,86,1,0,0,,136.025,,,,,,FALSE,"binding-region incomplete","Only 287/67352 centroids (0.4%) span both primer sites; penalties cannot be interpreted as taxon coverage."
"ANML","ANML","Siphonaptera",6,81,0,0,6,1,0,0,,24.575,,,,,,FALSE,"binding-region incomplete","Only 287/67352 centroids (0.4%) span both primer sites; penalties cannot be interpreted as taxon coverage."
"ANML","ANML","Siphonostomatoida",8,21,0,0,8,1,0,0,,109.6,,,,,,FALSE,"binding-region incomplete","Only 287/67352 centroids (0.4%) span both primer sites; penalties cannot be interpreted as taxon coverage."
"ANML","ANML","Stomatopoda",2,2,0,0,2,1,0,0,,86.075,,,,,,FALSE,"binding-region incomplete","Only 287/67352 centroids (0.4%) span both primer sites; penalties cannot be interpreted as taxon coverage."
"ANML","ANML","Strepsiptera",1,1,0,0,1,1,0,0,,63.9,,,,,,FALSE,"binding-region incomplete","Only 287/67352 centroids (0.4%) span both primer sites; penalties cannot be interpreted as taxon coverage."
"ANML","ANML","Symphypleona",122,1070,0,0,121,0.991803278688525,0,0,,183.8,,,,,,FALSE,"binding-region incomplete","Only 287/67352 centroids (0.4%) span both primer sites; penalties cannot be interpreted as taxon coverage."
"ANML","ANML","Thysanoptera",184,1647,0,0,182,0.989130434782609,0,0,,4130,,,,,,FALSE,"binding-region incomplete","Only 287/67352 centroids (0.4%) span both primer sites; penalties cannot be interpreted as taxon coverage."
"ANML","ANML","Trichoptera",555,1209,5,0.00900900900900901,496,0.893693693693694,5,0.00900900900900901,119,52.75,249.8,274.33,451.2,0,0.6,FALSE,"binding-region incomplete","Only 287/67352 centroids (0.4%) span both primer sites; penalties cannot be interpreted as taxon coverage."
"ANML","ANML","Trombidiformes",821,2407,0,0,803,0.978075517661389,0,0,,90.5,,,,,,FALSE,"binding-region incomplete","Only 287/67352 centroids (0.4%) span both primer sites; penalties cannot be interpreted as taxon coverage."
"ANML","ANML","Uropygi",3,3,0,0,3,1,0,0,,62.35,,,,,,FALSE,"binding-region incomplete","Only 287/67352 centroids (0.4%) span both primer sites; penalties cannot be interpreted as taxon coverage."
"ANML","ANML","Zygentoma",50,60,0,0,50,1,0,0,,26.85,,,,,,FALSE,"binding-region incomplete","Only 287/67352 centroids (0.4%) span both primer sites; penalties cannot be interpreted as taxon coverage."
"ARF","ARF1 + Fol-degen","Amblypygi",3,3,3,1,3,1,3,1,0,0,0,0,0,1,0,FALSE,"binding-region incomplete","Only 1617/67352 centroids (2.4%) span both primer sites; penalties cannot be interpreted as taxon coverage."
"ARF","ARF1 + Fol-degen","Amphipoda",376,1221,353,0.938829787234043,0,0,0,0,50.1,,,,,,,FALSE,"binding-region incomplete","Only 1617/67352 centroids (2.4%) span both primer sites; penalties cannot be interpreted as taxon coverage."
"ARF","ARF1 + Fol-degen","Anostraca",4,30,4,1,0,0,0,0,11.77,,,,,,,FALSE,"binding-region incomplete","Only 1617/67352 centroids (2.4%) span both primer sites; penalties cannot be interpreted as taxon coverage."
"ARF","ARF1 + Fol-degen","Araneae",2981,10232,2869,0.962428715196243,440,0.14760147601476,350,0.117410265011741,0,0,0,69.8066,86.6,0.685714285714286,0.02,FALSE,"binding-region incomplete","Only 1617/67352 centroids (2.4%) span both primer sites; penalties cannot be interpreted as taxon coverage."
"ARF","ARF1 + Fol-degen","Archaeognatha",3,47,3,1,0,0,0,0,19.62,,,,,,,FALSE,"binding-region incomplete","Only 1617/67352 centroids (2.4%) span both primer sites; penalties cannot be interpreted as taxon coverage."
"ARF","ARF1 + Fol-degen","Arguloida",5,10,5,1,0,0,0,0,4.65,,,,,,,FALSE,"binding-region incomplete","Only 1617/67352 centroids (2.4%) span both primer sites; penalties cannot be interpreted as taxon coverage."
"ARF","ARF1 + Fol-degen","Balanomorpha",8,13,8,1,0,0,0,0,0,,,,,,,FALSE,"binding-region incomplete","Only 1617/67352 centroids (2.4%) span both primer sites; penalties cannot be interpreted as taxon coverage."
"ARF","ARF1 + Fol-degen","Blattodea",80,288,80,1,39,0.4875,39,0.4875,0,0,0,0,0,1,0,FALSE,"binding-region incomplete","Only 1617/67352 centroids (2.4%) span both primer sites; penalties cannot be interpreted as taxon coverage."
"ARF","ARF1 + Fol-degen","Calanoida",99,343,96,0.96969696969697,16,0.161616161616162,16,0.161616161616162,36.57,706.7,743.27,596.35125,998.4,0,0.6875,FALSE,"binding-region incomplete","Only 1617/67352 centroids (2.4%) span both primer sites; penalties cannot be interpreted as taxon coverage."
"ARF","ARF1 + Fol-degen","Chordeumatida",10,22,10,1,0,0,0,0,0,,,,,,,FALSE,"binding-region incomplete","Only 1617/67352 centroids (2.4%) span both primer sites; penalties cannot be interpreted as taxon coverage."
"ARF","ARF1 + Fol-degen","Coleoptera",2081,7281,2043,0.981739548294089,20,0.00961076405574243,19,0.00913022585295531,0,0,0,273.98,65.04,0.789473684210526,0.0526315789473684,FALSE,"binding-region incomplete","Only 1617/67352 centroids (2.4%) span both primer sites; penalties cannot be interpreted as taxon coverage."
"ARF","ARF1 + Fol-degen","Cryptophialida",6,7,6,1,0,0,0,0,0,,,,,,,FALSE,"binding-region incomplete","Only 1617/67352 centroids (2.4%) span both primer sites; penalties cannot be interpreted as taxon coverage."
"ARF","ARF1 + Fol-degen","Cyclopoida",85,264,84,0.988235294117647,0,0,0,0,18.6,,,,,,,FALSE,"binding-region incomplete","Only 1617/67352 centroids (2.4%) span both primer sites; penalties cannot be interpreted as taxon coverage."
"ARF","ARF1 + Fol-degen","Decapoda",336,948,330,0.982142857142857,12,0.0357142857142857,7,0.0208333333333333,0,0,0,6.77142857142857,18.96,0.857142857142857,0,FALSE,"binding-region incomplete","Only 1617/67352 centroids (2.4%) span both primer sites; penalties cannot be interpreted as taxon coverage."
"ARF","ARF1 + Fol-degen","Dermaptera",2,82,2,1,0,0,0,0,0,,,,,,,FALSE,"binding-region incomplete","Only 1617/67352 centroids (2.4%) span both primer sites; penalties cannot be interpreted as taxon coverage."
"ARF","ARF1 + Fol-degen","Diplostraca",227,799,220,0.969162995594714,0,0,0,0,0,,,,,,,FALSE,"binding-region incomplete","Only 1617/67352 centroids (2.4%) span both primer sites; penalties cannot be interpreted as taxon coverage."
"ARF","ARF1 + Fol-degen","Diptera",11541,83309,11375,0.985616497703839,197,0.0170695780261676,131,0.0113508361493805,0,0,0,1.81389312977099,4.65,0.893129770992366,0,FALSE,"binding-region incomplete","Only 1617/67352 centroids (2.4%) span both primer sites; penalties cannot be interpreted as taxon coverage."
"ARF","ARF1 + Fol-degen","Entomobryomorpha",187,4396,182,0.973262032085562,0,0,0,0,0,,,,,,,FALSE,"binding-region incomplete","Only 1617/67352 centroids (2.4%) span both primer sites; penalties cannot be interpreted as taxon coverage."
"ARF","ARF1 + Fol-degen","Ephemeroptera",134,343,120,0.895522388059702,0,0,0,0,0,,,,,,,FALSE,"binding-region incomplete","Only 1617/67352 centroids (2.4%) span both primer sites; penalties cannot be interpreted as taxon coverage."
"ARF","ARF1 + Fol-degen","Euphausiacea",3,10,3,1,0,0,0,0,0,,,,,,,FALSE,"binding-region incomplete","Only 1617/67352 centroids (2.4%) span both primer sites; penalties cannot be interpreted as taxon coverage."
"ARF","ARF1 + Fol-degen","Geophilomorpha",6,22,6,1,0,0,0,0,0,,,,,,,FALSE,"binding-region incomplete","Only 1617/67352 centroids (2.4%) span both primer sites; penalties cannot be interpreted as taxon coverage."
"ARF","ARF1 + Fol-degen","Glomerida",3,3,2,0.666666666666667,0,0,0,0,5.885,,,,,,,FALSE,"binding-region incomplete","Only 1617/67352 centroids (2.4%) span both primer sites; penalties cannot be interpreted as taxon coverage."
"ARF","ARF1 + Fol-degen","Harpacticoida",28,71,28,1,0,0,0,0,5.885,,,,,,,FALSE,"binding-region incomplete","Only 1617/67352 centroids (2.4%) span both primer sites; penalties cannot be interpreted as taxon coverage."
"ARF","ARF1 + Fol-degen","Hemiptera",1671,11609,1601,0.958108916816278,22,0.0131657690005984,22,0.0131657690005984,0,2042.65,2216.15,2150.23181818182,2889.26,0.0454545454545455,0.909090909090909,FALSE,"binding-region incomplete","Only 1617/67352 centroids (2.4%) span both primer sites; penalties cannot be interpreted as taxon coverage."
"ARF","ARF1 + Fol-degen","Hymenoptera",6797,25612,6658,0.979549801382963,79,0.0116227747535678,77,0.0113285272914521,5.1,0,18.6,465.037922077922,122.72,0.441558441558442,0.0649350649350649,FALSE,"binding-region incomplete","Only 1617/67352 centroids (2.4%) span both primer sites; penalties cannot be interpreted as taxon coverage."
"ARF","ARF1 + Fol-degen","Isopoda",172,1068,170,0.988372093023256,0,0,0,0,0,,,,,,,FALSE,"binding-region incomplete","Only 1617/67352 centroids (2.4%) span both primer sites; penalties cannot be interpreted as taxon coverage."
"ARF","ARF1 + Fol-degen","Ixodida",31,419,31,1,0,0,0,0,0,,,,,,,FALSE,"binding-region incomplete","Only 1617/67352 centroids (2.4%) span both primer sites; penalties cannot be interpreted as taxon coverage."
"ARF","ARF1 + Fol-degen","Julida",15,183,15,1,0,0,0,0,0,,,,,,,FALSE,"binding-region incomplete","Only 1617/67352 centroids (2.4%) span both primer sites; penalties cannot be interpreted as taxon coverage."
"ARF","ARF1 + Fol-degen","Laurida",1,1,1,1,0,0,0,0,0,,,,,,,FALSE,"binding-region incomplete","Only 1617/67352 centroids (2.4%) span both primer sites; penalties cannot be interpreted as taxon coverage."
"ARF","ARF1 + Fol-degen","Lepidoptera",4810,15292,4777,0.993139293139293,23,0.00478170478170478,22,0.00457380457380457,0,0,0,2.67545454545455,17.658,0.863636363636364,0,FALSE,"binding-region incomplete","Only 1617/67352 centroids (2.4%) span both primer sites; penalties cannot be interpreted as taxon coverage."
"ARF","ARF1 + Fol-degen","Lithobiomorpha",112,298,110,0.982142857142857,0,0,0,0,0,,,,,,,FALSE,"binding-region incomplete","Only 1617/67352 centroids (2.4%) span both primer sites; penalties cannot be interpreted as taxon coverage."
"ARF","ARF1 + Fol-degen","Lithoglyptida",29,45,29,1,0,0,0,0,78,,,,,,,FALSE,"binding-region incomplete","Only 1617/67352 centroids (2.4%) span both primer sites; penalties cannot be interpreted as taxon coverage."
"ARF","ARF1 + Fol-degen","Mantodea",4,4,4,1,0,0,0,0,9.81,,,,,,,FALSE,"binding-region incomplete","Only 1617/67352 centroids (2.4%) span both primer sites; penalties cannot be interpreted as taxon coverage."
"ARF","ARF1 + Fol-degen","Mecoptera",7,10,7,1,0,0,0,0,0,,,,,,,FALSE,"binding-region incomplete","Only 1617/67352 centroids (2.4%) span both primer sites; penalties cannot be interpreted as taxon coverage."
"ARF","ARF1 + Fol-degen","Megaloptera",5,6,5,1,0,0,0,0,0,,,,,,,FALSE,"binding-region incomplete","Only 1617/67352 centroids (2.4%) span both primer sites; penalties cannot be interpreted as taxon coverage."
"ARF","ARF1 + Fol-degen","Mesostigmata",97,489,96,0.989690721649485,0,0,0,0,0,,,,,,,FALSE,"binding-region incomplete","Only 1617/67352 centroids (2.4%) span both primer sites; penalties cannot be interpreted as taxon coverage."
"ARF","ARF1 + Fol-degen","Mysida",2,2,2,1,0,0,0,0,0,,,,,,,FALSE,"binding-region incomplete","Only 1617/67352 centroids (2.4%) span both primer sites; penalties cannot be interpreted as taxon coverage."
"ARF","ARF1 + Fol-degen","Neelipleona",1,1,1,1,0,0,0,0,0,,,,,,,FALSE,"binding-region incomplete","Only 1617/67352 centroids (2.4%) span both primer sites; penalties cannot be interpreted as taxon coverage."
"ARF","ARF1 + Fol-degen","Neuroptera",91,368,91,1,1,0.010989010989011,1,0.010989010989011,0,0,0,0,0,1,0,FALSE,"binding-region incomplete","Only 1617/67352 centroids (2.4%) span both primer sites; penalties cannot be interpreted as taxon coverage."
"ARF","ARF1 + Fol-degen","Odonata",61,130,54,0.885245901639344,0,0,0,0,0,,,,,,,FALSE,"binding-region incomplete","Only 1617/67352 centroids (2.4%) span both primer sites; penalties cannot be interpreted as taxon coverage."
"ARF","ARF1 + Fol-degen","Opilioacarida",1,1,1,1,0,0,0,0,0,,,,,,,FALSE,"binding-region incomplete","Only 1617/67352 centroids (2.4%) span both primer sites; penalties cannot be interpreted as taxon coverage."
"ARF","ARF1 + Fol-degen","Opiliones",57,686,55,0.964912280701754,0,0,0,0,0,,,,,,,FALSE,"binding-region incomplete","Only 1617/67352 centroids (2.4%) span both primer sites; penalties cannot be interpreted as taxon coverage."
"ARF","ARF1 + Fol-degen","order unresolved",31884,135678,31409,0.985102245640447,839,0.0263141387529796,833,0.0261259565926483,0,0,0,14.2340336134454,20.7800000000001,0.51140456182473,0.00360144057623049,FALSE,"binding-region incomplete","Only 1617/67352 centroids (2.4%) span both primer sites; penalties cannot be interpreted as taxon coverage."
"ARF","ARF1 + Fol-degen","Orthoptera",99,725,87,0.878787878787879,3,0.0303030303030303,3,0.0303030303030303,0,0,0,6.54,15.696,0.666666666666667,0,FALSE,"binding-region incomplete","Only 1617/67352 centroids (2.4%) span both primer sites; penalties cannot be interpreted as taxon coverage."
"ARF","ARF1 + Fol-degen","Pantopoda",98,178,94,0.959183673469388,0,0,0,0,0,,,,,,,FALSE,"binding-region incomplete","Only 1617/67352 centroids (2.4%) span both primer sites; penalties cannot be interpreted as taxon coverage."
"ARF","ARF1 + Fol-degen","Phasmatodea",10,27,10,1,3,0.3,3,0.3,0,5765.8,6867.45,7613.48333333333,9127.69,0,1,FALSE,"binding-region incomplete","Only 1617/67352 centroids (2.4%) span both primer sites; penalties cannot be interpreted as taxon coverage."
"ARF","ARF1 + Fol-degen","Phthiraptera",3,13,3,1,0,0,0,0,1758,,,,,,,FALSE,"binding-region incomplete","Only 1617/67352 centroids (2.4%) span both primer sites; penalties cannot be interpreted as taxon coverage."
"ARF","ARF1 + Fol-degen","Plecoptera",160,546,149,0.93125,1,0.00625,1,0.00625,0,54.9,54.9,54.9,54.9,0,0,FALSE,"binding-region incomplete","Only 1617/67352 centroids (2.4%) span both primer sites; penalties cannot be interpreted as taxon coverage."
"ARF","ARF1 + Fol-degen","Podocopida",17,24,17,1,0,0,0,0,19.62,,,,,,,FALSE,"binding-region incomplete","Only 1617/67352 centroids (2.4%) span both primer sites; penalties cannot be interpreted as taxon coverage."
"ARF","ARF1 + Fol-degen","Poduromorpha",46,356,46,1,0,0,0,0,0,,,,,,,FALSE,"binding-region incomplete","Only 1617/67352 centroids (2.4%) span both primer sites; penalties cannot be interpreted as taxon coverage."
"ARF","ARF1 + Fol-degen","Poecilostomatoida",18,40,18,1,0,0,0,0,0,,,,,,,FALSE,"binding-region incomplete","Only 1617/67352 centroids (2.4%) span both primer sites; penalties cannot be interpreted as taxon coverage."
"ARF","ARF1 + Fol-degen","Polydesmida",6,18,6,1,0,0,0,0,0,,,,,,,FALSE,"binding-region incomplete","Only 1617/67352 centroids (2.4%) span both primer sites; penalties cannot be interpreted as taxon coverage."
"ARF","ARF1 + Fol-degen","Polyxenida",1,5,1,1,0,0,0,0,0,,,,,,,FALSE,"binding-region incomplete","Only 1617/67352 centroids (2.4%) span both primer sites; penalties cannot be interpreted as taxon coverage."
"ARF","ARF1 + Fol-degen","Polyzoniida",1,1,1,1,0,0,0,0,19.62,,,,,,,FALSE,"binding-region incomplete","Only 1617/67352 centroids (2.4%) span both primer sites; penalties cannot be interpreted as taxon coverage."
"ARF","ARF1 + Fol-degen","Pseudoscorpiones",15,28,15,1,0,0,0,0,18.6,,,,,,,FALSE,"binding-region incomplete","Only 1617/67352 centroids (2.4%) span both primer sites; penalties cannot be interpreted as taxon coverage."
"ARF","ARF1 + Fol-degen","Psocoptera",193,2319,191,0.989637305699482,0,0,0,0,0,,,,,,,FALSE,"binding-region incomplete","Only 1617/67352 centroids (2.4%) span both primer sites; penalties cannot be interpreted as taxon coverage."
"ARF","ARF1 + Fol-degen","Raphidioptera",5,6,4,0.8,0,0,0,0,0,,,,,,,FALSE,"binding-region incomplete","Only 1617/67352 centroids (2.4%) span both primer sites; penalties cannot be interpreted as taxon coverage."
"ARF","ARF1 + Fol-degen","Sarcoptiformes",782,2784,773,0.98849104859335,0,0,0,0,13.9,,,,,,,FALSE,"binding-region incomplete","Only 1617/67352 centroids (2.4%) span both primer sites; penalties cannot be interpreted as taxon coverage."
"ARF","ARF1 + Fol-degen","Schizomida",2,2,2,1,2,1,2,1,0,0,0,0,0,1,0,FALSE,"binding-region incomplete","Only 1617/67352 centroids (2.4%) span both primer sites; penalties cannot be interpreted as taxon coverage."
"ARF","ARF1 + Fol-degen","Scolopendromorpha",2,2,1,0.5,0,0,0,0,0,,,,,,,FALSE,"binding-region incomplete","Only 1617/67352 centroids (2.4%) span both primer sites; penalties cannot be interpreted as taxon coverage."
"ARF","ARF1 + Fol-degen","Scorpiones",86,126,86,1,83,0.965116279069767,83,0.965116279069767,0,0,0,0.709036144578313,0,0.939759036144578,0,FALSE,"binding-region incomplete","Only 1617/67352 centroids (2.4%) span both primer sites; penalties cannot be interpreted as taxon coverage."
"ARF","ARF1 + Fol-degen","Siphonaptera",6,81,5,0.833333333333333,0,0,0,0,0,,,,,,,FALSE,"binding-region incomplete","Only 1617/67352 centroids (2.4%) span both primer sites; penalties cannot be interpreted as taxon coverage."
"ARF","ARF1 + Fol-degen","Siphonostomatoida",8,21,8,1,0,0,0,0,15.695,,,,,,,FALSE,"binding-region incomplete","Only 1617/67352 centroids (2.4%) span both primer sites; penalties cannot be interpreted as taxon coverage."
"ARF","ARF1 + Fol-degen","Stomatopoda",2,2,2,1,1,0.5,1,0.5,9.81,0,19.62,19.62,19.62,0,0,FALSE,"binding-region incomplete","Only 1617/67352 centroids (2.4%) span both primer sites; penalties cannot be interpreted as taxon coverage."
"ARF","ARF1 + Fol-degen","Strepsiptera",1,1,1,1,0,0,0,0,0,,,,,,,FALSE,"binding-region incomplete","Only 1617/67352 centroids (2.4%) span both primer sites; penalties cannot be interpreted as taxon coverage."
"ARF","ARF1 + Fol-degen","Symphypleona",122,1070,121,0.991803278688525,0,0,0,0,0,,,,,,,FALSE,"binding-region incomplete","Only 1617/67352 centroids (2.4%) span both primer sites; penalties cannot be interpreted as taxon coverage."
"ARF","ARF1 + Fol-degen","Thysanoptera",184,1647,181,0.983695652173913,0,0,0,0,2071.24,,,,,,,FALSE,"binding-region incomplete","Only 1617/67352 centroids (2.4%) span both primer sites; penalties cannot be interpreted as taxon coverage."
"ARF","ARF1 + Fol-degen","Trichoptera",555,1209,498,0.897297297297297,0,0,0,0,0,,,,,,,FALSE,"binding-region incomplete","Only 1617/67352 centroids (2.4%) span both primer sites; penalties cannot be interpreted as taxon coverage."
"ARF","ARF1 + Fol-degen","Trombidiformes",821,2407,809,0.985383678440926,3,0.00365408038976857,1,0.00121802679658952,0,0,499.75,499.75,499.75,0,0,FALSE,"binding-region incomplete","Only 1617/67352 centroids (2.4%) span both primer sites; penalties cannot be interpreted as taxon coverage."
"ARF","ARF1 + Fol-degen","Uropygi",3,3,3,1,3,1,3,1,0,0,0,0,0,1,0,FALSE,"binding-region incomplete","Only 1617/67352 centroids (2.4%) span both primer sites; penalties cannot be interpreted as taxon coverage."
"ARF","ARF1 + Fol-degen","Zygentoma",50,60,50,1,0,0,0,0,0,,,,,,,FALSE,"binding-region incomplete","Only 1617/67352 centroids (2.4%) span both primer sites; penalties cannot be interpreted as taxon coverage."
"BEEPRIME","BeePrime","Amblypygi",3,3,3,1,3,1,3,1,697.1,5.6,822.9,813.416666666667,896.3,0,1,TRUE,"usable",""
"BEEPRIME","BeePrime","Amphipoda",376,1221,352,0.936170212765957,375,0.997340425531915,351,0.933510638297872,824,75.3,904.6,877.669202279202,1057.5,0,0.968660968660969,TRUE,"usable",""
"BEEPRIME","BeePrime","Anostraca",4,30,4,1,4,1,4,1,814.75,0,814.75,816.15,818.67,0,1,TRUE,"usable",""
"BEEPRIME","BeePrime","Araneae",2981,10232,2848,0.955384099295538,2968,0.995639047299564,2836,0.951358604495136,850.45,166.12,1051.885,1163.47117771509,1507.55,0,1,TRUE,"usable",""
"BEEPRIME","BeePrime","Archaeognatha",3,47,2,0.666666666666667,3,1,2,0.666666666666667,725.7,19.62,745.32,745.32,745.32,0,1,TRUE,"usable",""
"BEEPRIME","BeePrime","Arguloida",5,10,4,0.8,5,1,4,0.8,547.275,212.25,678.775,701.825,826.98,0,1,TRUE,"usable",""
"BEEPRIME","BeePrime","Balanomorpha",8,13,7,0.875,8,1,7,0.875,750.8,24.05,774.85,791.152857142857,839.03,0,1,TRUE,"usable",""
"BEEPRIME","BeePrime","Blattodea",80,288,79,0.9875,80,1,79,0.9875,729.1,212.25,927.5,889.371518987342,980.278,0,1,TRUE,"usable",""
"BEEPRIME","BeePrime","Calanoida",99,343,94,0.94949494949495,98,0.98989898989899,94,0.94949494949495,709.45,160.525,858.35,889.380638297872,1051.7,0,1,TRUE,"usable",""
"BEEPRIME","BeePrime","Chordeumatida",10,22,9,0.9,10,1,9,0.9,658.65,63,703.8,741.091111111111,876.446,0,1,TRUE,"usable",""
"BEEPRIME","BeePrime","Coleoptera",2081,7281,2005,0.963479096588179,2065,0.992311388755406,1991,0.956751561749159,654.75,11.77,676.95,689.538156705173,876.35,0,0.93822199899548,TRUE,"usable",""
"BEEPRIME","BeePrime","Cryptophialida",6,7,6,1,6,1,6,1,699.9,43.22,743.12,858.526666666667,1092.14,0,1,TRUE,"usable",""
"BEEPRIME","BeePrime","Cyclopoida",85,264,82,0.964705882352941,85,1,82,0.964705882352941,781.875,110.24,912,899.341341463415,1119.35,0,1,TRUE,"usable",""
"BEEPRIME","BeePrime","Decapoda",336,948,329,0.979166666666667,336,1,329,0.979166666666667,683.3,24.05,757.35,776.098145896657,901.23,0,0.996960486322188,TRUE,"usable",""
"BEEPRIME","BeePrime","Dermaptera",2,82,2,1,2,1,2,1,672.175,107.375,779.55,779.55,842.19,0,1,TRUE,"usable",""
"BEEPRIME","BeePrime","Diplostraca",227,799,214,0.94273127753304,227,1,214,0.94273127753304,678.75,75.25,755.075,776.834158878505,956.425,0,0.995327102803738,TRUE,"usable",""
"BEEPRIME","BeePrime","Diptera",11541,83309,11197,0.970193224157352,11472,0.994021315310632,11135,0.96482107269734,658.65,5.6,676.55,707.426215536596,877.15,0,0.965244723843736,TRUE,"usable",""
"BEEPRIME","BeePrime","Entomobryomorpha",187,4396,172,0.919786096256685,183,0.978609625668449,168,0.898395721925134,703.55,41.67,781.865,868.431666666667,1022.746,0,1,TRUE,"usable",""
"BEEPRIME","BeePrime","Ephemeroptera",134,343,119,0.888059701492537,132,0.985074626865672,117,0.873134328358209,678.9,80.85,789.18,801.593931623932,972.706,0,1,TRUE,"usable",""
"BEEPRIME","BeePrime","Euphausiacea",3,10,3,1,3,1,3,1,709.65,80.85,790.5,790.5,790.5,0,1,TRUE,"usable",""
"BEEPRIME","BeePrime","Geophilomorpha",6,22,6,1,6,1,6,1,815.05,45.15,864.125,943.523333333333,1157.345,0,1,TRUE,"usable",""
"BEEPRIME","BeePrime","Glomerida",3,3,2,0.666666666666667,2,0.666666666666667,2,0.666666666666667,662.9,292.625,955.525,955.525,1021.145,0,1,TRUE,"usable",""
"BEEPRIME","BeePrime","Harpacticoida",28,71,28,1,28,1,28,1,708.375,145.8,882.475,922.921785714286,1122.724,0,1,TRUE,"usable",""
"BEEPRIME","BeePrime","Hemiptera",1671,11609,1534,0.918013165769001,1651,0.988031119090365,1516,0.907241172950329,756.4,10.2,807.3,820.942288918206,998.475,0,0.968337730870712,TRUE,"usable",""
"BEEPRIME","BeePrime","Hymenoptera",6797,25612,5771,0.849051051934677,6757,0.994115050757687,5743,0.844931587465058,97.05,10.2,192.85,348.222409890301,757.65,0.00800975100121887,0.461257182657148,TRUE,"usable",""
"BEEPRIME","BeePrime","Isopoda",172,1068,169,0.982558139534884,172,1,169,0.982558139534884,678.05,178.275,872.9,875.23,1084.108,0,0.840236686390533,TRUE,"usable",""
"BEEPRIME","BeePrime","Ixodida",31,419,31,1,31,1,31,1,623.85,25.22,649.07,730.246129032258,924.33,0,1,TRUE,"usable",""
"BEEPRIME","BeePrime","Julida",15,183,15,1,15,1,15,1,671.05,68.37,784.8,834.678666666667,952.536,0,1,TRUE,"usable",""
"BEEPRIME","BeePrime","Laurida",1,1,1,1,1,1,1,1,817.3,29.38,846.68,846.68,846.68,0,1,TRUE,"usable",""
"BEEPRIME","BeePrime","Lepidoptera",4810,15292,4742,0.985862785862786,4800,0.997920997920998,4735,0.984407484407484,112.7,5.6,118.3,134.591978880676,197.46,0,0.0633579725448786,TRUE,"usable",""
"BEEPRIME","BeePrime","Lithobiomorpha",112,298,110,0.982142857142857,112,1,110,0.982142857142857,666.6,17.62,731.12,737.066,855.975,0,1,TRUE,"usable",""
"BEEPRIME","BeePrime","Lithoglyptida",29,45,27,0.931034482758621,29,1,27,0.931034482758621,676.55,17.37,813.47,812.752222222222,1043.64,0,1,TRUE,"usable",""
"BEEPRIME","BeePrime","Mantodea",4,4,4,1,4,1,4,1,693.025,0,693.025,1345.2625,2538.625,0,1,TRUE,"usable",""
"BEEPRIME","BeePrime","Mecoptera",7,10,7,1,7,1,7,1,805.7,217.85,1046.15,1282.68571428571,1988.99,0,1,TRUE,"usable",""
"BEEPRIME","BeePrime","Megaloptera",5,6,5,1,5,1,5,1,659.3,5.6,670.12,721.368,857.982,0,1,TRUE,"usable",""
"BEEPRIME","BeePrime","Mesostigmata",97,489,96,0.989690721649485,96,0.989690721649485,95,0.979381443298969,666.3,92.87,772.35,739.066736842105,949.57,0,0.894736842105263,TRUE,"usable",""
"BEEPRIME","BeePrime","Mysida",2,2,2,1,2,1,2,1,799.1,487.335,1286.435,1286.435,1608.447,0,1,TRUE,"usable",""
"BEEPRIME","BeePrime","Neelipleona",1,1,1,1,1,1,1,1,721.7,0,721.7,721.7,721.7,0,1,TRUE,"usable",""
"BEEPRIME","BeePrime","Neuroptera",91,368,90,0.989010989010989,90,0.989010989010989,89,0.978021978021978,658.65,5.6,658.65,692.520898876405,819.874,0,1,TRUE,"usable",""
"BEEPRIME","BeePrime","Odonata",61,130,50,0.819672131147541,61,1,50,0.819672131147541,646.9,24.05,696.05,704.0224,768.357,0,1,TRUE,"usable",""
"BEEPRIME","BeePrime","Opilioacarida",1,1,1,1,1,1,1,1,840.55,132.22,972.77,972.77,972.77,0,1,TRUE,"usable",""
"BEEPRIME","BeePrime","Opiliones",57,686,54,0.947368421052632,55,0.964912280701754,53,0.929824561403509,643.15,43.67,763.12,854.076603773585,1018.49,0,1,TRUE,"usable",""
"BEEPRIME","BeePrime","order unresolved",31884,135678,28380,0.890101618366579,31634,0.992159076652867,28203,0.884550244636808,624.5,15.8,654.75,600.818984859766,898.412,0.000106371662589086,0.784774669361415,TRUE,"usable",""
"BEEPRIME","BeePrime","Orthoptera",99,725,87,0.878787878787879,98,0.98989898989899,87,0.878787878787879,691.9,5.6,715.25,764.967586206896,905.11,0,0.988505747126437,TRUE,"usable",""
"BEEPRIME","BeePrime","Pantopoda",98,178,94,0.959183673469388,98,1,94,0.959183673469388,671.05,25.22,729.71,754.613829787234,923.15,0,1,TRUE,"usable",""
"BEEPRIME","BeePrime","Phasmatodea",10,27,10,1,7,0.7,7,0.7,175.5,76.04,242.54,305.868571428571,462.726,0,0.428571428571429,TRUE,"usable",""
"BEEPRIME","BeePrime","Phthiraptera",3,13,3,1,3,1,3,1,3598.6,102.82,3689.65,3296.54,3713.97,0,1,TRUE,"usable",""
"BEEPRIME","BeePrime","Plecoptera",160,546,147,0.91875,157,0.98125,144,0.9,671.05,50.75,725.275,764.045833333333,960.256,0,1,TRUE,"usable",""
"BEEPRIME","BeePrime","Podocopida",17,24,16,0.941176470588235,17,1,16,0.941176470588235,218.5,212.25,281.775,328.9625,456.225,0,0.5,TRUE,"usable",""
"BEEPRIME","BeePrime","Poduromorpha",46,356,45,0.978260869565217,46,1,45,0.978260869565217,863.2,78.05,905.45,923.969777777778,1213.75,0,1,TRUE,"usable",""
"BEEPRIME","BeePrime","Poecilostomatoida",18,40,18,1,18,1,18,1,665.175,237.47,901.145,898.625,1043.73,0,1,TRUE,"usable",""
"BEEPRIME","BeePrime","Polydesmida",6,18,5,0.833333333333333,6,1,5,0.833333333333333,823,227.945,885.65,927.528,1086.88,0,1,TRUE,"usable",""
"BEEPRIME","BeePrime","Polyxenida",1,5,1,1,1,1,1,1,100.3,0,100.3,100.3,100.3,0,0,TRUE,"usable",""
"BEEPRIME","BeePrime","Polyzoniida",1,1,1,1,1,1,1,1,139.15,8.9,148.05,148.05,148.05,0,0,TRUE,"usable",""
"BEEPRIME","BeePrime","Pseudoscorpiones",15,28,15,1,15,1,15,1,836.6,15.8,945.2,942.936666666667,1027.85,0,1,TRUE,"usable",""
"BEEPRIME","BeePrime","Psocoptera",193,2319,184,0.953367875647668,193,1,184,0.953367875647668,882.8,23.22,910.25,954.867608695652,1167.1,0,0.978260869565217,TRUE,"usable",""
"BEEPRIME","BeePrime","Raphidioptera",5,6,4,0.8,5,1,4,0.8,659.3,5.6,664.9,665.3925,694.559,0,1,TRUE,"usable",""
"BEEPRIME","BeePrime","Sarcoptiformes",782,2784,758,0.969309462915601,780,0.997442455242967,756,0.966751918158568,128.7,80.9,220.95,291.207658730159,473.21,0,0.272486772486772,TRUE,"usable",""
"BEEPRIME","BeePrime","Schizomida",2,2,2,1,2,1,2,1,842.675,2.8,845.475,845.475,852.135,0,1,TRUE,"usable",""
"BEEPRIME","BeePrime","Scolopendromorpha",2,2,1,0.5,2,1,1,0.5,911.65,120.695,1135.67,1135.67,1135.67,0,1,TRUE,"usable",""
"BEEPRIME","BeePrime","Scorpiones",86,126,85,0.988372093023256,86,1,85,0.988372093023256,701.1,99.3,771.47,813.232,980.58,0,1,TRUE,"usable",""
"BEEPRIME","BeePrime","Siphonaptera",6,81,5,0.833333333333333,6,1,5,0.833333333333333,823.75,40.45,830,917.77,1050.86,0,1,TRUE,"usable",""
"BEEPRIME","BeePrime","Siphonostomatoida",8,21,8,1,8,1,8,1,760.3,48.635,799.035,882.64625,1074.48,0,1,TRUE,"usable",""
"BEEPRIME","BeePrime","Stomatopoda",2,2,2,1,2,1,2,1,687.775,8.685,696.46,696.46,720.268,0,1,TRUE,"usable",""
"BEEPRIME","BeePrime","Strepsiptera",1,1,1,1,1,1,1,1,484.9,219.97,704.87,704.87,704.87,0,1,TRUE,"usable",""
"BEEPRIME","BeePrime","Symphypleona",122,1070,119,0.975409836065574,120,0.983606557377049,117,0.959016393442623,706.7,5.6,728.05,744.334273504273,880.868,0,1,TRUE,"usable",""
"BEEPRIME","BeePrime","Thysanoptera",184,1647,177,0.96195652173913,184,1,177,0.96195652173913,1416.65,10.2,1443.6,1402.3602259887,1733.46,0,0.915254237288136,TRUE,"usable",""
"BEEPRIME","BeePrime","Trichoptera",555,1209,489,0.881081081081081,555,1,489,0.881081081081081,623.85,11.77,642.4,622.159079754601,800.8,0,0.881390593047035,TRUE,"usable",""
"BEEPRIME","BeePrime","Trombidiformes",821,2407,775,0.943970767356882,817,0.995127892813642,772,0.940316686967113,275.4,75.25,373.18,460.378303108808,859.35,0,0.452072538860104,TRUE,"usable",""
"BEEPRIME","BeePrime","Uropygi",3,3,3,1,3,1,3,1,721.25,192.14,995.44,921.076666666667,1003.68,0,1,TRUE,"usable",""
"BEEPRIME","BeePrime","Zygentoma",50,60,50,1,50,1,50,1,697.9,14.57,773.15,777.4676,953.41,0,1,TRUE,"usable",""
"BF1_BR1","BF1 + BR1","Amblypygi",3,3,3,1,3,1,3,1,0,254.7,254.7,169.8,254.7,0.333333333333333,0.666666666666667,TRUE,"usable",""
"BF1_BR1","BF1 + BR1","Amphipoda",376,1221,375,0.997340425531915,358,0.952127659574468,357,0.949468085106383,17.62,0,29.38,94.4162464985994,254.7,0.352941176470588,0.0952380952380952,TRUE,"usable",""
"BF1_BR1","BF1 + BR1","Anostraca",4,30,4,1,0,0,0,0,0,,,,,,,TRUE,"usable",""
"BF1_BR1","BF1 + BR1","Araneae",2981,10232,2968,0.995639047299564,2619,0.878564240187856,2611,0.875880576987588,17.97,0,23.82,69.9301685178093,260.9,0.0160857908847185,0.126005361930295,TRUE,"usable",""
"BF1_BR1","BF1 + BR1","Archaeognatha",3,47,3,1,3,1,3,1,0,0,0,349.583333333333,839,0.666666666666667,0.333333333333333,TRUE,"usable",""
"BF1_BR1","BF1 + BR1","Arguloida",5,10,5,1,5,1,5,1,0,0,17.62,60.34,164.572,0.4,0.2,TRUE,"usable",""
"BF1_BR1","BF1 + BR1","Balanomorpha",8,13,8,1,8,1,8,1,0,0,0,5.87625,17.62,0.625,0,TRUE,"usable",""
"BF1_BR1","BF1 + BR1","Blattodea",80,288,80,1,77,0.9625,77,0.9625,0,0,0,18.8392207792208,39.21,0.766233766233766,0.025974025974026,TRUE,"usable",""
"BF1_BR1","BF1 + BR1","Calanoida",99,343,98,0.98989898989899,97,0.97979797979798,96,0.96969696969697,17.62,0,87.63,138.399791666667,335.1,0,0.364583333333333,TRUE,"usable",""
"BF1_BR1","BF1 + BR1","Chordeumatida",10,22,10,1,8,0.8,8,0.8,17.62,239,263.5,375.92375,729.88,0,0,TRUE,"usable",""
"BF1_BR1","BF1 + BR1","Coleoptera",2081,7281,2066,0.992791926958193,1707,0.820278712157616,1699,0.81643440653532,0,0,0,26.3090935844615,75.25,0.677457327839906,0.0394349617422013,TRUE,"usable",""
"BF1_BR1","BF1 + BR1","Cryptophialida",6,7,6,1,6,1,6,1,35.6,0,35.6,161.626666666667,413.68,0,0.166666666666667,TRUE,"usable",""
"BF1_BR1","BF1 + BR1","Cyclopoida",85,264,85,1,81,0.952941176470588,81,0.952941176470588,17.62,0,45.15,113.28024691358,284.08,0.345679012345679,0.222222222222222,TRUE,"usable",""
"BF1_BR1","BF1 + BR1","Decapoda",336,948,336,1,325,0.967261904761905,325,0.967261904761905,0,0,0,56.4646153846154,254.7,0.504615384615385,0.113846153846154,TRUE,"usable",""
"BF1_BR1","BF1 + BR1","Dermaptera",2,82,2,1,2,1,2,1,28.46,0,28.46,28.46,51.228,0.5,0,TRUE,"usable",""
"BF1_BR1","BF1 + BR1","Diplostraca",227,799,227,1,220,0.969162995594714,220,0.969162995594714,0,0,0,51.1075,254.7,0.527272727272727,0.131818181818182,TRUE,"usable",""
"BF1_BR1","BF1 + BR1","Diptera",11541,83309,11476,0.994367905727407,8847,0.766571354302054,8815,0.763798630967854,0,0,0,26.7558763471357,75.25,0.728190584231424,0.0564946114577425,TRUE,"usable",""
"BF1_BR1","BF1 + BR1","Entomobryomorpha",187,4396,183,0.978609625668449,137,0.732620320855615,134,0.716577540106952,17.62,0,45.15,124.380671641791,329.95,0.305970149253731,0.171641791044776,TRUE,"usable",""
"BF1_BR1","BF1 + BR1","Ephemeroptera",134,343,132,0.985074626865672,122,0.91044776119403,120,0.895522388059702,14.695,0,17.62,46.8116666666667,107.92,0.441666666666667,0.0666666666666667,TRUE,"usable",""
"BF1_BR1","BF1 + BR1","Euphausiacea",3,10,3,1,3,1,3,1,17.62,0,17.62,17.62,17.62,0,0,TRUE,"usable",""
"BF1_BR1","BF1 + BR1","Geophilomorpha",6,22,6,1,6,1,6,1,29.38,58.565,131.455,112.055,146.51,0.166666666666667,0,TRUE,"usable",""
"BF1_BR1","BF1 + BR1","Glomerida",3,3,2,0.666666666666667,3,1,2,0.666666666666667,43.155,0,403.205,403.205,680.233,0,0.5,TRUE,"usable",""
"BF1_BR1","BF1 + BR1","Harpacticoida",28,71,28,1,28,1,28,1,23.5,30.375,94.8,107.025714285714,194.569,0.0357142857142857,0,TRUE,"usable",""
"BF1_BR1","BF1 + BR1","Hemiptera",1671,11609,1653,0.989228007181329,1226,0.733692399760622,1215,0.727109515260323,0,0,0,56.0296543209875,71.1460000000014,0.521810699588477,0.0419753086419753,TRUE,"usable",""
"BF1_BR1","BF1 + BR1","Hymenoptera",6797,25612,6759,0.994409298219803,5828,0.857437104604973,5807,0.854347506252759,0,0,35.6,318.85113828138,891.55,0.38591355260892,0.139142414327536,TRUE,"usable",""
"BF1_BR1","BF1 + BR1","Isopoda",172,1068,172,1,170,0.988372093023256,170,0.988372093023256,24.5,0,49,195.194352941176,391.27,0.170588235294118,0.247058823529412,TRUE,"usable",""
"BF1_BR1","BF1 + BR1","Ixodida",31,419,31,1,31,1,31,1,0,0,0,31.6506451612903,134.75,0.67741935483871,0.032258064516129,TRUE,"usable",""
"BF1_BR1","BF1 + BR1","Julida",15,183,15,1,15,1,15,1,45.15,0,45.15,62.2806666666667,100.726,0.266666666666667,0.0666666666666667,TRUE,"usable",""
"BF1_BR1","BF1 + BR1","Laurida",1,1,1,1,1,1,1,1,45.15,0,45.15,45.15,45.15,0,0,TRUE,"usable",""
"BF1_BR1","BF1 + BR1","Lepidoptera",4810,15292,4800,0.997920997920998,4432,0.921413721413721,4423,0.91954261954262,0,0,0,21.4822202125254,45.15,0.828623106488809,0.0572009947999096,TRUE,"usable",""
"BF1_BR1","BF1 + BR1","Lithobiomorpha",112,298,112,1,112,1,112,1,0,0,0,28.8408928571429,104.63,0.580357142857143,0,TRUE,"usable",""
"BF1_BR1","BF1 + BR1","Lithoglyptida",29,45,29,1,29,1,29,1,0,0,11.77,74.8786206896552,328.1,0.482758620689655,0.206896551724138,TRUE,"usable",""
"BF1_BR1","BF1 + BR1","Mantodea",4,4,4,1,4,1,4,1,0,0,0,810.605,2269.694,0.75,0.25,TRUE,"usable",""
"BF1_BR1","BF1 + BR1","Mecoptera",7,10,7,1,3,0.428571428571429,3,0.428571428571429,0,0,0,21.59,51.816,0.666666666666667,0,TRUE,"usable",""
"BF1_BR1","BF1 + BR1","Megaloptera",5,6,5,1,5,1,5,1,0,0,0,30.1,75.25,0.6,0,TRUE,"usable",""
"BF1_BR1","BF1 + BR1","Mesostigmata",97,489,96,0.989690721649485,90,0.927835051546392,89,0.917525773195876,11.77,0,19.62,216.877303370787,1025.2,0.337078651685393,0.191011235955056,TRUE,"usable",""
"BF1_BR1","BF1 + BR1","Mysida",2,2,2,1,2,1,2,1,96.905,45.15,142.055,142.055,181.403,0,0,TRUE,"usable",""
"BF1_BR1","BF1 + BR1","Neelipleona",1,1,1,1,0,0,0,0,0,,,,,,,TRUE,"usable",""
"BF1_BR1","BF1 + BR1","Neuroptera",91,368,90,0.989010989010989,62,0.681318681318681,62,0.681318681318681,0,0,0,27.6485483870968,17.035,0.870967741935484,0.0645161290322581,TRUE,"usable",""
"BF1_BR1","BF1 + BR1","Odonata",61,130,61,1,34,0.557377049180328,34,0.557377049180328,0,0,0,17.5697058823529,45.15,0.558823529411765,0,TRUE,"usable",""
"BF1_BR1","BF1 + BR1","Opilioacarida",1,1,1,1,1,1,1,1,49,0,49,49,49,0,0,TRUE,"usable",""
"BF1_BR1","BF1 + BR1","Opiliones",57,686,55,0.964912280701754,48,0.842105263157895,46,0.807017543859649,0,0,14.695,82.8252173913043,135.655,0.478260869565217,0.0217391304347826,TRUE,"usable",""
"BF1_BR1","BF1 + BR1","order unresolved",31884,135678,31657,0.992880441600803,26904,0.843808806925104,26780,0.839919708944925,0,0,17.62,185.014846900667,745.25,0.471956684092606,0.0992531740104556,TRUE,"usable",""
"BF1_BR1","BF1 + BR1","Orthoptera",99,725,99,1,78,0.787878787878788,78,0.787878787878788,0,0,0,7.04692307692308,5.28599999999995,0.897435897435897,0.0128205128205128,TRUE,"usable",""
"BF1_BR1","BF1 + BR1","Pantopoda",98,178,98,1,97,0.989795918367347,97,0.989795918367347,0,0,17.62,46.5118556701031,127.238,0.45360824742268,0.0412371134020619,TRUE,"usable",""
"BF1_BR1","BF1 + BR1","Phasmatodea",10,27,7,0.7,10,1,7,0.7,142.4,0,142.4,226.085714285714,435.3,0,0,TRUE,"usable",""
"BF1_BR1","BF1 + BR1","Phthiraptera",3,13,3,1,3,1,3,1,53.22,142.4,480.42,483.12,714.74,0,0.333333333333333,TRUE,"usable",""
"BF1_BR1","BF1 + BR1","Plecoptera",160,546,157,0.98125,132,0.825,131,0.81875,0,0,17.62,74.8797709923664,254.7,0.404580152671756,0.206106870229008,TRUE,"usable",""
"BF1_BR1","BF1 + BR1","Podocopida",17,24,17,1,17,1,17,1,35.6,0,35.6,75.4341176470588,254.7,0.117647058823529,0.176470588235294,TRUE,"usable",""
"BF1_BR1","BF1 + BR1","Poduromorpha",46,356,46,1,40,0.869565217391304,40,0.869565217391304,17.62,0,17.62,18.5845,56.908,0.475,0,TRUE,"usable",""
"BF1_BR1","BF1 + BR1","Poecilostomatoida",18,40,18,1,18,1,18,1,17.62,76.19,98.76,156.354444444444,303.573,0,0.444444444444444,TRUE,"usable",""
"BF1_BR1","BF1 + BR1","Polydesmida",6,18,6,1,5,0.833333333333333,5,0.833333333333333,0,0,0,9.03,27.09,0.8,0,TRUE,"usable",""
"BF1_BR1","BF1 + BR1","Polyxenida",1,5,1,1,1,1,1,1,0,0,0,0,0,1,0,TRUE,"usable",""
"BF1_BR1","BF1 + BR1","Polyzoniida",1,1,1,1,1,1,1,1,42.25,0,42.25,42.25,42.25,0,0,TRUE,"usable",""
"BF1_BR1","BF1 + BR1","Pseudoscorpiones",15,28,15,1,12,0.8,12,0.8,35.6,0,44.41,105.149166666667,290.3,0,0.25,TRUE,"usable",""
"BF1_BR1","BF1 + BR1","Psocoptera",193,2319,193,1,155,0.803108808290155,155,0.803108808290155,0,0,11.77,73.4687741935484,218.62,0.451612903225806,0.0967741935483871,TRUE,"usable",""
"BF1_BR1","BF1 + BR1","Raphidioptera",5,6,5,1,4,0.8,4,0.8,0,0,0,0,0,1,0,TRUE,"usable",""
"BF1_BR1","BF1 + BR1","Sarcoptiformes",782,2784,781,0.998721227621483,711,0.90920716112532,711,0.90920716112532,19.62,0,29.38,60.0831926863572,165.95,0.309423347398031,0.080168776371308,TRUE,"usable",""
"BF1_BR1","BF1 + BR1","Schizomida",2,2,2,1,2,1,2,1,0,0,0,0,0,1,0,TRUE,"usable",""
"BF1_BR1","BF1 + BR1","Scolopendromorpha",2,2,2,1,2,1,2,1,0,0,0,0,0,1,0,TRUE,"usable",""
"BF1_BR1","BF1 + BR1","Scorpiones",86,126,86,1,86,1,86,1,24.5,0,29.38,37.6958139534884,64.63,0.197674418604651,0.0581395348837209,TRUE,"usable",""
"BF1_BR1","BF1 + BR1","Siphonaptera",6,81,6,1,4,0.666666666666667,4,0.666666666666667,0,0,0,4.905,13.734,0.75,0,TRUE,"usable",""
"BF1_BR1","BF1 + BR1","Siphonostomatoida",8,21,8,1,8,1,8,1,0,299.85,327.46,406.52,855.95,0.25,0.625,TRUE,"usable",""
"BF1_BR1","BF1 + BR1","Stomatopoda",2,2,2,1,2,1,2,1,0,0,0,0,0,1,0,TRUE,"usable",""
"BF1_BR1","BF1 + BR1","Strepsiptera",1,1,1,1,1,1,1,1,41.8,1575.3,1617.1,1617.1,1617.1,0,1,TRUE,"usable",""
"BF1_BR1","BF1 + BR1","Symphypleona",122,1070,121,0.991803278688525,100,0.819672131147541,100,0.819672131147541,0,0,0,18.2028,49,0.65,0.01,TRUE,"usable",""
"BF1_BR1","BF1 + BR1","Thysanoptera",184,1647,184,1,151,0.820652173913043,151,0.820652173913043,0,1025.2,1040.9,1091.11013245033,1484.78,0,0.95364238410596,TRUE,"usable",""
"BF1_BR1","BF1 + BR1","Trichoptera",555,1209,555,1,536,0.965765765765766,536,0.965765765765766,0,0,0,49.4835634328358,254.7,0.60634328358209,0.115671641791045,TRUE,"usable",""
"BF1_BR1","BF1 + BR1","Trombidiformes",821,2407,817,0.995127892813642,716,0.8721071863581,714,0.869671132764921,17.62,0,17.62,78.5146078431373,249.095,0.379551820728291,0.030812324929972,TRUE,"usable",""
"BF1_BR1","BF1 + BR1","Uropygi",3,3,3,1,3,1,3,1,435.3,0,435.3,344.206666666667,450.996,0,0,TRUE,"usable",""
"BF1_BR1","BF1 + BR1","Zygentoma",50,60,50,1,48,0.96,48,0.96,0,0,0,66.28,205.874000000001,0.520833333333333,0.104166666666667,TRUE,"usable",""
"BF1_BR2","BF1 + BR2","Amblypygi",3,3,3,1,3,1,3,1,0,0,0,0,0,1,0,FALSE,"binding-region incomplete","Only 1812/67352 centroids (2.7%) span both primer sites; penalties cannot be interpreted as taxon coverage."
"BF1_BR2","BF1 + BR2","Amphipoda",376,1221,375,0.997340425531915,0,0,0,0,17.62,,,,,,,FALSE,"binding-region incomplete","Only 1812/67352 centroids (2.7%) span both primer sites; penalties cannot be interpreted as taxon coverage."
"BF1_BR2","BF1 + BR2","Anostraca",4,30,4,1,0,0,0,0,0,,,,,,,FALSE,"binding-region incomplete","Only 1812/67352 centroids (2.7%) span both primer sites; penalties cannot be interpreted as taxon coverage."
"BF1_BR2","BF1 + BR2","Araneae",2981,10232,2968,0.995639047299564,441,0.147936933914794,440,0.14760147601476,17.97,0,41.8,81.1985,69.191,0.00681818181818182,0.0159090909090909,FALSE,"binding-region incomplete","Only 1812/67352 centroids (2.7%) span both primer sites; penalties cannot be interpreted as taxon coverage."
"BF1_BR2","BF1 + BR2","Archaeognatha",3,47,3,1,0,0,0,0,0,,,,,,,FALSE,"binding-region incomplete","Only 1812/67352 centroids (2.7%) span both primer sites; penalties cannot be interpreted as taxon coverage."
"BF1_BR2","BF1 + BR2","Arguloida",5,10,5,1,0,0,0,0,0,,,,,,,FALSE,"binding-region incomplete","Only 1812/67352 centroids (2.7%) span both primer sites; penalties cannot be interpreted as taxon coverage."
"BF1_BR2","BF1 + BR2","Balanomorpha",8,13,8,1,0,0,0,0,0,,,,,,,FALSE,"binding-region incomplete","Only 1812/67352 centroids (2.7%) span both primer sites; penalties cannot be interpreted as taxon coverage."
"BF1_BR2","BF1 + BR2","Blattodea",80,288,80,1,39,0.4875,39,0.4875,0,0,0,11.8392307692308,0,0.923076923076923,0,FALSE,"binding-region incomplete","Only 1812/67352 centroids (2.7%) span both primer sites; penalties cannot be interpreted as taxon coverage."
"BF1_BR2","BF1 + BR2","Calanoida",99,343,98,0.98989898989899,17,0.171717171717172,17,0.171717171717172,17.62,606,617.77,514.981764705882,953.15,0,0.647058823529412,FALSE,"binding-region incomplete","Only 1812/67352 centroids (2.7%) span both primer sites; penalties cannot be interpreted as taxon coverage."
"BF1_BR2","BF1 + BR2","Chordeumatida",10,22,10,1,0,0,0,0,17.62,,,,,,,FALSE,"binding-region incomplete","Only 1812/67352 centroids (2.7%) span both primer sites; penalties cannot be interpreted as taxon coverage."
"BF1_BR2","BF1 + BR2","Coleoptera",2081,7281,2066,0.992791926958193,20,0.00961076405574243,19,0.00913022585295531,0,0,0,10.9763157894737,37.724,0.789473684210526,0,FALSE,"binding-region incomplete","Only 1812/67352 centroids (2.7%) span both primer sites; penalties cannot be interpreted as taxon coverage."
"BF1_BR2","BF1 + BR2","Cryptophialida",6,7,6,1,0,0,0,0,35.6,,,,,,,FALSE,"binding-region incomplete","Only 1812/67352 centroids (2.7%) span both primer sites; penalties cannot be interpreted as taxon coverage."
"BF1_BR2","BF1 + BR2","Cyclopoida",85,264,85,1,0,0,0,0,17.62,,,,,,,FALSE,"binding-region incomplete","Only 1812/67352 centroids (2.7%) span both primer sites; penalties cannot be interpreted as taxon coverage."
"BF1_BR2","BF1 + BR2","Decapoda",336,948,336,1,14,0.0416666666666667,14,0.0416666666666667,0,0,0,18.4128571428571,51.316,0.571428571428571,0,FALSE,"binding-region incomplete","Only 1812/67352 centroids (2.7%) span both primer sites; penalties cannot be interpreted as taxon coverage."
"BF1_BR2","BF1 + BR2","Dermaptera",2,82,2,1,0,0,0,0,28.46,,,,,,,FALSE,"binding-region incomplete","Only 1812/67352 centroids (2.7%) span both primer sites; penalties cannot be interpreted as taxon coverage."
"BF1_BR2","BF1 + BR2","Diplostraca",227,799,227,1,0,0,0,0,0,,,,,,,FALSE,"binding-region incomplete","Only 1812/67352 centroids (2.7%) span both primer sites; penalties cannot be interpreted as taxon coverage."
"BF1_BR2","BF1 + BR2","Diptera",11541,83309,11476,0.994367905727407,203,0.01758946365133,203,0.01758946365133,0,0,0,3.82172413793104,0,0.911330049261084,0,FALSE,"binding-region incomplete","Only 1812/67352 centroids (2.7%) span both primer sites; penalties cannot be interpreted as taxon coverage."
"BF1_BR2","BF1 + BR2","Entomobryomorpha",187,4396,183,0.978609625668449,0,0,0,0,17.62,,,,,,,FALSE,"binding-region incomplete","Only 1812/67352 centroids (2.7%) span both primer sites; penalties cannot be interpreted as taxon coverage."
"BF1_BR2","BF1 + BR2","Ephemeroptera",134,343,132,0.985074626865672,0,0,0,0,14.695,,,,,,,FALSE,"binding-region incomplete","Only 1812/67352 centroids (2.7%) span both primer sites; penalties cannot be interpreted as taxon coverage."
"BF1_BR2","BF1 + BR2","Euphausiacea",3,10,3,1,0,0,0,0,17.62,,,,,,,FALSE,"binding-region incomplete","Only 1812/67352 centroids (2.7%) span both primer sites; penalties cannot be interpreted as taxon coverage."
"BF1_BR2","BF1 + BR2","Geophilomorpha",6,22,6,1,3,0.5,3,0.5,29.38,0,29.38,29.38,29.38,0,0,FALSE,"binding-region incomplete","Only 1812/67352 centroids (2.7%) span both primer sites; penalties cannot be interpreted as taxon coverage."
"BF1_BR2","BF1 + BR2","Glomerida",3,3,2,0.666666666666667,0,0,0,0,43.155,,,,,,,FALSE,"binding-region incomplete","Only 1812/67352 centroids (2.7%) span both primer sites; penalties cannot be interpreted as taxon coverage."
"BF1_BR2","BF1 + BR2","Harpacticoida",28,71,28,1,0,0,0,0,23.5,,,,,,,FALSE,"binding-region incomplete","Only 1812/67352 centroids (2.7%) span both primer sites; penalties cannot be interpreted as taxon coverage."
"BF1_BR2","BF1 + BR2","Hemiptera",1671,11609,1653,0.989228007181329,24,0.0143626570915619,24,0.0143626570915619,0,1881.05,2023.45,1807.44958333333,2530.05,0,0.833333333333333,FALSE,"binding-region incomplete","Only 1812/67352 centroids (2.7%) span both primer sites; penalties cannot be interpreted as taxon coverage."
"BF1_BR2","BF1 + BR2","Hymenoptera",6797,25612,6759,0.994409298219803,82,0.0120641459467412,79,0.0116227747535678,0,0,0,140.555063291139,79.246,0.569620253164557,0.0253164556962025,FALSE,"binding-region incomplete","Only 1812/67352 centroids (2.7%) span both primer sites; penalties cannot be interpreted as taxon coverage."
"BF1_BR2","BF1 + BR2","Isopoda",172,1068,172,1,0,0,0,0,24.5,,,,,,,FALSE,"binding-region incomplete","Only 1812/67352 centroids (2.7%) span both primer sites; penalties cannot be interpreted as taxon coverage."
"BF1_BR2","BF1 + BR2","Ixodida",31,419,31,1,0,0,0,0,0,,,,,,,FALSE,"binding-region incomplete","Only 1812/67352 centroids (2.7%) span both primer sites; penalties cannot be interpreted as taxon coverage."
"BF1_BR2","BF1 + BR2","Julida",15,183,15,1,0,0,0,0,45.15,,,,,,,FALSE,"binding-region incomplete","Only 1812/67352 centroids (2.7%) span both primer sites; penalties cannot be interpreted as taxon coverage."
"BF1_BR2","BF1 + BR2","Laurida",1,1,1,1,0,0,0,0,45.15,,,,,,,FALSE,"binding-region incomplete","Only 1812/67352 centroids (2.7%) span both primer sites; penalties cannot be interpreted as taxon coverage."
"BF1_BR2","BF1 + BR2","Lepidoptera",4810,15292,4800,0.997920997920998,27,0.00561330561330561,26,0.00540540540540541,0,0,0,4.39,19.62,0.846153846153846,0,FALSE,"binding-region incomplete","Only 1812/67352 centroids (2.7%) span both primer sites; penalties cannot be interpreted as taxon coverage."
"BF1_BR2","BF1 + BR2","Lithobiomorpha",112,298,112,1,1,0.00892857142857143,1,0.00892857142857143,0,0,0,0,0,1,0,FALSE,"binding-region incomplete","Only 1812/67352 centroids (2.7%) span both primer sites; penalties cannot be interpreted as taxon coverage."
"BF1_BR2","BF1 + BR2","Lithoglyptida",29,45,29,1,0,0,0,0,0,,,,,,,FALSE,"binding-region incomplete","Only 1812/67352 centroids (2.7%) span both primer sites; penalties cannot be interpreted as taxon coverage."
"BF1_BR2","BF1 + BR2","Mantodea",4,4,4,1,0,0,0,0,0,,,,,,,FALSE,"binding-region incomplete","Only 1812/67352 centroids (2.7%) span both primer sites; penalties cannot be interpreted as taxon coverage."
"BF1_BR2","BF1 + BR2","Mecoptera",7,10,7,1,0,0,0,0,0,,,,,,,FALSE,"binding-region incomplete","Only 1812/67352 centroids (2.7%) span both primer sites; penalties cannot be interpreted as taxon coverage."
"BF1_BR2","BF1 + BR2","Megaloptera",5,6,5,1,0,0,0,0,0,,,,,,,FALSE,"binding-region incomplete","Only 1812/67352 centroids (2.7%) span both primer sites; penalties cannot be interpreted as taxon coverage."
"BF1_BR2","BF1 + BR2","Mesostigmata",97,489,96,0.989690721649485,0,0,0,0,11.77,,,,,,,FALSE,"binding-region incomplete","Only 1812/67352 centroids (2.7%) span both primer sites; penalties cannot be interpreted as taxon coverage."
"BF1_BR2","BF1 + BR2","Mysida",2,2,2,1,0,0,0,0,96.905,,,,,,,FALSE,"binding-region incomplete","Only 1812/67352 centroids (2.7%) span both primer sites; penalties cannot be interpreted as taxon coverage."
"BF1_BR2","BF1 + BR2","Neelipleona",1,1,1,1,0,0,0,0,0,,,,,,,FALSE,"binding-region incomplete","Only 1812/67352 centroids (2.7%) span both primer sites; penalties cannot be interpreted as taxon coverage."
"BF1_BR2","BF1 + BR2","Neuroptera",91,368,90,0.989010989010989,1,0.010989010989011,1,0.010989010989011,0,0,0,0,0,1,0,FALSE,"binding-region incomplete","Only 1812/67352 centroids (2.7%) span both primer sites; penalties cannot be interpreted as taxon coverage."
"BF1_BR2","BF1 + BR2","Odonata",61,130,61,1,0,0,0,0,0,,,,,,,FALSE,"binding-region incomplete","Only 1812/67352 centroids (2.7%) span both primer sites; penalties cannot be interpreted as taxon coverage."
"BF1_BR2","BF1 + BR2","Opilioacarida",1,1,1,1,0,0,0,0,49,,,,,,,FALSE,"binding-region incomplete","Only 1812/67352 centroids (2.7%) span both primer sites; penalties cannot be interpreted as taxon coverage."
"BF1_BR2","BF1 + BR2","Opiliones",57,686,55,0.964912280701754,1,0.0175438596491228,1,0.0175438596491228,0,3.48,3.48,3.48,3.48,0,0,FALSE,"binding-region incomplete","Only 1812/67352 centroids (2.7%) span both primer sites; penalties cannot be interpreted as taxon coverage."
"BF1_BR2","BF1 + BR2","order unresolved",31884,135678,31657,0.992880441600803,846,0.0265336846066993,846,0.0265336846066993,0,0,29.38,50.5220567375887,92.87,0.245862884160756,0.00472813238770686,FALSE,"binding-region incomplete","Only 1812/67352 centroids (2.7%) span both primer sites; penalties cannot be interpreted as taxon coverage."
"BF1_BR2","BF1 + BR2","Orthoptera",99,725,99,1,3,0.0303030303030303,3,0.0303030303030303,0,0,0,0,0,1,0,FALSE,"binding-region incomplete","Only 1812/67352 centroids (2.7%) span both primer sites; penalties cannot be interpreted as taxon coverage."
"BF1_BR2","BF1 + BR2","Pantopoda",98,178,98,1,0,0,0,0,0,,,,,,,FALSE,"binding-region incomplete","Only 1812/67352 centroids (2.7%) span both primer sites; penalties cannot be interpreted as taxon coverage."
"BF1_BR2","BF1 + BR2","Phasmatodea",10,27,7,0.7,3,0.3,0,0,142.4,5720.1,,,,,,FALSE,"binding-region incomplete","Only 1812/67352 centroids (2.7%) span both primer sites; penalties cannot be interpreted as taxon coverage."
"BF1_BR2","BF1 + BR2","Phthiraptera",3,13,3,1,0,0,0,0,53.22,,,,,,,FALSE,"binding-region incomplete","Only 1812/67352 centroids (2.7%) span both primer sites; penalties cannot be interpreted as taxon coverage."
"BF1_BR2","BF1 + BR2","Plecoptera",160,546,157,0.98125,1,0.00625,1,0.00625,0,0,0,0,0,1,0,FALSE,"binding-region incomplete","Only 1812/67352 centroids (2.7%) span both primer sites; penalties cannot be interpreted as taxon coverage."
"BF1_BR2","BF1 + BR2","Podocopida",17,24,17,1,0,0,0,0,35.6,,,,,,,FALSE,"binding-region incomplete","Only 1812/67352 centroids (2.7%) span both primer sites; penalties cannot be interpreted as taxon coverage."
"BF1_BR2","BF1 + BR2","Poduromorpha",46,356,46,1,0,0,0,0,17.62,,,,,,,FALSE,"binding-region incomplete","Only 1812/67352 centroids (2.7%) span both primer sites; penalties cannot be interpreted as taxon coverage."
"BF1_BR2","BF1 + BR2","Poecilostomatoida",18,40,18,1,0,0,0,0,17.62,,,,,,,FALSE,"binding-region incomplete","Only 1812/67352 centroids (2.7%) span both primer sites; penalties cannot be interpreted as taxon coverage."
"BF1_BR2","BF1 + BR2","Polydesmida",6,18,6,1,0,0,0,0,0,,,,,,,FALSE,"binding-region incomplete","Only 1812/67352 centroids (2.7%) span both primer sites; penalties cannot be interpreted as taxon coverage."
"BF1_BR2","BF1 + BR2","Polyxenida",1,5,1,1,0,0,0,0,0,,,,,,,FALSE,"binding-region incomplete","Only 1812/67352 centroids (2.7%) span both primer sites; penalties cannot be interpreted as taxon coverage."
"BF1_BR2","BF1 + BR2","Polyzoniida",1,1,1,1,0,0,0,0,42.25,,,,,,,FALSE,"binding-region incomplete","Only 1812/67352 centroids (2.7%) span both primer sites; penalties cannot be interpreted as taxon coverage."
"BF1_BR2","BF1 + BR2","Pseudoscorpiones",15,28,15,1,0,0,0,0,35.6,,,,,,,FALSE,"binding-region incomplete","Only 1812/67352 centroids (2.7%) span both primer sites; penalties cannot be interpreted as taxon coverage."
"BF1_BR2","BF1 + BR2","Psocoptera",193,2319,193,1,0,0,0,0,0,,,,,,,FALSE,"binding-region incomplete","Only 1812/67352 centroids (2.7%) span both primer sites; penalties cannot be interpreted as taxon coverage."
"BF1_BR2","BF1 + BR2","Raphidioptera",5,6,5,1,0,0,0,0,0,,,,,,,FALSE,"binding-region incomplete","Only 1812/67352 centroids (2.7%) span both primer sites; penalties cannot be interpreted as taxon coverage."
"BF1_BR2","BF1 + BR2","Sarcoptiformes",782,2784,781,0.998721227621483,0,0,0,0,19.62,,,,,,,FALSE,"binding-region incomplete","Only 1812/67352 centroids (2.7%) span both primer sites; penalties cannot be interpreted as taxon coverage."
"BF1_BR2","BF1 + BR2","Schizomida",2,2,2,1,2,1,2,1,0,0,0,0,0,1,0,FALSE,"binding-region incomplete","Only 1812/67352 centroids (2.7%) span both primer sites; penalties cannot be interpreted as taxon coverage."
"BF1_BR2","BF1 + BR2","Scolopendromorpha",2,2,2,1,0,0,0,0,0,,,,,,,FALSE,"binding-region incomplete","Only 1812/67352 centroids (2.7%) span both primer sites; penalties cannot be interpreted as taxon coverage."
"BF1_BR2","BF1 + BR2","Scorpiones",86,126,86,1,83,0.965116279069767,83,0.965116279069767,24.5,0,29.38,21.1255421686747,29.38,0.265060240963855,0,FALSE,"binding-region incomplete","Only 1812/67352 centroids (2.7%) span both primer sites; penalties cannot be interpreted as taxon coverage."
"BF1_BR2","BF1 + BR2","Siphonaptera",6,81,6,1,0,0,0,0,0,,,,,,,FALSE,"binding-region incomplete","Only 1812/67352 centroids (2.7%) span both primer sites; penalties cannot be interpreted as taxon coverage."
"BF1_BR2","BF1 + BR2","Siphonostomatoida",8,21,8,1,0,0,0,0,0,,,,,,,FALSE,"binding-region incomplete","Only 1812/67352 centroids (2.7%) span both primer sites; penalties cannot be interpreted as taxon coverage."
"BF1_BR2","BF1 + BR2","Stomatopoda",2,2,2,1,1,0.5,1,0.5,0,0,0,0,0,1,0,FALSE,"binding-region incomplete","Only 1812/67352 centroids (2.7%) span both primer sites; penalties cannot be interpreted as taxon coverage."
"BF1_BR2","BF1 + BR2","Strepsiptera",1,1,1,1,0,0,0,0,41.8,,,,,,,FALSE,"binding-region incomplete","Only 1812/67352 centroids (2.7%) span both primer sites; penalties cannot be interpreted as taxon coverage."
"BF1_BR2","BF1 + BR2","Symphypleona",122,1070,121,0.991803278688525,0,0,0,0,0,,,,,,,FALSE,"binding-region incomplete","Only 1812/67352 centroids (2.7%) span both primer sites; penalties cannot be interpreted as taxon coverage."
"BF1_BR2","BF1 + BR2","Thysanoptera",184,1647,184,1,0,0,0,0,0,,,,,,,FALSE,"binding-region incomplete","Only 1812/67352 centroids (2.7%) span both primer sites; penalties cannot be interpreted as taxon coverage."
"BF1_BR2","BF1 + BR2","Trichoptera",555,1209,555,1,0,0,0,0,0,,,,,,,FALSE,"binding-region incomplete","Only 1812/67352 centroids (2.7%) span both primer sites; penalties cannot be interpreted as taxon coverage."
"BF1_BR2","BF1 + BR2","Trombidiformes",821,2407,817,0.995127892813642,3,0.00365408038976857,3,0.00365408038976857,17.62,0,61.9,61.9,61.9,0,0,FALSE,"binding-region incomplete","Only 1812/67352 centroids (2.7%) span both primer sites; penalties cannot be interpreted as taxon coverage."
"BF1_BR2","BF1 + BR2","Uropygi",3,3,3,1,3,1,3,1,435.3,0,435.3,344.206666666667,450.996,0,0,FALSE,"binding-region incomplete","Only 1812/67352 centroids (2.7%) span both primer sites; penalties cannot be interpreted as taxon coverage."
"BF1_BR2","BF1 + BR2","Zygentoma",50,60,50,1,0,0,0,0,0,,,,,,,FALSE,"binding-region incomplete","Only 1812/67352 centroids (2.7%) span both primer sites; penalties cannot be interpreted as taxon coverage."
"BF2_BR1","BF2 + BR1","Amblypygi",3,3,3,1,3,1,3,1,0,254.7,254.7,169.8,254.7,0.333333333333333,0.666666666666667,TRUE,"usable",""
"BF2_BR1","BF2 + BR1","Amphipoda",376,1221,353,0.938829787234043,358,0.952127659574468,335,0.890957446808511,68,0,68,165.849850746269,322.7,0.00895522388059702,0.0895522388059701,TRUE,"usable",""
"BF2_BR1","BF2 + BR1","Anostraca",4,30,4,1,0,0,0,0,27.42,,,,,,,TRUE,"usable",""
"BF2_BR1","BF2 + BR1","Araneae",2981,10232,2869,0.962428715196243,2619,0.878564240187856,2517,0.844347534384435,0,0,0,74.6050735001986,254.7,0.515693285657529,0.109654350417163,TRUE,"usable",""
"BF2_BR1","BF2 + BR1","Archaeognatha",3,47,3,1,3,1,3,1,0,0,0,349.583333333333,839,0.666666666666667,0.333333333333333,TRUE,"usable",""
"BF2_BR1","BF2 + BR1","Arguloida",5,10,5,1,5,1,5,1,6.2,0,18.32,63.584,167.06,0,0.2,TRUE,"usable",""
"BF2_BR1","BF2 + BR1","Balanomorpha",8,13,8,1,8,1,8,1,0,0,0,0,0,1,0,TRUE,"usable",""
"BF2_BR1","BF2 + BR1","Blattodea",80,288,80,1,77,0.9625,77,0.9625,0,0,0,13.6492207792208,27.42,0.857142857142857,0.025974025974026,TRUE,"usable",""
"BF2_BR1","BF2 + BR1","Calanoida",99,343,96,0.96969696969697,97,0.97979797979798,95,0.95959595959596,107.84,0,189.44,233.839578947368,408.02,0,0.368421052631579,TRUE,"usable",""
"BF2_BR1","BF2 + BR1","Chordeumatida",10,22,10,1,8,0.8,8,0.8,0,239,239,361.72125,712.26,0,0,TRUE,"usable",""
"BF2_BR1","BF2 + BR1","Coleoptera",2081,7281,2045,0.982700624699664,1707,0.820278712157616,1673,0.803940413262854,0,0,0,24.2886132695755,35.25,0.859533771667663,0.0406455469216975,TRUE,"usable",""
"BF2_BR1","BF2 + BR1","Cryptophialida",6,7,6,1,6,1,6,1,0,0,0,93.2433333333333,279.73,0.666666666666667,0.166666666666667,TRUE,"usable",""
"BF2_BR1","BF2 + BR1","Cyclopoida",85,264,84,0.988235294117647,81,0.952941176470588,80,0.941176470588235,24.8,0,24.8,103.72325,280.545,0.05,0.2125,TRUE,"usable",""
"BF2_BR1","BF2 + BR1","Decapoda",336,948,330,0.982142857142857,325,0.967261904761905,319,0.949404761904762,0,0,0,47.305736677116,254.7,0.702194357366771,0.115987460815047,TRUE,"usable",""
"BF2_BR1","BF2 + BR1","Dermaptera",2,82,2,1,2,1,2,1,0,0,0,0,0,1,0,TRUE,"usable",""
"BF2_BR1","BF2 + BR1","Diplostraca",227,799,220,0.969162995594714,220,0.969162995594714,213,0.938325991189427,0,0,0,47.2929107981221,254.7,0.629107981220657,0.131455399061033,TRUE,"usable",""
"BF2_BR1","BF2 + BR1","Diptera",11541,83309,11393,0.987176154579326,8847,0.766571354302054,8714,0.755047222944286,0,0,0,27.4202582051869,27.42,0.883291255450998,0.0601331191186596,TRUE,"usable",""
"BF2_BR1","BF2 + BR1","Entomobryomorpha",187,4396,182,0.973262032085562,137,0.732620320855615,136,0.727272727272727,0,0,0,178.953602941176,254.7,0.588235294117647,0.198529411764706,TRUE,"usable",""
"BF2_BR1","BF2 + BR1","Ephemeroptera",134,343,120,0.895522388059702,122,0.91044776119403,108,0.805970149253731,0,0,0,27.7393518518519,90.3,0.787037037037037,0.0740740740740741,TRUE,"usable",""
"BF2_BR1","BF2 + BR1","Euphausiacea",3,10,3,1,3,1,3,1,0,0,0,0,0,1,0,TRUE,"usable",""
"BF2_BR1","BF2 + BR1","Geophilomorpha",6,22,6,1,6,1,6,1,0,58.565,58.565,58.565,117.13,0.5,0,TRUE,"usable",""
"BF2_BR1","BF2 + BR1","Glomerida",3,3,2,0.666666666666667,3,1,2,0.666666666666667,22.87,0,382.92,382.92,689.256,0.5,0.5,TRUE,"usable",""
"BF2_BR1","BF2 + BR1","Harpacticoida",28,71,28,1,28,1,28,1,22.87,30.375,121.925,139.970714285714,247.982,0.142857142857143,0.0357142857142857,TRUE,"usable",""
"BF2_BR1","BF2 + BR1","Hemiptera",1671,11609,1606,0.961101137043686,1226,0.733692399760622,1168,0.698982645122681,0,0,0,112.047131849315,247.6,0.668664383561644,0.0496575342465753,TRUE,"usable",""
"BF2_BR1","BF2 + BR1","Hymenoptera",6797,25612,6671,0.981462409886715,5828,0.857437104604973,5715,0.840812122995439,6.2,0,117.13,353.277613298339,1004.6,0.333158355205599,0.142957130358705,TRUE,"usable",""
"BF2_BR1","BF2 + BR1","Isopoda",172,1068,170,0.988372093023256,170,0.988372093023256,168,0.976744186046512,0,0,0,188.048095238095,380.056,0.601190476190476,0.25,TRUE,"usable",""
"BF2_BR1","BF2 + BR1","Ixodida",31,419,31,1,31,1,31,1,0,0,0,33.0158064516129,117.13,0.709677419354839,0.032258064516129,TRUE,"usable",""
"BF2_BR1","BF2 + BR1","Julida",15,183,15,1,15,1,15,1,0,0,0,22.472,34.772,0.733333333333333,0.0666666666666667,TRUE,"usable",""
"BF2_BR1","BF2 + BR1","Laurida",1,1,1,1,1,1,1,1,0,0,0,0,0,1,0,TRUE,"usable",""
"BF2_BR1","BF2 + BR1","Lepidoptera",4810,15292,4779,0.993555093555094,4432,0.921413721413721,4403,0.915384615384615,0,0,0,21.8741085623438,0,0.910742675448558,0.0588235294117647,TRUE,"usable",""
"BF2_BR1","BF2 + BR1","Lithobiomorpha",112,298,110,0.982142857142857,112,1,110,0.982142857142857,0,0,0,8.68509090909091,0,0.918181818181818,0,TRUE,"usable",""
"BF2_BR1","BF2 + BR1","Lithoglyptida",29,45,29,1,29,1,29,1,105.2,0,105.2,136.666551724138,362.8,0,0.206896551724138,TRUE,"usable",""
"BF2_BR1","BF2 + BR1","Mantodea",4,4,4,1,4,1,4,1,9.16,0,9.16,1412.36,3947.28,0.5,0.25,TRUE,"usable",""
"BF2_BR1","BF2 + BR1","Mecoptera",7,10,7,1,3,0.428571428571429,3,0.428571428571429,0,0,0,0,0,1,0,TRUE,"usable",""
"BF2_BR1","BF2 + BR1","Megaloptera",5,6,5,1,5,1,5,1,0,0,0,0,0,1,0,TRUE,"usable",""
"BF2_BR1","BF2 + BR1","Mesostigmata",97,489,96,0.989690721649485,90,0.927835051546392,89,0.917525773195876,0,0,0,235.016741573034,1025.2,0.584269662921348,0.191011235955056,TRUE,"usable",""
"BF2_BR1","BF2 + BR1","Mysida",2,2,2,1,2,1,2,1,9.16,45.15,54.31,54.31,97.758,0.5,0,TRUE,"usable",""
"BF2_BR1","BF2 + BR1","Neelipleona",1,1,1,1,0,0,0,0,0,,,,,,,TRUE,"usable",""
"BF2_BR1","BF2 + BR1","Neuroptera",91,368,91,1,62,0.681318681318681,62,0.681318681318681,0,0,0,26.8675806451613,0,0.903225806451613,0.0645161290322581,TRUE,"usable",""
"BF2_BR1","BF2 + BR1","Odonata",61,130,54,0.885245901639344,34,0.557377049180328,27,0.442622950819672,0,0,0,32.8737037037037,35.25,0.777777777777778,0.037037037037037,TRUE,"usable",""
"BF2_BR1","BF2 + BR1","Opilioacarida",1,1,1,1,1,1,1,1,0,0,0,0,0,1,0,TRUE,"usable",""
"BF2_BR1","BF2 + BR1","Opiliones",57,686,55,0.964912280701754,48,0.842105263157895,46,0.807017543859649,0,0,0,145.991304347826,124.8,0.695652173913043,0.0434782608695652,TRUE,"usable",""
"BF2_BR1","BF2 + BR1","order unresolved",31884,135678,31470,0.987015430937147,26904,0.843808806925104,26548,0.832643332078786,0,0,0,190.3434722013,752.2,0.605394003314751,0.102116920295314,TRUE,"usable",""
"BF2_BR1","BF2 + BR1","Orthoptera",99,725,88,0.888888888888889,78,0.787878787878788,68,0.686868686868687,0,0,0,5.07044117647059,0,0.941176470588235,0.0147058823529412,TRUE,"usable",""
"BF2_BR1","BF2 + BR1","Pantopoda",98,178,94,0.959183673469388,97,0.989795918367347,93,0.948979591836735,0,0,0,27.0361290322581,27.42,0.838709677419355,0.043010752688172,TRUE,"usable",""
"BF2_BR1","BF2 + BR1","Phasmatodea",10,27,10,1,10,1,10,1,0,0,0,1170.462,3760.18,0.6,0.3,TRUE,"usable",""
"BF2_BR1","BF2 + BR1","Phthiraptera",3,13,3,1,3,1,3,1,2217.68,142.4,2360.08,2507.08666666667,2712.896,0,1,TRUE,"usable",""
"BF2_BR1","BF2 + BR1","Plecoptera",160,546,149,0.93125,132,0.825,121,0.75625,0,0,0,59.0509917355372,254.7,0.677685950413223,0.190082644628099,TRUE,"usable",""
"BF2_BR1","BF2 + BR1","Podocopida",17,24,17,1,17,1,17,1,0,0,0,51.8370588235294,254.7,0.764705882352941,0.176470588235294,TRUE,"usable",""
"BF2_BR1","BF2 + BR1","Poduromorpha",46,356,46,1,40,0.869565217391304,40,0.869565217391304,0,0,0,6.281,28.203,0.85,0,TRUE,"usable",""
"BF2_BR1","BF2 + BR1","Poecilostomatoida",18,40,18,1,18,1,18,1,0,76.19,135.45,179.752777777778,295.335,0.0555555555555556,0.444444444444444,TRUE,"usable",""
"BF2_BR1","BF2 + BR1","Polydesmida",6,18,6,1,5,0.833333333333333,5,0.833333333333333,0,0,0,0,0,1,0,TRUE,"usable",""
"BF2_BR1","BF2 + BR1","Polyxenida",1,5,1,1,1,1,1,1,0,0,0,0,0,1,0,TRUE,"usable",""
"BF2_BR1","BF2 + BR1","Polyzoniida",1,1,1,1,1,1,1,1,0,0,0,0,0,1,0,TRUE,"usable",""
"BF2_BR1","BF2 + BR1","Pseudoscorpiones",15,28,15,1,12,0.8,12,0.8,24.8,0,24.8,91.4125,279.5,0,0.25,TRUE,"usable",""
"BF2_BR1","BF2 + BR1","Psocoptera",193,2319,191,0.989637305699482,155,0.803108808290155,153,0.792746113989637,0,0,0,72.1574509803921,230.850000000001,0.751633986928105,0.104575163398693,TRUE,"usable",""
"BF2_BR1","BF2 + BR1","Raphidioptera",5,6,4,0.8,4,0.8,4,0.8,0,0,0,0,0,1,0,TRUE,"usable",""
"BF2_BR1","BF2 + BR1","Sarcoptiformes",782,2784,774,0.989769820971867,711,0.90920716112532,706,0.902813299232737,20.4,0,20.4,101.718555240793,241.265,0.0056657223796034,0.0906515580736544,TRUE,"usable",""
"BF2_BR1","BF2 + BR1","Schizomida",2,2,2,1,2,1,2,1,0,0,0,0,0,1,0,TRUE,"usable",""
"BF2_BR1","BF2 + BR1","Scolopendromorpha",2,2,1,0.5,2,1,1,0.5,0,0,0,0,0,1,0,TRUE,"usable",""
"BF2_BR1","BF2 + BR1","Scorpiones",86,126,86,1,86,1,86,1,0,0,0,20.1487209302325,35.25,0.813953488372093,0.0581395348837209,TRUE,"usable",""
"BF2_BR1","BF2 + BR1","Siphonaptera",6,81,6,1,4,0.666666666666667,4,0.666666666666667,0,0,0,0,0,1,0,TRUE,"usable",""
"BF2_BR1","BF2 + BR1","Siphonostomatoida",8,21,8,1,8,1,8,1,13.71,299.85,396.98,452.53125,855.95,0.125,0.625,TRUE,"usable",""
"BF2_BR1","BF2 + BR1","Stomatopoda",2,2,2,1,2,1,2,1,0,0,0,0,0,1,0,TRUE,"usable",""
"BF2_BR1","BF2 + BR1","Strepsiptera",1,1,1,1,1,1,1,1,0,1575.3,1575.3,1575.3,1575.3,0,1,TRUE,"usable",""
"BF2_BR1","BF2 + BR1","Symphypleona",122,1070,121,0.991803278688525,100,0.819672131147541,99,0.811475409836066,0,0,0,62.8432323232323,117.13,0.505050505050505,0.0202020202020202,TRUE,"usable",""
"BF2_BR1","BF2 + BR1","Thysanoptera",184,1647,181,0.983695652173913,151,0.820652173913043,149,0.809782608695652,2483.3,1025.2,3977.05,3515.86067114094,4537.4,0,1,TRUE,"usable",""
"BF2_BR1","BF2 + BR1","Trichoptera",555,1209,498,0.897297297297297,536,0.965765765765766,480,0.864864864864865,0,0,0,43.5208333333333,254.7,0.7,0.116666666666667,TRUE,"usable",""
"BF2_BR1","BF2 + BR1","Trombidiformes",821,2407,809,0.985383678440926,716,0.8721071863581,704,0.857490864799026,0,0,0,62.5952130681819,151.216,0.625,0.0355113636363636,TRUE,"usable",""
"BF2_BR1","BF2 + BR1","Uropygi",3,3,3,1,3,1,3,1,0,0,0,0,0,1,0,TRUE,"usable",""
"BF2_BR1","BF2 + BR1","Zygentoma",50,60,50,1,48,0.96,48,0.96,0,0,0,51.9958333333333,193.540000000001,0.770833333333333,0.104166666666667,TRUE,"usable",""
"BF2_BR2","BF2 + BR2","Amblypygi",3,3,3,1,3,1,3,1,0,0,0,0,0,1,0,FALSE,"binding-region incomplete","Only 1648/67352 centroids (2.4%) span both primer sites; penalties cannot be interpreted as taxon coverage."
"BF2_BR2","BF2 + BR2","Amphipoda",376,1221,353,0.938829787234043,0,0,0,0,68,,,,,,,FALSE,"binding-region incomplete","Only 1648/67352 centroids (2.4%) span both primer sites; penalties cannot be interpreted as taxon coverage."
"BF2_BR2","BF2 + BR2","Anostraca",4,30,4,1,0,0,0,0,27.42,,,,,,,FALSE,"binding-region incomplete","Only 1648/67352 centroids (2.4%) span both primer sites; penalties cannot be interpreted as taxon coverage."
"BF2_BR2","BF2 + BR2","Araneae",2981,10232,2869,0.962428715196243,441,0.147936933914794,351,0.117745722911775,0,0,11.77,94.1162108262108,142.4,0.481481481481481,0.0199430199430199,FALSE,"binding-region incomplete","Only 1648/67352 centroids (2.4%) span both primer sites; penalties cannot be interpreted as taxon coverage."
"BF2_BR2","BF2 + BR2","Archaeognatha",3,47,3,1,0,0,0,0,0,,,,,,,FALSE,"binding-region incomplete","Only 1648/67352 centroids (2.4%) span both primer sites; penalties cannot be interpreted as taxon coverage."
"BF2_BR2","BF2 + BR2","Arguloida",5,10,5,1,0,0,0,0,6.2,,,,,,,FALSE,"binding-region incomplete","Only 1648/67352 centroids (2.4%) span both primer sites; penalties cannot be interpreted as taxon coverage."
"BF2_BR2","BF2 + BR2","Balanomorpha",8,13,8,1,0,0,0,0,0,,,,,,,FALSE,"binding-region incomplete","Only 1648/67352 centroids (2.4%) span both primer sites; penalties cannot be interpreted as taxon coverage."
"BF2_BR2","BF2 + BR2","Blattodea",80,288,80,1,39,0.4875,39,0.4875,0,0,0,0,0,1,0,FALSE,"binding-region incomplete","Only 1648/67352 centroids (2.4%) span both primer sites; penalties cannot be interpreted as taxon coverage."
"BF2_BR2","BF2 + BR2","Calanoida",99,343,96,0.96969696969697,17,0.171717171717172,17,0.171717171717172,107.84,606,741.26,562.103529411765,943.6,0,0.647058823529412,FALSE,"binding-region incomplete","Only 1648/67352 centroids (2.4%) span both primer sites; penalties cannot be interpreted as taxon coverage."
"BF2_BR2","BF2 + BR2","Chordeumatida",10,22,10,1,0,0,0,0,0,,,,,,,FALSE,"binding-region incomplete","Only 1648/67352 centroids (2.4%) span both primer sites; penalties cannot be interpreted as taxon coverage."
"BF2_BR2","BF2 + BR2","Coleoptera",2081,7281,2045,0.982700624699664,20,0.00961076405574243,19,0.00913022585295531,0,0,0,306.53,66.14,0.736842105263158,0.0526315789473684,FALSE,"binding-region incomplete","Only 1648/67352 centroids (2.4%) span both primer sites; penalties cannot be interpreted as taxon coverage."
"BF2_BR2","BF2 + BR2","Cryptophialida",6,7,6,1,0,0,0,0,0,,,,,,,FALSE,"binding-region incomplete","Only 1648/67352 centroids (2.4%) span both primer sites; penalties cannot be interpreted as taxon coverage."
"BF2_BR2","BF2 + BR2","Cyclopoida",85,264,84,0.988235294117647,0,0,0,0,24.8,,,,,,,FALSE,"binding-region incomplete","Only 1648/67352 centroids (2.4%) span both primer sites; penalties cannot be interpreted as taxon coverage."
"BF2_BR2","BF2 + BR2","Decapoda",336,948,330,0.982142857142857,14,0.0416666666666667,9,0.0267857142857143,0,0,0,7.21111111111111,12.98,0.888888888888889,0,FALSE,"binding-region incomplete","Only 1648/67352 centroids (2.4%) span both primer sites; penalties cannot be interpreted as taxon coverage."
"BF2_BR2","BF2 + BR2","Dermaptera",2,82,2,1,0,0,0,0,0,,,,,,,FALSE,"binding-region incomplete","Only 1648/67352 centroids (2.4%) span both primer sites; penalties cannot be interpreted as taxon coverage."
"BF2_BR2","BF2 + BR2","Diplostraca",227,799,220,0.969162995594714,0,0,0,0,0,,,,,,,FALSE,"binding-region incomplete","Only 1648/67352 centroids (2.4%) span both primer sites; penalties cannot be interpreted as taxon coverage."
"BF2_BR2","BF2 + BR2","Diptera",11541,83309,11393,0.987176154579326,203,0.01758946365133,137,0.0118707217745429,0,0,0,0.464890510948905,0,0.963503649635037,0,FALSE,"binding-region incomplete","Only 1648/67352 centroids (2.4%) span both primer sites; penalties cannot be interpreted as taxon coverage."
"BF2_BR2","BF2 + BR2","Entomobryomorpha",187,4396,182,0.973262032085562,0,0,0,0,0,,,,,,,FALSE,"binding-region incomplete","Only 1648/67352 centroids (2.4%) span both primer sites; penalties cannot be interpreted as taxon coverage."
"BF2_BR2","BF2 + BR2","Ephemeroptera",134,343,120,0.895522388059702,0,0,0,0,0,,,,,,,FALSE,"binding-region incomplete","Only 1648/67352 centroids (2.4%) span both primer sites; penalties cannot be interpreted as taxon coverage."
"BF2_BR2","BF2 + BR2","Euphausiacea",3,10,3,1,0,0,0,0,0,,,,,,,FALSE,"binding-region incomplete","Only 1648/67352 centroids (2.4%) span both primer sites; penalties cannot be interpreted as taxon coverage."
"BF2_BR2","BF2 + BR2","Geophilomorpha",6,22,6,1,3,0.5,3,0.5,0,0,0,0,0,1,0,FALSE,"binding-region incomplete","Only 1648/67352 centroids (2.4%) span both primer sites; penalties cannot be interpreted as taxon coverage."
"BF2_BR2","BF2 + BR2","Glomerida",3,3,2,0.666666666666667,0,0,0,0,22.87,,,,,,,FALSE,"binding-region incomplete","Only 1648/67352 centroids (2.4%) span both primer sites; penalties cannot be interpreted as taxon coverage."
"BF2_BR2","BF2 + BR2","Harpacticoida",28,71,28,1,0,0,0,0,22.87,,,,,,,FALSE,"binding-region incomplete","Only 1648/67352 centroids (2.4%) span both primer sites; penalties cannot be interpreted as taxon coverage."
"BF2_BR2","BF2 + BR2","Hemiptera",1671,11609,1606,0.961101137043686,24,0.0143626570915619,24,0.0143626570915619,0,1881.05,2181.65,1978.4625,2921.47,0.0416666666666667,0.833333333333333,FALSE,"binding-region incomplete","Only 1648/67352 centroids (2.4%) span both primer sites; penalties cannot be interpreted as taxon coverage."
"BF2_BR2","BF2 + BR2","Hymenoptera",6797,25612,6671,0.981462409886715,82,0.0120641459467412,80,0.0117698984846256,6.2,0,15.25,506.957,185.763,0.45,0.0625,FALSE,"binding-region incomplete","Only 1648/67352 centroids (2.4%) span both primer sites; penalties cannot be interpreted as taxon coverage."
"BF2_BR2","BF2 + BR2","Isopoda",172,1068,170,0.988372093023256,0,0,0,0,0,,,,,,,FALSE,"binding-region incomplete","Only 1648/67352 centroids (2.4%) span both primer sites; penalties cannot be interpreted as taxon coverage."
"BF2_BR2","BF2 + BR2","Ixodida",31,419,31,1,0,0,0,0,0,,,,,,,FALSE,"binding-region incomplete","Only 1648/67352 centroids (2.4%) span both primer sites; penalties cannot be interpreted as taxon coverage."
"BF2_BR2","BF2 + BR2","Julida",15,183,15,1,0,0,0,0,0,,,,,,,FALSE,"binding-region incomplete","Only 1648/67352 centroids (2.4%) span both primer sites; penalties cannot be interpreted as taxon coverage."
"BF2_BR2","BF2 + BR2","Laurida",1,1,1,1,0,0,0,0,0,,,,,,,FALSE,"binding-region incomplete","Only 1648/67352 centroids (2.4%) span both primer sites; penalties cannot be interpreted as taxon coverage."
"BF2_BR2","BF2 + BR2","Lepidoptera",4810,15292,4779,0.993555093555094,27,0.00561330561330561,26,0.00540540540540541,0,0,0,1.14423076923077,0,0.961538461538462,0,FALSE,"binding-region incomplete","Only 1648/67352 centroids (2.4%) span both primer sites; penalties cannot be interpreted as taxon coverage."
"BF2_BR2","BF2 + BR2","Lithobiomorpha",112,298,110,0.982142857142857,1,0.00892857142857143,1,0.00892857142857143,0,0,0,0,0,1,0,FALSE,"binding-region incomplete","Only 1648/67352 centroids (2.4%) span both primer sites; penalties cannot be interpreted as taxon coverage."
"BF2_BR2","BF2 + BR2","Lithoglyptida",29,45,29,1,0,0,0,0,105.2,,,,,,,FALSE,"binding-region incomplete","Only 1648/67352 centroids (2.4%) span both primer sites; penalties cannot be interpreted as taxon coverage."
"BF2_BR2","BF2 + BR2","Mantodea",4,4,4,1,0,0,0,0,9.16,,,,,,,FALSE,"binding-region incomplete","Only 1648/67352 centroids (2.4%) span both primer sites; penalties cannot be interpreted as taxon coverage."
"BF2_BR2","BF2 + BR2","Mecoptera",7,10,7,1,0,0,0,0,0,,,,,,,FALSE,"binding-region incomplete","Only 1648/67352 centroids (2.4%) span both primer sites; penalties cannot be interpreted as taxon coverage."
"BF2_BR2","BF2 + BR2","Megaloptera",5,6,5,1,0,0,0,0,0,,,,,,,FALSE,"binding-region incomplete","Only 1648/67352 centroids (2.4%) span both primer sites; penalties cannot be interpreted as taxon coverage."
"BF2_BR2","BF2 + BR2","Mesostigmata",97,489,96,0.989690721649485,0,0,0,0,0,,,,,,,FALSE,"binding-region incomplete","Only 1648/67352 centroids (2.4%) span both primer sites; penalties cannot be interpreted as taxon coverage."
"BF2_BR2","BF2 + BR2","Mysida",2,2,2,1,0,0,0,0,9.16,,,,,,,FALSE,"binding-region incomplete","Only 1648/67352 centroids (2.4%) span both primer sites; penalties cannot be interpreted as taxon coverage."
"BF2_BR2","BF2 + BR2","Neelipleona",1,1,1,1,0,0,0,0,0,,,,,,,FALSE,"binding-region incomplete","Only 1648/67352 centroids (2.4%) span both primer sites; penalties cannot be interpreted as taxon coverage."
"BF2_BR2","BF2 + BR2","Neuroptera",91,368,91,1,1,0.010989010989011,1,0.010989010989011,0,0,0,0,0,1,0,FALSE,"binding-region incomplete","Only 1648/67352 centroids (2.4%) span both primer sites; penalties cannot be interpreted as taxon coverage."
"BF2_BR2","BF2 + BR2","Odonata",61,130,54,0.885245901639344,0,0,0,0,0,,,,,,,FALSE,"binding-region incomplete","Only 1648/67352 centroids (2.4%) span both primer sites; penalties cannot be interpreted as taxon coverage."
"BF2_BR2","BF2 + BR2","Opilioacarida",1,1,1,1,0,0,0,0,0,,,,,,,FALSE,"binding-region incomplete","Only 1648/67352 centroids (2.4%) span both primer sites; penalties cannot be interpreted as taxon coverage."
"BF2_BR2","BF2 + BR2","Opiliones",57,686,55,0.964912280701754,1,0.0175438596491228,1,0.0175438596491228,0,3.48,3.48,3.48,3.48,0,0,FALSE,"binding-region incomplete","Only 1648/67352 centroids (2.4%) span both primer sites; penalties cannot be interpreted as taxon coverage."
"BF2_BR2","BF2 + BR2","order unresolved",31884,135678,31470,0.987015430937147,846,0.0265336846066993,840,0.0263455024463681,0,0,23.55,43.3494761904762,117.13,0.430952380952381,0.00476190476190476,FALSE,"binding-region incomplete","Only 1648/67352 centroids (2.4%) span both primer sites; penalties cannot be interpreted as taxon coverage."
"BF2_BR2","BF2 + BR2","Orthoptera",99,725,88,0.888888888888889,3,0.0303030303030303,3,0.0303030303030303,0,0,0,0,0,1,0,FALSE,"binding-region incomplete","Only 1648/67352 centroids (2.4%) span both primer sites; penalties cannot be interpreted as taxon coverage."
"BF2_BR2","BF2 + BR2","Pantopoda",98,178,94,0.959183673469388,0,0,0,0,0,,,,,,,FALSE,"binding-region incomplete","Only 1648/67352 centroids (2.4%) span both primer sites; penalties cannot be interpreted as taxon coverage."
"BF2_BR2","BF2 + BR2","Phasmatodea",10,27,10,1,3,0.3,3,0.3,0,5720.1,7169.2,7707.38333333333,8930.6,0,1,FALSE,"binding-region incomplete","Only 1648/67352 centroids (2.4%) span both primer sites; penalties cannot be interpreted as taxon coverage."
"BF2_BR2","BF2 + BR2","Phthiraptera",3,13,3,1,0,0,0,0,2217.68,,,,,,,FALSE,"binding-region incomplete","Only 1648/67352 centroids (2.4%) span both primer sites; penalties cannot be interpreted as taxon coverage."
"BF2_BR2","BF2 + BR2","Plecoptera",160,546,149,0.93125,1,0.00625,1,0.00625,0,0,0,0,0,1,0,FALSE,"binding-region incomplete","Only 1648/67352 centroids (2.4%) span both primer sites; penalties cannot be interpreted as taxon coverage."
"BF2_BR2","BF2 + BR2","Podocopida",17,24,17,1,0,0,0,0,0,,,,,,,FALSE,"binding-region incomplete","Only 1648/67352 centroids (2.4%) span both primer sites; penalties cannot be interpreted as taxon coverage."
"BF2_BR2","BF2 + BR2","Poduromorpha",46,356,46,1,0,0,0,0,0,,,,,,,FALSE,"binding-region incomplete","Only 1648/67352 centroids (2.4%) span both primer sites; penalties cannot be interpreted as taxon coverage."
"BF2_BR2","BF2 + BR2","Poecilostomatoida",18,40,18,1,0,0,0,0,0,,,,,,,FALSE,"binding-region incomplete","Only 1648/67352 centroids (2.4%) span both primer sites; penalties cannot be interpreted as taxon coverage."
"BF2_BR2","BF2 + BR2","Polydesmida",6,18,6,1,0,0,0,0,0,,,,,,,FALSE,"binding-region incomplete","Only 1648/67352 centroids (2.4%) span both primer sites; penalties cannot be interpreted as taxon coverage."
"BF2_BR2","BF2 + BR2","Polyxenida",1,5,1,1,0,0,0,0,0,,,,,,,FALSE,"binding-region incomplete","Only 1648/67352 centroids (2.4%) span both primer sites; penalties cannot be interpreted as taxon coverage."
"BF2_BR2","BF2 + BR2","Polyzoniida",1,1,1,1,0,0,0,0,0,,,,,,,FALSE,"binding-region incomplete","Only 1648/67352 centroids (2.4%) span both primer sites; penalties cannot be interpreted as taxon coverage."
"BF2_BR2","BF2 + BR2","Pseudoscorpiones",15,28,15,1,0,0,0,0,24.8,,,,,,,FALSE,"binding-region incomplete","Only 1648/67352 centroids (2.4%) span both primer sites; penalties cannot be interpreted as taxon coverage."
"BF2_BR2","BF2 + BR2","Psocoptera",193,2319,191,0.989637305699482,0,0,0,0,0,,,,,,,FALSE,"binding-region incomplete","Only 1648/67352 centroids (2.4%) span both primer sites; penalties cannot be interpreted as taxon coverage."
"BF2_BR2","BF2 + BR2","Raphidioptera",5,6,4,0.8,0,0,0,0,0,,,,,,,FALSE,"binding-region incomplete","Only 1648/67352 centroids (2.4%) span both primer sites; penalties cannot be interpreted as taxon coverage."
"BF2_BR2","BF2 + BR2","Sarcoptiformes",782,2784,774,0.989769820971867,0,0,0,0,20.4,,,,,,,FALSE,"binding-region incomplete","Only 1648/67352 centroids (2.4%) span both primer sites; penalties cannot be interpreted as taxon coverage."
"BF2_BR2","BF2 + BR2","Schizomida",2,2,2,1,2,1,2,1,0,0,0,0,0,1,0,FALSE,"binding-region incomplete","Only 1648/67352 centroids (2.4%) span both primer sites; penalties cannot be interpreted as taxon coverage."
"BF2_BR2","BF2 + BR2","Scolopendromorpha",2,2,1,0.5,0,0,0,0,0,,,,,,,FALSE,"binding-region incomplete","Only 1648/67352 centroids (2.4%) span both primer sites; penalties cannot be interpreted as taxon coverage."
"BF2_BR2","BF2 + BR2","Scorpiones",86,126,86,1,83,0.965116279069767,83,0.965116279069767,0,0,0,3.51192771084337,23.55,0.855421686746988,0,FALSE,"binding-region incomplete","Only 1648/67352 centroids (2.4%) span both primer sites; penalties cannot be interpreted as taxon coverage."
"BF2_BR2","BF2 + BR2","Siphonaptera",6,81,6,1,0,0,0,0,0,,,,,,,FALSE,"binding-region incomplete","Only 1648/67352 centroids (2.4%) span both primer sites; penalties cannot be interpreted as taxon coverage."
"BF2_BR2","BF2 + BR2","Siphonostomatoida",8,21,8,1,0,0,0,0,13.71,,,,,,,FALSE,"binding-region incomplete","Only 1648/67352 centroids (2.4%) span both primer sites; penalties cannot be interpreted as taxon coverage."
"BF2_BR2","BF2 + BR2","Stomatopoda",2,2,2,1,1,0.5,1,0.5,0,0,0,0,0,1,0,FALSE,"binding-region incomplete","Only 1648/67352 centroids (2.4%) span both primer sites; penalties cannot be interpreted as taxon coverage."
"BF2_BR2","BF2 + BR2","Strepsiptera",1,1,1,1,0,0,0,0,0,,,,,,,FALSE,"binding-region incomplete","Only 1648/67352 centroids (2.4%) span both primer sites; penalties cannot be interpreted as taxon coverage."
"BF2_BR2","BF2 + BR2","Symphypleona",122,1070,121,0.991803278688525,0,0,0,0,0,,,,,,,FALSE,"binding-region incomplete","Only 1648/67352 centroids (2.4%) span both primer sites; penalties cannot be interpreted as taxon coverage."
"BF2_BR2","BF2 + BR2","Thysanoptera",184,1647,181,0.983695652173913,0,0,0,0,2483.3,,,,,,,FALSE,"binding-region incomplete","Only 1648/67352 centroids (2.4%) span both primer sites; penalties cannot be interpreted as taxon coverage."
"BF2_BR2","BF2 + BR2","Trichoptera",555,1209,498,0.897297297297297,0,0,0,0,0,,,,,,,FALSE,"binding-region incomplete","Only 1648/67352 centroids (2.4%) span both primer sites; penalties cannot be interpreted as taxon coverage."
"BF2_BR2","BF2 + BR2","Trombidiformes",821,2407,809,0.985383678440926,3,0.00365408038976857,1,0.00121802679658952,0,0,807.2,807.2,807.2,0,0,FALSE,"binding-region incomplete","Only 1648/67352 centroids (2.4%) span both primer sites; penalties cannot be interpreted as taxon coverage."
"BF2_BR2","BF2 + BR2","Uropygi",3,3,3,1,3,1,3,1,0,0,0,0,0,1,0,FALSE,"binding-region incomplete","Only 1648/67352 centroids (2.4%) span both primer sites; penalties cannot be interpreted as taxon coverage."
"BF2_BR2","BF2 + BR2","Zygentoma",50,60,50,1,0,0,0,0,0,,,,,,,FALSE,"binding-region incomplete","Only 1648/67352 centroids (2.4%) span both primer sites; penalties cannot be interpreted as taxon coverage."
"BF3_BR2","BF3 + BR2","Amblypygi",3,3,3,1,3,1,3,1,0,0,0,0,0,1,0,FALSE,"binding-region incomplete","Only 1649/67352 centroids (2.4%) span both primer sites; penalties cannot be interpreted as taxon coverage."
"BF3_BR2","BF3 + BR2","Amphipoda",376,1221,353,0.938829787234043,0,0,0,0,0,,,,,,,FALSE,"binding-region incomplete","Only 1649/67352 centroids (2.4%) span both primer sites; penalties cannot be interpreted as taxon coverage."
"BF3_BR2","BF3 + BR2","Anostraca",4,30,4,1,0,0,0,0,18.32,,,,,,,FALSE,"binding-region incomplete","Only 1649/67352 centroids (2.4%) span both primer sites; penalties cannot be interpreted as taxon coverage."
"BF3_BR2","BF3 + BR2","Araneae",2981,10232,2880,0.966118752096612,441,0.147936933914794,351,0.117745722911775,0,0,0,82.4876923076923,86.6,0.544159544159544,0.0484330484330484,FALSE,"binding-region incomplete","Only 1649/67352 centroids (2.4%) span both primer sites; penalties cannot be interpreted as taxon coverage."
"BF3_BR2","BF3 + BR2","Archaeognatha",3,47,3,1,0,0,0,0,0,,,,,,,FALSE,"binding-region incomplete","Only 1649/67352 centroids (2.4%) span both primer sites; penalties cannot be interpreted as taxon coverage."
"BF3_BR2","BF3 + BR2","Arguloida",5,10,5,1,0,0,0,0,0,,,,,,,FALSE,"binding-region incomplete","Only 1649/67352 centroids (2.4%) span both primer sites; penalties cannot be interpreted as taxon coverage."
"BF3_BR2","BF3 + BR2","Balanomorpha",8,13,8,1,0,0,0,0,0,,,,,,,FALSE,"binding-region incomplete","Only 1649/67352 centroids (2.4%) span both primer sites; penalties cannot be interpreted as taxon coverage."
"BF3_BR2","BF3 + BR2","Blattodea",80,288,80,1,39,0.4875,39,0.4875,0,0,0,10.1589743589744,0,0.948717948717949,0.0512820512820513,FALSE,"binding-region incomplete","Only 1649/67352 centroids (2.4%) span both primer sites; penalties cannot be interpreted as taxon coverage."
"BF3_BR2","BF3 + BR2","Calanoida",99,343,96,0.96969696969697,17,0.171717171717172,17,0.171717171717172,80.4,606,649.12,580.86,1130.9,0,0.647058823529412,FALSE,"binding-region incomplete","Only 1649/67352 centroids (2.4%) span both primer sites; penalties cannot be interpreted as taxon coverage."
"BF3_BR2","BF3 + BR2","Chordeumatida",10,22,10,1,0,0,0,0,0,,,,,,,FALSE,"binding-region incomplete","Only 1649/67352 centroids (2.4%) span both primer sites; penalties cannot be interpreted as taxon coverage."
"BF3_BR2","BF3 + BR2","Coleoptera",2081,7281,2043,0.981739548294089,20,0.00961076405574243,19,0.00913022585295531,0,0,0,263.618421052632,66.14,0.789473684210526,0.0526315789473684,FALSE,"binding-region incomplete","Only 1649/67352 centroids (2.4%) span both primer sites; penalties cannot be interpreted as taxon coverage."
"BF3_BR2","BF3 + BR2","Cryptophialida",6,7,6,1,0,0,0,0,0,,,,,,,FALSE,"binding-region incomplete","Only 1649/67352 centroids (2.4%) span both primer sites; penalties cannot be interpreted as taxon coverage."
"BF3_BR2","BF3 + BR2","Cyclopoida",85,264,84,0.988235294117647,0,0,0,0,0,,,,,,,FALSE,"binding-region incomplete","Only 1649/67352 centroids (2.4%) span both primer sites; penalties cannot be interpreted as taxon coverage."
"BF3_BR2","BF3 + BR2","Decapoda",336,948,330,0.982142857142857,14,0.0416666666666667,9,0.0267857142857143,0,0,0,7.21111111111111,12.98,0.888888888888889,0,FALSE,"binding-region incomplete","Only 1649/67352 centroids (2.4%) span both primer sites; penalties cannot be interpreted as taxon coverage."
"BF3_BR2","BF3 + BR2","Dermaptera",2,82,2,1,0,0,0,0,0,,,,,,,FALSE,"binding-region incomplete","Only 1649/67352 centroids (2.4%) span both primer sites; penalties cannot be interpreted as taxon coverage."
"BF3_BR2","BF3 + BR2","Diplostraca",227,799,220,0.969162995594714,0,0,0,0,0,,,,,,,FALSE,"binding-region incomplete","Only 1649/67352 centroids (2.4%) span both primer sites; penalties cannot be interpreted as taxon coverage."
"BF3_BR2","BF3 + BR2","Diptera",11541,83309,11383,0.986309678537388,203,0.01758946365133,138,0.0119573693787367,0,0,0,0.0503623188405798,0,0.992753623188406,0,FALSE,"binding-region incomplete","Only 1649/67352 centroids (2.4%) span both primer sites; penalties cannot be interpreted as taxon coverage."
"BF3_BR2","BF3 + BR2","Entomobryomorpha",187,4396,183,0.978609625668449,0,0,0,0,0,,,,,,,FALSE,"binding-region incomplete","Only 1649/67352 centroids (2.4%) span both primer sites; penalties cannot be interpreted as taxon coverage."
"BF3_BR2","BF3 + BR2","Ephemeroptera",134,343,120,0.895522388059702,0,0,0,0,0,,,,,,,FALSE,"binding-region incomplete","Only 1649/67352 centroids (2.4%) span both primer sites; penalties cannot be interpreted as taxon coverage."
"BF3_BR2","BF3 + BR2","Euphausiacea",3,10,3,1,0,0,0,0,0,,,,,,,FALSE,"binding-region incomplete","Only 1649/67352 centroids (2.4%) span both primer sites; penalties cannot be interpreted as taxon coverage."
"BF3_BR2","BF3 + BR2","Geophilomorpha",6,22,6,1,3,0.5,3,0.5,0,0,0,0,0,1,0,FALSE,"binding-region incomplete","Only 1649/67352 centroids (2.4%) span both primer sites; penalties cannot be interpreted as taxon coverage."
"BF3_BR2","BF3 + BR2","Glomerida",3,3,2,0.666666666666667,0,0,0,0,9.16,,,,,,,FALSE,"binding-region incomplete","Only 1649/67352 centroids (2.4%) span both primer sites; penalties cannot be interpreted as taxon coverage."
"BF3_BR2","BF3 + BR2","Harpacticoida",28,71,28,1,0,0,0,0,44.275,,,,,,,FALSE,"binding-region incomplete","Only 1649/67352 centroids (2.4%) span both primer sites; penalties cannot be interpreted as taxon coverage."
"BF3_BR2","BF3 + BR2","Hemiptera",1671,11609,1605,0.960502692998205,24,0.0143626570915619,24,0.0143626570915619,0,1881.05,2060.55,1843.4375,2707.68,0.0416666666666667,0.833333333333333,FALSE,"binding-region incomplete","Only 1649/67352 centroids (2.4%) span both primer sites; penalties cannot be interpreted as taxon coverage."
"BF3_BR2","BF3 + BR2","Hymenoptera",6797,25612,6661,0.979991172576137,82,0.0120641459467412,80,0.0117698984846256,0,0,0,441.63425,91.1550000000004,0.525,0.0625,FALSE,"binding-region incomplete","Only 1649/67352 centroids (2.4%) span both primer sites; penalties cannot be interpreted as taxon coverage."
"BF3_BR2","BF3 + BR2","Isopoda",172,1068,170,0.988372093023256,0,0,0,0,0,,,,,,,FALSE,"binding-region incomplete","Only 1649/67352 centroids (2.4%) span both primer sites; penalties cannot be interpreted as taxon coverage."
"BF3_BR2","BF3 + BR2","Ixodida",31,419,31,1,0,0,0,0,0,,,,,,,FALSE,"binding-region incomplete","Only 1649/67352 centroids (2.4%) span both primer sites; penalties cannot be interpreted as taxon coverage."
"BF3_BR2","BF3 + BR2","Julida",15,183,15,1,0,0,0,0,0,,,,,,,FALSE,"binding-region incomplete","Only 1649/67352 centroids (2.4%) span both primer sites; penalties cannot be interpreted as taxon coverage."
"BF3_BR2","BF3 + BR2","Laurida",1,1,1,1,0,0,0,0,0,,,,,,,FALSE,"binding-region incomplete","Only 1649/67352 centroids (2.4%) span both primer sites; penalties cannot be interpreted as taxon coverage."
"BF3_BR2","BF3 + BR2","Lepidoptera",4810,15292,4779,0.993555093555094,27,0.00561330561330561,26,0.00540540540540541,0,0,0,1.14423076923077,0,0.961538461538462,0,FALSE,"binding-region incomplete","Only 1649/67352 centroids (2.4%) span both primer sites; penalties cannot be interpreted as taxon coverage."
"BF3_BR2","BF3 + BR2","Lithobiomorpha",112,298,110,0.982142857142857,1,0.00892857142857143,1,0.00892857142857143,0,0,0,0,0,1,0,FALSE,"binding-region incomplete","Only 1649/67352 centroids (2.4%) span both primer sites; penalties cannot be interpreted as taxon coverage."
"BF3_BR2","BF3 + BR2","Lithoglyptida",29,45,29,1,0,0,0,0,12.4,,,,,,,FALSE,"binding-region incomplete","Only 1649/67352 centroids (2.4%) span both primer sites; penalties cannot be interpreted as taxon coverage."
"BF3_BR2","BF3 + BR2","Mantodea",4,4,4,1,0,0,0,0,0,,,,,,,FALSE,"binding-region incomplete","Only 1649/67352 centroids (2.4%) span both primer sites; penalties cannot be interpreted as taxon coverage."
"BF3_BR2","BF3 + BR2","Mecoptera",7,10,7,1,0,0,0,0,0,,,,,,,FALSE,"binding-region incomplete","Only 1649/67352 centroids (2.4%) span both primer sites; penalties cannot be interpreted as taxon coverage."
"BF3_BR2","BF3 + BR2","Megaloptera",5,6,5,1,0,0,0,0,0,,,,,,,FALSE,"binding-region incomplete","Only 1649/67352 centroids (2.4%) span both primer sites; penalties cannot be interpreted as taxon coverage."
"BF3_BR2","BF3 + BR2","Mesostigmata",97,489,96,0.989690721649485,0,0,0,0,0,,,,,,,FALSE,"binding-region incomplete","Only 1649/67352 centroids (2.4%) span both primer sites; penalties cannot be interpreted as taxon coverage."
"BF3_BR2","BF3 + BR2","Mysida",2,2,2,1,0,0,0,0,0,,,,,,,FALSE,"binding-region incomplete","Only 1649/67352 centroids (2.4%) span both primer sites; penalties cannot be interpreted as taxon coverage."
"BF3_BR2","BF3 + BR2","Neelipleona",1,1,1,1,0,0,0,0,0,,,,,,,FALSE,"binding-region incomplete","Only 1649/67352 centroids (2.4%) span both primer sites; penalties cannot be interpreted as taxon coverage."
"BF3_BR2","BF3 + BR2","Neuroptera",91,368,91,1,1,0.010989010989011,1,0.010989010989011,0,0,0,0,0,1,0,FALSE,"binding-region incomplete","Only 1649/67352 centroids (2.4%) span both primer sites; penalties cannot be interpreted as taxon coverage."
"BF3_BR2","BF3 + BR2","Odonata",61,130,54,0.885245901639344,0,0,0,0,0,,,,,,,FALSE,"binding-region incomplete","Only 1649/67352 centroids (2.4%) span both primer sites; penalties cannot be interpreted as taxon coverage."
"BF3_BR2","BF3 + BR2","Opilioacarida",1,1,1,1,0,0,0,0,0,,,,,,,FALSE,"binding-region incomplete","Only 1649/67352 centroids (2.4%) span both primer sites; penalties cannot be interpreted as taxon coverage."
"BF3_BR2","BF3 + BR2","Opiliones",57,686,55,0.964912280701754,1,0.0175438596491228,1,0.0175438596491228,0,3.48,3.48,3.48,3.48,0,0,FALSE,"binding-region incomplete","Only 1649/67352 centroids (2.4%) span both primer sites; penalties cannot be interpreted as taxon coverage."
"BF3_BR2","BF3 + BR2","order unresolved",31884,135678,31464,0.986827248776816,846,0.0265336846066993,840,0.0263455024463681,0,0,0,48.5382976190476,198.1,0.532142857142857,0.114285714285714,FALSE,"binding-region incomplete","Only 1649/67352 centroids (2.4%) span both primer sites; penalties cannot be interpreted as taxon coverage."
"BF3_BR2","BF3 + BR2","Orthoptera",99,725,87,0.878787878787879,3,0.0303030303030303,3,0.0303030303030303,0,0,0,0,0,1,0,FALSE,"binding-region incomplete","Only 1649/67352 centroids (2.4%) span both primer sites; penalties cannot be interpreted as taxon coverage."
"BF3_BR2","BF3 + BR2","Pantopoda",98,178,94,0.959183673469388,0,0,0,0,0,,,,,,,FALSE,"binding-region incomplete","Only 1649/67352 centroids (2.4%) span both primer sites; penalties cannot be interpreted as taxon coverage."
"BF3_BR2","BF3 + BR2","Phasmatodea",10,27,10,1,3,0.3,3,0.3,0,5720.1,6803.15,7541.21666666667,9044.27,0,1,FALSE,"binding-region incomplete","Only 1649/67352 centroids (2.4%) span both primer sites; penalties cannot be interpreted as taxon coverage."
"BF3_BR2","BF3 + BR2","Phthiraptera",3,13,3,1,0,0,0,0,1737.6,,,,,,,FALSE,"binding-region incomplete","Only 1649/67352 centroids (2.4%) span both primer sites; penalties cannot be interpreted as taxon coverage."
"BF3_BR2","BF3 + BR2","Plecoptera",160,546,149,0.93125,1,0.00625,1,0.00625,0,0,0,0,0,1,0,FALSE,"binding-region incomplete","Only 1649/67352 centroids (2.4%) span both primer sites; penalties cannot be interpreted as taxon coverage."
"BF3_BR2","BF3 + BR2","Podocopida",17,24,17,1,0,0,0,0,0,,,,,,,FALSE,"binding-region incomplete","Only 1649/67352 centroids (2.4%) span both primer sites; penalties cannot be interpreted as taxon coverage."
"BF3_BR2","BF3 + BR2","Poduromorpha",46,356,46,1,0,0,0,0,0,,,,,,,FALSE,"binding-region incomplete","Only 1649/67352 centroids (2.4%) span both primer sites; penalties cannot be interpreted as taxon coverage."
"BF3_BR2","BF3 + BR2","Poecilostomatoida",18,40,18,1,0,0,0,0,70.23,,,,,,,FALSE,"binding-region incomplete","Only 1649/67352 centroids (2.4%) span both primer sites; penalties cannot be interpreted as taxon coverage."
"BF3_BR2","BF3 + BR2","Polydesmida",6,18,6,1,0,0,0,0,0,,,,,,,FALSE,"binding-region incomplete","Only 1649/67352 centroids (2.4%) span both primer sites; penalties cannot be interpreted as taxon coverage."
"BF3_BR2","BF3 + BR2","Polyxenida",1,5,1,1,0,0,0,0,0,,,,,,,FALSE,"binding-region incomplete","Only 1649/67352 centroids (2.4%) span both primer sites; penalties cannot be interpreted as taxon coverage."
"BF3_BR2","BF3 + BR2","Polyzoniida",1,1,1,1,0,0,0,0,0,,,,,,,FALSE,"binding-region incomplete","Only 1649/67352 centroids (2.4%) span both primer sites; penalties cannot be interpreted as taxon coverage."
"BF3_BR2","BF3 + BR2","Pseudoscorpiones",15,28,15,1,0,0,0,0,0,,,,,,,FALSE,"binding-region incomplete","Only 1649/67352 centroids (2.4%) span both primer sites; penalties cannot be interpreted as taxon coverage."
"BF3_BR2","BF3 + BR2","Psocoptera",193,2319,191,0.989637305699482,0,0,0,0,0,,,,,,,FALSE,"binding-region incomplete","Only 1649/67352 centroids (2.4%) span both primer sites; penalties cannot be interpreted as taxon coverage."
"BF3_BR2","BF3 + BR2","Raphidioptera",5,6,4,0.8,0,0,0,0,0,,,,,,,FALSE,"binding-region incomplete","Only 1649/67352 centroids (2.4%) span both primer sites; penalties cannot be interpreted as taxon coverage."
"BF3_BR2","BF3 + BR2","Sarcoptiformes",782,2784,773,0.98849104859335,0,0,0,0,13.9,,,,,,,FALSE,"binding-region incomplete","Only 1649/67352 centroids (2.4%) span both primer sites; penalties cannot be interpreted as taxon coverage."
"BF3_BR2","BF3 + BR2","Schizomida",2,2,2,1,2,1,2,1,0,0,0,0,0,1,0,FALSE,"binding-region incomplete","Only 1649/67352 centroids (2.4%) span both primer sites; penalties cannot be interpreted as taxon coverage."
"BF3_BR2","BF3 + BR2","Scolopendromorpha",2,2,1,0.5,0,0,0,0,0,,,,,,,FALSE,"binding-region incomplete","Only 1649/67352 centroids (2.4%) span both primer sites; penalties cannot be interpreted as taxon coverage."
"BF3_BR2","BF3 + BR2","Scorpiones",86,126,86,1,83,0.965116279069767,83,0.965116279069767,0,0,0,4.90903614457831,18.32,0.867469879518072,0.0120481927710843,FALSE,"binding-region incomplete","Only 1649/67352 centroids (2.4%) span both primer sites; penalties cannot be interpreted as taxon coverage."
"BF3_BR2","BF3 + BR2","Siphonaptera",6,81,5,0.833333333333333,0,0,0,0,0,,,,,,,FALSE,"binding-region incomplete","Only 1649/67352 centroids (2.4%) span both primer sites; penalties cannot be interpreted as taxon coverage."
"BF3_BR2","BF3 + BR2","Siphonostomatoida",8,21,8,1,0,0,0,0,9.16,,,,,,,FALSE,"binding-region incomplete","Only 1649/67352 centroids (2.4%) span both primer sites; penalties cannot be interpreted as taxon coverage."
"BF3_BR2","BF3 + BR2","Stomatopoda",2,2,2,1,1,0.5,1,0.5,0,0,0,0,0,1,0,FALSE,"binding-region incomplete","Only 1649/67352 centroids (2.4%) span both primer sites; penalties cannot be interpreted as taxon coverage."
"BF3_BR2","BF3 + BR2","Strepsiptera",1,1,1,1,0,0,0,0,0,,,,,,,FALSE,"binding-region incomplete","Only 1649/67352 centroids (2.4%) span both primer sites; penalties cannot be interpreted as taxon coverage."
"BF3_BR2","BF3 + BR2","Symphypleona",122,1070,121,0.991803278688525,0,0,0,0,0,,,,,,,FALSE,"binding-region incomplete","Only 1649/67352 centroids (2.4%) span both primer sites; penalties cannot be interpreted as taxon coverage."
"BF3_BR2","BF3 + BR2","Thysanoptera",184,1647,181,0.983695652173913,0,0,0,0,1987.4,,,,,,,FALSE,"binding-region incomplete","Only 1649/67352 centroids (2.4%) span both primer sites; penalties cannot be interpreted as taxon coverage."
"BF3_BR2","BF3 + BR2","Trichoptera",555,1209,498,0.897297297297297,0,0,0,0,0,,,,,,,FALSE,"binding-region incomplete","Only 1649/67352 centroids (2.4%) span both primer sites; penalties cannot be interpreted as taxon coverage."
"BF3_BR2","BF3 + BR2","Trombidiformes",821,2407,809,0.985383678440926,3,0.00365408038976857,1,0.00121802679658952,0,0,495.1,495.1,495.1,0,0,FALSE,"binding-region incomplete","Only 1649/67352 centroids (2.4%) span both primer sites; penalties cannot be interpreted as taxon coverage."
"BF3_BR2","BF3 + BR2","Uropygi",3,3,3,1,3,1,3,1,0,0,0,0,0,1,0,FALSE,"binding-region incomplete","Only 1649/67352 centroids (2.4%) span both primer sites; penalties cannot be interpreted as taxon coverage."
"BF3_BR2","BF3 + BR2","Zygentoma",50,60,50,1,0,0,0,0,0,,,,,,,FALSE,"binding-region incomplete","Only 1649/67352 centroids (2.4%) span both primer sites; penalties cannot be interpreted as taxon coverage."
"BR5_ARR5","BR5","Amblypygi",3,3,3,1,3,1,3,1,0,0,0,0,0,1,0,TRUE,"usable",""
"BR5_ARR5","BR5","Amphipoda",376,1221,353,0.938829787234043,358,0.952127659574468,335,0.890957446808511,0,0,0,82.2841791044776,0,0.916417910447761,0.0358208955223881,TRUE,"usable",""
"BR5_ARR5","BR5","Anostraca",4,30,4,1,0,0,0,0,0,,,,,,,TRUE,"usable",""
"BR5_ARR5","BR5","Araneae",2981,10232,2880,0.966118752096612,2693,0.903388124790339,2595,0.870513250587051,0,0,0,25.696416184971,86.6,0.822350674373796,0.0069364161849711,TRUE,"usable",""
"BR5_ARR5","BR5","Archaeognatha",3,47,3,1,3,1,3,1,0,0,0,655.016666666667,1572.04,0.666666666666667,0.333333333333333,TRUE,"usable",""
"BR5_ARR5","BR5","Arguloida",5,10,5,1,5,1,5,1,0,0,0,0,0,1,0,TRUE,"usable",""
"BR5_ARR5","BR5","Balanomorpha",8,13,8,1,8,1,8,1,0,0,0,0,0,1,0,TRUE,"usable",""
"BR5_ARR5","BR5","Blattodea",80,288,80,1,77,0.9625,77,0.9625,0,0,0,0,0,1,0,TRUE,"usable",""
"BR5_ARR5","BR5","Calanoida",99,343,96,0.96969696969697,99,1,96,0.96969696969697,24.8,0,24.8,47.953125,80.4,0,0,TRUE,"usable",""
"BR5_ARR5","BR5","Chordeumatida",10,22,10,1,8,0.8,8,0.8,0,54.4,54.4,54.4,54.4,0,0,TRUE,"usable",""
"BR5_ARR5","BR5","Coleoptera",2081,7281,2043,0.981739548294089,1815,0.872176838058626,1780,0.855358000961076,0,0,0,10.5513483146067,0,0.975280898876404,0.00561797752808989,TRUE,"usable",""
"BR5_ARR5","BR5","Cryptophialida",6,7,6,1,6,1,6,1,0,0,0,0,0,1,0,TRUE,"usable",""
"BR5_ARR5","BR5","Cyclopoida",85,264,84,0.988235294117647,81,0.952941176470588,80,0.941176470588235,0,0,0,1.39375,0,0.975,0,TRUE,"usable",""
"BR5_ARR5","BR5","Decapoda",336,948,330,0.982142857142857,327,0.973214285714286,321,0.955357142857143,0,0,0,1.82461059190031,0,0.984423676012461,0,TRUE,"usable",""
"BR5_ARR5","BR5","Dermaptera",2,82,2,1,2,1,2,1,0,0,0,0,0,1,0,TRUE,"usable",""
"BR5_ARR5","BR5","Diplostraca",227,799,220,0.969162995594714,219,0.964757709251101,212,0.933920704845815,0,0,0,4.75330188679246,0,0.981132075471698,0,TRUE,"usable",""
"BR5_ARR5","BR5","Diptera",11541,83309,11383,0.986309678537388,9792,0.848453340265142,9653,0.836409323282211,0,0,0,14.3588159121525,0,0.988086605200456,0.00714803687972651,TRUE,"usable",""
"BR5_ARR5","BR5","Entomobryomorpha",187,4396,183,0.978609625668449,141,0.754010695187166,139,0.74331550802139,0,0,0,181.238489208633,0,0.920863309352518,0.079136690647482,TRUE,"usable",""
"BR5_ARR5","BR5","Ephemeroptera",134,343,120,0.895522388059702,125,0.932835820895522,111,0.828358208955224,0,0,0,0,0,1,0,TRUE,"usable",""
"BR5_ARR5","BR5","Euphausiacea",3,10,3,1,3,1,3,1,0,0,0,0,0,1,0,TRUE,"usable",""
"BR5_ARR5","BR5","Geophilomorpha",6,22,6,1,6,1,6,1,0,0,0,0,0,1,0,TRUE,"usable",""
"BR5_ARR5","BR5","Glomerida",3,3,2,0.666666666666667,3,1,2,0.666666666666667,0,0,17.8,17.8,32.04,0.5,0,TRUE,"usable",""
"BR5_ARR5","BR5","Harpacticoida",28,71,28,1,28,1,28,1,0,0,0,15.6053571428571,29.35,0.642857142857143,0,TRUE,"usable",""
"BR5_ARR5","BR5","Hemiptera",1671,11609,1605,0.960502692998205,1287,0.770197486535009,1229,0.735487731897068,0,0,0,65.455166802278,86.6,0.786004882017901,0.0276647681041497,TRUE,"usable",""
"BR5_ARR5","BR5","Hymenoptera",6797,25612,6661,0.979991172576137,6101,0.897601883183758,5981,0.879947035456819,0,0,0,407.458468483534,1363.7,0.516803210165524,0.274034442400936,TRUE,"usable",""
"BR5_ARR5","BR5","Isopoda",172,1068,170,0.988372093023256,170,0.988372093023256,168,0.976744186046512,0,0,0,179.334821428572,43.8300000000007,0.880952380952381,0.0892857142857143,TRUE,"usable",""
"BR5_ARR5","BR5","Ixodida",31,419,31,1,31,1,31,1,0,0,0,0.82258064516129,0,0.967741935483871,0,TRUE,"usable",""
"BR5_ARR5","BR5","Julida",15,183,15,1,15,1,15,1,0,0,0,0,0,1,0,TRUE,"usable",""
"BR5_ARR5","BR5","Laurida",1,1,1,1,1,1,1,1,0,0,0,0,0,1,0,TRUE,"usable",""
"BR5_ARR5","BR5","Lepidoptera",4810,15292,4779,0.993555093555094,4560,0.948024948024948,4531,0.941995841995842,0,0,0,6.14775987640705,0,0.990289119399691,0.00308982564555286,TRUE,"usable",""
"BR5_ARR5","BR5","Lithobiomorpha",112,298,110,0.982142857142857,112,1,110,0.982142857142857,0,0,0,0,0,1,0,TRUE,"usable",""
"BR5_ARR5","BR5","Lithoglyptida",29,45,29,1,29,1,29,1,0,0,0,4.70344827586207,12.4,0.620689655172414,0,TRUE,"usable",""
"BR5_ARR5","BR5","Mantodea",4,4,4,1,4,1,4,1,0,0,0,975.0875,2730.245,0.75,0.25,TRUE,"usable",""
"BR5_ARR5","BR5","Mecoptera",7,10,7,1,4,0.571428571428571,4,0.571428571428571,0,0,0,0,0,1,0,TRUE,"usable",""
"BR5_ARR5","BR5","Megaloptera",5,6,5,1,5,1,5,1,0,0,0,0,0,1,0,TRUE,"usable",""
"BR5_ARR5","BR5","Mesostigmata",97,489,96,0.989690721649485,92,0.948453608247423,91,0.938144329896907,0,0,0,344.535164835165,1965.05,0.813186813186813,0.164835164835165,TRUE,"usable",""
"BR5_ARR5","BR5","Mysida",2,2,2,1,2,1,2,1,0,0,0,0,0,1,0,TRUE,"usable",""
"BR5_ARR5","BR5","Neelipleona",1,1,1,1,0,0,0,0,0,,,,,,,TRUE,"usable",""
"BR5_ARR5","BR5","Neuroptera",91,368,91,1,68,0.747252747252747,68,0.747252747252747,0,0,0,28.1477941176471,0,0.985294117647059,0.0147058823529412,TRUE,"usable",""
"BR5_ARR5","BR5","Odonata",61,130,54,0.885245901639344,34,0.557377049180328,27,0.442622950819672,0,0,0,23.8,0,0.962962962962963,0.037037037037037,TRUE,"usable",""
"BR5_ARR5","BR5","Opilioacarida",1,1,1,1,1,1,1,1,0,0,0,0,0,1,0,TRUE,"usable",""
"BR5_ARR5","BR5","Opiliones",57,686,55,0.964912280701754,49,0.859649122807018,47,0.824561403508772,0,0,0,111.836170212766,14.5199999999999,0.893617021276596,0.0638297872340425,TRUE,"usable",""
"BR5_ARR5","BR5","order unresolved",31884,135678,31464,0.986827248776816,27913,0.875454773554134,27555,0.864226571321039,0,0,0,197.65598003992,1318.85,0.76105969878425,0.134458356015242,TRUE,"usable",""
"BR5_ARR5","BR5","Orthoptera",99,725,87,0.878787878787879,81,0.818181818181818,71,0.717171717171717,0,0,0,0,0,1,0,TRUE,"usable",""
"BR5_ARR5","BR5","Pantopoda",98,178,94,0.959183673469388,97,0.989795918367347,93,0.948979591836735,0,0,0,14.5639784946236,0,0.978494623655914,0.010752688172043,TRUE,"usable",""
"BR5_ARR5","BR5","Phasmatodea",10,27,10,1,10,1,10,1,0,0,0,1202.74,3493.63,0.7,0.3,TRUE,"usable",""
"BR5_ARR5","BR5","Phthiraptera",3,13,3,1,3,1,3,1,1737.6,35.6,1773.2,1773.2,1773.2,0,1,TRUE,"usable",""
"BR5_ARR5","BR5","Plecoptera",160,546,149,0.93125,138,0.8625,127,0.79375,0,0,0,1.23464566929134,0,0.984251968503937,0.0078740157480315,TRUE,"usable",""
"BR5_ARR5","BR5","Podocopida",17,24,17,1,17,1,17,1,0,0,0,0,0,1,0,TRUE,"usable",""
"BR5_ARR5","BR5","Poduromorpha",46,356,46,1,42,0.91304347826087,42,0.91304347826087,0,0,0,0.590476190476191,0,0.976190476190476,0,TRUE,"usable",""
"BR5_ARR5","BR5","Poecilostomatoida",18,40,18,1,18,1,18,1,0,0,0,0,0,1,0,TRUE,"usable",""
"BR5_ARR5","BR5","Polydesmida",6,18,6,1,5,0.833333333333333,5,0.833333333333333,0,0,0,0,0,1,0,TRUE,"usable",""
"BR5_ARR5","BR5","Polyxenida",1,5,1,1,1,1,1,1,0,0,0,0,0,1,0,TRUE,"usable",""
"BR5_ARR5","BR5","Polyzoniida",1,1,1,1,1,1,1,1,0,0,0,0,0,1,0,TRUE,"usable",""
"BR5_ARR5","BR5","Pseudoscorpiones",15,28,15,1,12,0.8,12,0.8,0,0,0,0,0,1,0,TRUE,"usable",""
"BR5_ARR5","BR5","Psocoptera",193,2319,191,0.989637305699482,164,0.849740932642487,162,0.839378238341969,0,0,0,46.0756172839506,0,0.975308641975309,0.0246913580246914,TRUE,"usable",""
"BR5_ARR5","BR5","Raphidioptera",5,6,4,0.8,4,0.8,4,0.8,0,0,0,0,0,1,0,TRUE,"usable",""
"BR5_ARR5","BR5","Sarcoptiformes",782,2784,773,0.98849104859335,719,0.919437340153453,713,0.911764705882353,13.9,0,13.9,38.1758765778403,13.9,0.0112201963534362,0.0112201963534362,TRUE,"usable",""
"BR5_ARR5","BR5","Schizomida",2,2,2,1,2,1,2,1,0,0,0,0,0,1,0,TRUE,"usable",""
"BR5_ARR5","BR5","Scolopendromorpha",2,2,1,0.5,2,1,1,0.5,0,0,0,0,0,1,0,TRUE,"usable",""
"BR5_ARR5","BR5","Scorpiones",86,126,86,1,86,1,86,1,0,0,0,0,0,1,0,TRUE,"usable",""
"BR5_ARR5","BR5","Siphonaptera",6,81,5,0.833333333333333,5,0.833333333333333,4,0.666666666666667,0,0,0,0,0,1,0,TRUE,"usable",""
"BR5_ARR5","BR5","Siphonostomatoida",8,21,8,1,8,1,8,1,0,0,63.5,741.58125,1914.05,0.25,0.375,TRUE,"usable",""
"BR5_ARR5","BR5","Stomatopoda",2,2,2,1,2,1,2,1,0,0,0,0,0,1,0,TRUE,"usable",""
"BR5_ARR5","BR5","Strepsiptera",1,1,1,1,1,1,1,1,0,1449.5,1449.5,1449.5,1449.5,0,1,TRUE,"usable",""
"BR5_ARR5","BR5","Symphypleona",122,1070,121,0.991803278688525,102,0.836065573770492,101,0.827868852459016,0,0,0,19.9227722772277,0,0.98019801980198,0.0099009900990099,TRUE,"usable",""
"BR5_ARR5","BR5","Thysanoptera",184,1647,181,0.983695652173913,158,0.858695652173913,156,0.847826086956522,1940.4,1965.05,3905.45,3772.97884615385,4558.05,0,1,TRUE,"usable",""
"BR5_ARR5","BR5","Trichoptera",555,1209,498,0.897297297297297,538,0.969369369369369,482,0.868468468468468,0,0,0,0.559958506224068,0,0.989626556016598,0,TRUE,"usable",""
"BR5_ARR5","BR5","Trombidiformes",821,2407,809,0.985383678440926,741,0.902557856272838,729,0.887941534713764,0,0,0,24.039780521262,0,0.910836762688615,0.00548696844993141,TRUE,"usable",""
"BR5_ARR5","BR5","Uropygi",3,3,3,1,3,1,3,1,0,0,0,0,0,1,0,TRUE,"usable",""
"BR5_ARR5","BR5","Zygentoma",50,60,50,1,48,0.96,48,0.96,0,0,0,0.289583333333333,0,0.979166666666667,0,TRUE,"usable",""
"F230R","F230R","Amblypygi",3,3,0,0,3,1,0,0,,65.3,,,,,,FALSE,"binding-region incomplete","Only 287/67352 centroids (0.4%) span both primer sites; penalties cannot be interpreted as taxon coverage."
"F230R","F230R","Amphipoda",376,1221,0,0,368,0.978723404255319,0,0,,0,,,,,,FALSE,"binding-region incomplete","Only 287/67352 centroids (0.4%) span both primer sites; penalties cannot be interpreted as taxon coverage."
"F230R","F230R","Anostraca",4,30,0,0,4,1,0,0,,41.8,,,,,,FALSE,"binding-region incomplete","Only 287/67352 centroids (0.4%) span both primer sites; penalties cannot be interpreted as taxon coverage."
"F230R","F230R","Araneae",2981,10232,1,0.000335457900033546,2964,0.99429721569943,1,0.000335457900033546,146.4,10.2,168.35,168.35,168.35,0,0,FALSE,"binding-region incomplete","Only 287/67352 centroids (0.4%) span both primer sites; penalties cannot be interpreted as taxon coverage."
"F230R","F230R","Archaeognatha",3,47,0,0,3,1,0,0,,55.1,,,,,,FALSE,"binding-region incomplete","Only 287/67352 centroids (0.4%) span both primer sites; penalties cannot be interpreted as taxon coverage."
"F230R","F230R","Arguloida",5,10,0,0,5,1,0,0,,0,,,,,,FALSE,"binding-region incomplete","Only 287/67352 centroids (0.4%) span both primer sites; penalties cannot be interpreted as taxon coverage."
"F230R","F230R","Balanomorpha",8,13,0,0,8,1,0,0,,55.1,,,,,,FALSE,"binding-region incomplete","Only 287/67352 centroids (0.4%) span both primer sites; penalties cannot be interpreted as taxon coverage."
"F230R","F230R","Blattodea",80,288,40,0.5,80,1,40,0.5,208.3,0,208.3,196.87,208.3,0,0,FALSE,"binding-region incomplete","Only 287/67352 centroids (0.4%) span both primer sites; penalties cannot be interpreted as taxon coverage."
"F230R","F230R","Calanoida",99,343,0,0,97,0.97979797979798,0,0,,0,,,,,,FALSE,"binding-region incomplete","Only 287/67352 centroids (0.4%) span both primer sites; penalties cannot be interpreted as taxon coverage."
"F230R","F230R","Chordeumatida",10,22,0,0,10,1,0,0,,0,,,,,,FALSE,"binding-region incomplete","Only 287/67352 centroids (0.4%) span both primer sites; penalties cannot be interpreted as taxon coverage."
"F230R","F230R","Coleoptera",2081,7281,20,0.00961076405574243,2045,0.982700624699664,20,0.00961076405574243,131.3,0,137.4,151.4725,185.88,0,0.05,FALSE,"binding-region incomplete","Only 287/67352 centroids (0.4%) span both primer sites; penalties cannot be interpreted as taxon coverage."
"F230R","F230R","Cryptophialida",6,7,0,0,6,1,0,0,,55.1,,,,,,FALSE,"binding-region incomplete","Only 287/67352 centroids (0.4%) span both primer sites; penalties cannot be interpreted as taxon coverage."
"F230R","F230R","Cyclopoida",85,264,0,0,84,0.988235294117647,0,0,,0,,,,,,FALSE,"binding-region incomplete","Only 287/67352 centroids (0.4%) span both primer sites; penalties cannot be interpreted as taxon coverage."
"F230R","F230R","Decapoda",336,948,0,0,330,0.982142857142857,0,0,,0,,,,,,FALSE,"binding-region incomplete","Only 287/67352 centroids (0.4%) span both primer sites; penalties cannot be interpreted as taxon coverage."
"F230R","F230R","Dermaptera",2,82,0,0,2,1,0,0,,2.15,,,,,,FALSE,"binding-region incomplete","Only 287/67352 centroids (0.4%) span both primer sites; penalties cannot be interpreted as taxon coverage."
"F230R","F230R","Diplostraca",227,799,0,0,220,0.969162995594714,0,0,,41.8,,,,,,FALSE,"binding-region incomplete","Only 287/67352 centroids (0.4%) span both primer sites; penalties cannot be interpreted as taxon coverage."
"F230R","F230R","Diptera",11541,83309,72,0.00623862750194957,11390,0.986916211766745,72,0.00623862750194957,120.2,0,120.2,105.907638888889,167.55,0.138888888888889,0.0833333333333333,FALSE,"binding-region incomplete","Only 287/67352 centroids (0.4%) span both primer sites; penalties cannot be interpreted as taxon coverage."
"F230R","F230R","Entomobryomorpha",187,4396,1,0.0053475935828877,180,0.962566844919786,1,0.0053475935828877,109.55,0,109.55,109.55,109.55,0,0,FALSE,"binding-region incomplete","Only 287/67352 centroids (0.4%) span both primer sites; penalties cannot be interpreted as taxon coverage."
"F230R","F230R","Ephemeroptera",134,343,5,0.0373134328358209,119,0.888059701492537,5,0.0373134328358209,108.25,0,120,118.75,145.52,0,0,FALSE,"binding-region incomplete","Only 287/67352 centroids (0.4%) span both primer sites; penalties cannot be interpreted as taxon coverage."
"F230R","F230R","Euphausiacea",3,10,0,0,3,1,0,0,,0,,,,,,FALSE,"binding-region incomplete","Only 287/67352 centroids (0.4%) span both primer sites; penalties cannot be interpreted as taxon coverage."
"F230R","F230R","Geophilomorpha",6,22,0,0,6,1,0,0,,18.8,,,,,,FALSE,"binding-region incomplete","Only 287/67352 centroids (0.4%) span both primer sites; penalties cannot be interpreted as taxon coverage."
"F230R","F230R","Glomerida",3,3,0,0,2,0.666666666666667,0,0,,41.8,,,,,,FALSE,"binding-region incomplete","Only 287/67352 centroids (0.4%) span both primer sites; penalties cannot be interpreted as taxon coverage."
"F230R","F230R","Harpacticoida",28,71,0,0,28,1,0,0,,31.6,,,,,,FALSE,"binding-region incomplete","Only 287/67352 centroids (0.4%) span both primer sites; penalties cannot be interpreted as taxon coverage."
"F230R","F230R","Hemiptera",1671,11609,13,0.00777977259126272,1604,0.959904248952723,13,0.00777977259126272,191.15,31.6,211.3,385.092307692308,960.52,0,0.538461538461538,FALSE,"binding-region incomplete","Only 287/67352 centroids (0.4%) span both primer sites; penalties cannot be interpreted as taxon coverage."
"F230R","F230R","Hymenoptera",6797,25612,7,0.00102986611740474,6668,0.981021038693541,7,0.00102986611740474,73.8,0,73.8,112.007142857143,267.92,0.285714285714286,0.142857142857143,FALSE,"binding-region incomplete","Only 287/67352 centroids (0.4%) span both primer sites; penalties cannot be interpreted as taxon coverage."
"F230R","F230R","Isopoda",172,1068,0,0,170,0.988372093023256,0,0,,0,,,,,,FALSE,"binding-region incomplete","Only 287/67352 centroids (0.4%) span both primer sites; penalties cannot be interpreted as taxon coverage."
"F230R","F230R","Ixodida",31,419,0,0,31,1,0,0,,0,,,,,,FALSE,"binding-region incomplete","Only 287/67352 centroids (0.4%) span both primer sites; penalties cannot be interpreted as taxon coverage."
"F230R","F230R","Julida",15,183,0,0,15,1,0,0,,31.6,,,,,,FALSE,"binding-region incomplete","Only 287/67352 centroids (0.4%) span both primer sites; penalties cannot be interpreted as taxon coverage."
"F230R","F230R","Laurida",1,1,0,0,1,1,0,0,,0,,,,,,FALSE,"binding-region incomplete","Only 287/67352 centroids (0.4%) span both primer sites; penalties cannot be interpreted as taxon coverage."
"F230R","F230R","Lepidoptera",4810,15292,19,0.00395010395010395,4783,0.994386694386694,19,0.00395010395010395,64.8,0,64.8,75.7578947368421,100.74,0,0.0526315789473684,FALSE,"binding-region incomplete","Only 287/67352 centroids (0.4%) span both primer sites; penalties cannot be interpreted as taxon coverage."
"F230R","F230R","Lithobiomorpha",112,298,0,0,110,0.982142857142857,0,0,,31.6,,,,,,FALSE,"binding-region incomplete","Only 287/67352 centroids (0.4%) span both primer sites; penalties cannot be interpreted as taxon coverage."
"F230R","F230R","Lithoglyptida",29,45,0,0,29,1,0,0,,31.6,,,,,,FALSE,"binding-region incomplete","Only 287/67352 centroids (0.4%) span both primer sites; penalties cannot be interpreted as taxon coverage."
"F230R","F230R","Mantodea",4,4,0,0,4,1,0,0,,0,,,,,,FALSE,"binding-region incomplete","Only 287/67352 centroids (0.4%) span both primer sites; penalties cannot be interpreted as taxon coverage."
"F230R","F230R","Mecoptera",7,10,1,0.142857142857143,7,1,1,0.142857142857143,88.8,4.3,88.8,88.8,88.8,0,0,FALSE,"binding-region incomplete","Only 287/67352 centroids (0.4%) span both primer sites; penalties cannot be interpreted as taxon coverage."
"F230R","F230R","Megaloptera",5,6,2,0.4,5,1,2,0.4,98.025,0,98.025,98.025,105.405,0,0,FALSE,"binding-region incomplete","Only 287/67352 centroids (0.4%) span both primer sites; penalties cannot be interpreted as taxon coverage."
"F230R","F230R","Mesostigmata",97,489,0,0,96,0.989690721649485,0,0,,0,,,,,,FALSE,"binding-region incomplete","Only 287/67352 centroids (0.4%) span both primer sites; penalties cannot be interpreted as taxon coverage."
"F230R","F230R","Mysida",2,2,1,0.5,2,1,1,0.5,0,2.15,0,0,0,1,0,FALSE,"binding-region incomplete","Only 287/67352 centroids (0.4%) span both primer sites; penalties cannot be interpreted as taxon coverage."
"F230R","F230R","Neelipleona",1,1,0,0,1,1,0,0,,10.2,,,,,,FALSE,"binding-region incomplete","Only 287/67352 centroids (0.4%) span both primer sites; penalties cannot be interpreted as taxon coverage."
"F230R","F230R","Neuroptera",91,368,3,0.032967032967033,91,1,3,0.032967032967033,139.65,0,139.65,145.8,154.41,0,0,FALSE,"binding-region incomplete","Only 287/67352 centroids (0.4%) span both primer sites; penalties cannot be interpreted as taxon coverage."
"F230R","F230R","Odonata",61,130,3,0.0491803278688525,54,0.885245901639344,3,0.0491803278688525,150.3,49.55,205.4,196.4,218.32,0,0,FALSE,"binding-region incomplete","Only 287/67352 centroids (0.4%) span both primer sites; penalties cannot be interpreted as taxon coverage."
"F230R","F230R","Opilioacarida",1,1,0,0,1,1,0,0,,0,,,,,,FALSE,"binding-region incomplete","Only 287/67352 centroids (0.4%) span both primer sites; penalties cannot be interpreted as taxon coverage."
"F230R","F230R","Opiliones",57,686,0,0,54,0.947368421052632,0,0,,31.6,,,,,,FALSE,"binding-region incomplete","Only 287/67352 centroids (0.4%) span both primer sites; penalties cannot be interpreted as taxon coverage."
"F230R","F230R","order unresolved",31884,135678,74,0.00232091331075147,31486,0.987517250031364,74,0.00232091331075147,318,0,349.6,451.247972972973,402.81,0,0.135135135135135,FALSE,"binding-region incomplete","Only 287/67352 centroids (0.4%) span both primer sites; penalties cannot be interpreted as taxon coverage."
"F230R","F230R","Orthoptera",99,725,5,0.0505050505050505,86,0.868686868686869,5,0.0505050505050505,130.65,0,130.65,147.85,174.3,0,0,FALSE,"binding-region incomplete","Only 287/67352 centroids (0.4%) span both primer sites; penalties cannot be interpreted as taxon coverage."
"F230R","F230R","Pantopoda",98,178,0,0,94,0.959183673469388,0,0,,0,,,,,,FALSE,"binding-region incomplete","Only 287/67352 centroids (0.4%) span both primer sites; penalties cannot be interpreted as taxon coverage."
"F230R","F230R","Phasmatodea",10,27,4,0.4,10,1,4,0.4,4102.4,0,5135.3,4228.275,6159.415,0,0.75,FALSE,"binding-region incomplete","Only 287/67352 centroids (0.4%) span both primer sites; penalties cannot be interpreted as taxon coverage."
"F230R","F230R","Phthiraptera",3,13,0,0,3,1,0,0,,1743.6,,,,,,FALSE,"binding-region incomplete","Only 287/67352 centroids (0.4%) span both primer sites; penalties cannot be interpreted as taxon coverage."
"F230R","F230R","Plecoptera",160,546,8,0.05,149,0.93125,8,0.05,121.6,0,121.6,112.65625,168.865,0.125,0,FALSE,"binding-region incomplete","Only 287/67352 centroids (0.4%) span both primer sites; penalties cannot be interpreted as taxon coverage."
"F230R","F230R","Podocopida",17,24,0,0,17,1,0,0,,0,,,,,,FALSE,"binding-region incomplete","Only 287/67352 centroids (0.4%) span both primer sites; penalties cannot be interpreted as taxon coverage."
"F230R","F230R","Poduromorpha",46,356,2,0.0434782608695652,46,1,2,0.0434782608695652,115.15,0,115.15,115.15,115.15,0,0,FALSE,"binding-region incomplete","Only 287/67352 centroids (0.4%) span both primer sites; penalties cannot be interpreted as taxon coverage."
"F230R","F230R","Poecilostomatoida",18,40,0,0,18,1,0,0,,55.1,,,,,,FALSE,"binding-region incomplete","Only 287/67352 centroids (0.4%) span both primer sites; penalties cannot be interpreted as taxon coverage."
"F230R","F230R","Polydesmida",6,18,0,0,6,1,0,0,,18.225,,,,,,FALSE,"binding-region incomplete","Only 287/67352 centroids (0.4%) span both primer sites; penalties cannot be interpreted as taxon coverage."
"F230R","F230R","Polyxenida",1,5,0,0,1,1,0,0,,11.75,,,,,,FALSE,"binding-region incomplete","Only 287/67352 centroids (0.4%) span both primer sites; penalties cannot be interpreted as taxon coverage."
"F230R","F230R","Polyzoniida",1,1,0,0,1,1,0,0,,43.35,,,,,,FALSE,"binding-region incomplete","Only 287/67352 centroids (0.4%) span both primer sites; penalties cannot be interpreted as taxon coverage."
"F230R","F230R","Pseudoscorpiones",15,28,0,0,15,1,0,0,,10.2,,,,,,FALSE,"binding-region incomplete","Only 287/67352 centroids (0.4%) span both primer sites; penalties cannot be interpreted as taxon coverage."
"F230R","F230R","Psocoptera",193,2319,0,0,192,0.994818652849741,0,0,,0,,,,,,FALSE,"binding-region incomplete","Only 287/67352 centroids (0.4%) span both primer sites; penalties cannot be interpreted as taxon coverage."
"F230R","F230R","Raphidioptera",5,6,1,0.2,5,1,1,0.2,54.15,55.1,109.25,109.25,109.25,0,0,FALSE,"binding-region incomplete","Only 287/67352 centroids (0.4%) span both primer sites; penalties cannot be interpreted as taxon coverage."
"F230R","F230R","Sarcoptiformes",782,2784,0,0,773,0.98849104859335,0,0,,0,,,,,,FALSE,"binding-region incomplete","Only 287/67352 centroids (0.4%) span both primer sites; penalties cannot be interpreted as taxon coverage."
"F230R","F230R","Schizomida",2,2,0,0,2,1,0,0,,72.8,,,,,,FALSE,"binding-region incomplete","Only 287/67352 centroids (0.4%) span both primer sites; penalties cannot be interpreted as taxon coverage."
"F230R","F230R","Scolopendromorpha",2,2,0,0,1,0.5,0,0,,31.6,,,,,,FALSE,"binding-region incomplete","Only 287/67352 centroids (0.4%) span both primer sites; penalties cannot be interpreted as taxon coverage."
"F230R","F230R","Scorpiones",86,126,0,0,86,1,0,0,,31.6,,,,,,FALSE,"binding-region incomplete","Only 287/67352 centroids (0.4%) span both primer sites; penalties cannot be interpreted as taxon coverage."
"F230R","F230R","Siphonaptera",6,81,0,0,5,0.833333333333333,0,0,,0,,,,,,FALSE,"binding-region incomplete","Only 287/67352 centroids (0.4%) span both primer sites; penalties cannot be interpreted as taxon coverage."
"F230R","F230R","Siphonostomatoida",8,21,0,0,8,1,0,0,,31.6,,,,,,FALSE,"binding-region incomplete","Only 287/67352 centroids (0.4%) span both primer sites; penalties cannot be interpreted as taxon coverage."
"F230R","F230R","Stomatopoda",2,2,0,0,2,1,0,0,,2.15,,,,,,FALSE,"binding-region incomplete","Only 287/67352 centroids (0.4%) span both primer sites; penalties cannot be interpreted as taxon coverage."
"F230R","F230R","Strepsiptera",1,1,0,0,1,1,0,0,,50.4,,,,,,FALSE,"binding-region incomplete","Only 287/67352 centroids (0.4%) span both primer sites; penalties cannot be interpreted as taxon coverage."
"F230R","F230R","Symphypleona",122,1070,0,0,121,0.991803278688525,0,0,,0,,,,,,FALSE,"binding-region incomplete","Only 287/67352 centroids (0.4%) span both primer sites; penalties cannot be interpreted as taxon coverage."
"F230R","F230R","Thysanoptera",184,1647,0,0,181,0.983695652173913,0,0,,1930.5,,,,,,FALSE,"binding-region incomplete","Only 287/67352 centroids (0.4%) span both primer sites; penalties cannot be interpreted as taxon coverage."
"F230R","F230R","Trichoptera",555,1209,5,0.00900900900900901,498,0.897297297297297,5,0.00900900900900901,119,0,126.05,192.15,354.84,0,0.2,FALSE,"binding-region incomplete","Only 287/67352 centroids (0.4%) span both primer sites; penalties cannot be interpreted as taxon coverage."
"F230R","F230R","Trombidiformes",821,2407,0,0,810,0.986601705237515,0,0,,0,,,,,,FALSE,"binding-region incomplete","Only 287/67352 centroids (0.4%) span both primer sites; penalties cannot be interpreted as taxon coverage."
"F230R","F230R","Uropygi",3,3,0,0,3,1,0,0,,10.2,,,,,,FALSE,"binding-region incomplete","Only 287/67352 centroids (0.4%) span both primer sites; penalties cannot be interpreted as taxon coverage."
"F230R","F230R","Zygentoma",50,60,0,0,50,1,0,0,,31.6,,,,,,FALSE,"binding-region incomplete","Only 287/67352 centroids (0.4%) span both primer sites; penalties cannot be interpreted as taxon coverage."
"FISH_F2_R1","FishF2 + FishR1","Amblypygi",3,3,0,0,3,1,0,0,,119.6,,,,,,FALSE,"binding-region incomplete","Only 125/67352 centroids (0.2%) span both primer sites; penalties cannot be interpreted as taxon coverage."
"FISH_F2_R1","FishF2 + FishR1","Amphipoda",376,1221,0,0,0,0,0,0,,,,,,,,FALSE,"binding-region incomplete","Only 125/67352 centroids (0.2%) span both primer sites; penalties cannot be interpreted as taxon coverage."
"FISH_F2_R1","FishF2 + FishR1","Anostraca",4,30,0,0,0,0,0,0,,,,,,,,FALSE,"binding-region incomplete","Only 125/67352 centroids (0.2%) span both primer sites; penalties cannot be interpreted as taxon coverage."
"FISH_F2_R1","FishF2 + FishR1","Araneae",2981,10232,1,0.000335457900033546,440,0.14760147601476,0,0,267.3,118.9,,,,,,FALSE,"binding-region incomplete","Only 125/67352 centroids (0.2%) span both primer sites; penalties cannot be interpreted as taxon coverage."
"FISH_F2_R1","FishF2 + FishR1","Archaeognatha",3,47,0,0,0,0,0,0,,,,,,,,FALSE,"binding-region incomplete","Only 125/67352 centroids (0.2%) span both primer sites; penalties cannot be interpreted as taxon coverage."
"FISH_F2_R1","FishF2 + FishR1","Arguloida",5,10,0,0,0,0,0,0,,,,,,,,FALSE,"binding-region incomplete","Only 125/67352 centroids (0.2%) span both primer sites; penalties cannot be interpreted as taxon coverage."
"FISH_F2_R1","FishF2 + FishR1","Balanomorpha",8,13,0,0,0,0,0,0,,,,,,,,FALSE,"binding-region incomplete","Only 125/67352 centroids (0.2%) span both primer sites; penalties cannot be interpreted as taxon coverage."
"FISH_F2_R1","FishF2 + FishR1","Blattodea",80,288,40,0.5,39,0.4875,39,0.4875,292.45,136.8,429.25,413.014102564103,429.25,0,1,FALSE,"binding-region incomplete","Only 125/67352 centroids (0.2%) span both primer sites; penalties cannot be interpreted as taxon coverage."
"FISH_F2_R1","FishF2 + FishR1","Calanoida",99,343,0,0,16,0.161616161616162,0,0,,1748,,,,,,FALSE,"binding-region incomplete","Only 125/67352 centroids (0.2%) span both primer sites; penalties cannot be interpreted as taxon coverage."
"FISH_F2_R1","FishF2 + FishR1","Chordeumatida",10,22,0,0,0,0,0,0,,,,,,,,FALSE,"binding-region incomplete","Only 125/67352 centroids (0.2%) span both primer sites; penalties cannot be interpreted as taxon coverage."
"FISH_F2_R1","FishF2 + FishR1","Coleoptera",2081,7281,20,0.00961076405574243,20,0.00961076405574243,6,0.00288322921672273,258.45,140.05,300.175,386.3,605.2,0,1,FALSE,"binding-region incomplete","Only 125/67352 centroids (0.2%) span both primer sites; penalties cannot be interpreted as taxon coverage."
"FISH_F2_R1","FishF2 + FishR1","Cryptophialida",6,7,0,0,0,0,0,0,,,,,,,,FALSE,"binding-region incomplete","Only 125/67352 centroids (0.2%) span both primer sites; penalties cannot be interpreted as taxon coverage."
"FISH_F2_R1","FishF2 + FishR1","Cyclopoida",85,264,0,0,0,0,0,0,,,,,,,,FALSE,"binding-region incomplete","Only 125/67352 centroids (0.2%) span both primer sites; penalties cannot be interpreted as taxon coverage."
"FISH_F2_R1","FishF2 + FishR1","Decapoda",336,948,2,0.00595238095238095,12,0.0357142857142857,2,0.00595238095238095,193.05,108.475,281.7,281.7,315.66,0,1,FALSE,"binding-region incomplete","Only 125/67352 centroids (0.2%) span both primer sites; penalties cannot be interpreted as taxon coverage."
"FISH_F2_R1","FishF2 + FishR1","Dermaptera",2,82,0,0,0,0,0,0,,,,,,,,FALSE,"binding-region incomplete","Only 125/67352 centroids (0.2%) span both primer sites; penalties cannot be interpreted as taxon coverage."
"FISH_F2_R1","FishF2 + FishR1","Diplostraca",227,799,0,0,0,0,0,0,,,,,,,,FALSE,"binding-region incomplete","Only 125/67352 centroids (0.2%) span both primer sites; penalties cannot be interpreted as taxon coverage."
"FISH_F2_R1","FishF2 + FishR1","Diptera",11541,83309,73,0.00632527510614332,197,0.0170695780261676,23,0.00199289489645611,235.5,102.75,320.95,351.530434782609,392.95,0,1,FALSE,"binding-region incomplete","Only 125/67352 centroids (0.2%) span both primer sites; penalties cannot be interpreted as taxon coverage."
"FISH_F2_R1","FishF2 + FishR1","Entomobryomorpha",187,4396,1,0.0053475935828877,0,0,0,0,152.85,,,,,,,FALSE,"binding-region incomplete","Only 125/67352 centroids (0.2%) span both primer sites; penalties cannot be interpreted as taxon coverage."
"FISH_F2_R1","FishF2 + FishR1","Ephemeroptera",134,343,5,0.0373134328358209,0,0,0,0,261.8,,,,,,,FALSE,"binding-region incomplete","Only 125/67352 centroids (0.2%) span both primer sites; penalties cannot be interpreted as taxon coverage."
"FISH_F2_R1","FishF2 + FishR1","Euphausiacea",3,10,0,0,0,0,0,0,,,,,,,,FALSE,"binding-region incomplete","Only 125/67352 centroids (0.2%) span both primer sites; penalties cannot be interpreted as taxon coverage."
"FISH_F2_R1","FishF2 + FishR1","Geophilomorpha",6,22,0,0,0,0,0,0,,,,,,,,FALSE,"binding-region incomplete","Only 125/67352 centroids (0.2%) span both primer sites; penalties cannot be interpreted as taxon coverage."
"FISH_F2_R1","FishF2 + FishR1","Glomerida",3,3,0,0,0,0,0,0,,,,,,,,FALSE,"binding-region incomplete","Only 125/67352 centroids (0.2%) span both primer sites; penalties cannot be interpreted as taxon coverage."
"FISH_F2_R1","FishF2 + FishR1","Harpacticoida",28,71,0,0,0,0,0,0,,,,,,,,FALSE,"binding-region incomplete","Only 125/67352 centroids (0.2%) span both primer sites; penalties cannot be interpreted as taxon coverage."
"FISH_F2_R1","FishF2 + FishR1","Hemiptera",1671,11609,14,0.00837821663674446,22,0.0131657690005984,1,0.000598444045481747,232.7,3411.6,360.05,360.05,360.05,0,1,FALSE,"binding-region incomplete","Only 125/67352 centroids (0.2%) span both primer sites; penalties cannot be interpreted as taxon coverage."
"FISH_F2_R1","FishF2 + FishR1","Hymenoptera",6797,25612,7,0.00102986611740474,79,0.0116227747535678,0,0,271.8,105.55,,,,,,FALSE,"binding-region incomplete","Only 125/67352 centroids (0.2%) span both primer sites; penalties cannot be interpreted as taxon coverage."
"FISH_F2_R1","FishF2 + FishR1","Isopoda",172,1068,0,0,0,0,0,0,,,,,,,,FALSE,"binding-region incomplete","Only 125/67352 centroids (0.2%) span both primer sites; penalties cannot be interpreted as taxon coverage."
"FISH_F2_R1","FishF2 + FishR1","Ixodida",31,419,0,0,0,0,0,0,,,,,,,,FALSE,"binding-region incomplete","Only 125/67352 centroids (0.2%) span both primer sites; penalties cannot be interpreted as taxon coverage."
"FISH_F2_R1","FishF2 + FishR1","Julida",15,183,0,0,0,0,0,0,,,,,,,,FALSE,"binding-region incomplete","Only 125/67352 centroids (0.2%) span both primer sites; penalties cannot be interpreted as taxon coverage."
"FISH_F2_R1","FishF2 + FishR1","Laurida",1,1,0,0,0,0,0,0,,,,,,,,FALSE,"binding-region incomplete","Only 125/67352 centroids (0.2%) span both primer sites; penalties cannot be interpreted as taxon coverage."
"FISH_F2_R1","FishF2 + FishR1","Lepidoptera",4810,15292,19,0.00395010395010395,23,0.00478170478170478,1,0.000207900207900208,248.4,140.05,363.8,363.8,363.8,0,1,FALSE,"binding-region incomplete","Only 125/67352 centroids (0.2%) span both primer sites; penalties cannot be interpreted as taxon coverage."
"FISH_F2_R1","FishF2 + FishR1","Lithobiomorpha",112,298,0,0,0,0,0,0,,,,,,,,FALSE,"binding-region incomplete","Only 125/67352 centroids (0.2%) span both primer sites; penalties cannot be interpreted as taxon coverage."
"FISH_F2_R1","FishF2 + FishR1","Lithoglyptida",29,45,0,0,0,0,0,0,,,,,,,,FALSE,"binding-region incomplete","Only 125/67352 centroids (0.2%) span both primer sites; penalties cannot be interpreted as taxon coverage."
"FISH_F2_R1","FishF2 + FishR1","Mantodea",4,4,0,0,0,0,0,0,,,,,,,,FALSE,"binding-region incomplete","Only 125/67352 centroids (0.2%) span both primer sites; penalties cannot be interpreted as taxon coverage."
"FISH_F2_R1","FishF2 + FishR1","Mecoptera",7,10,1,0.142857142857143,0,0,0,0,248.4,,,,,,,FALSE,"binding-region incomplete","Only 125/67352 centroids (0.2%) span both primer sites; penalties cannot be interpreted as taxon coverage."
"FISH_F2_R1","FishF2 + FishR1","Megaloptera",5,6,2,0.4,0,0,0,0,254.275,,,,,,,FALSE,"binding-region incomplete","Only 125/67352 centroids (0.2%) span both primer sites; penalties cannot be interpreted as taxon coverage."
"FISH_F2_R1","FishF2 + FishR1","Mesostigmata",97,489,0,0,0,0,0,0,,,,,,,,FALSE,"binding-region incomplete","Only 125/67352 centroids (0.2%) span both primer sites; penalties cannot be interpreted as taxon coverage."
"FISH_F2_R1","FishF2 + FishR1","Mysida",2,2,1,0.5,0,0,0,0,720.3,,,,,,,FALSE,"binding-region incomplete","Only 125/67352 centroids (0.2%) span both primer sites; penalties cannot be interpreted as taxon coverage."
"FISH_F2_R1","FishF2 + FishR1","Neelipleona",1,1,0,0,0,0,0,0,,,,,,,,FALSE,"binding-region incomplete","Only 125/67352 centroids (0.2%) span both primer sites; penalties cannot be interpreted as taxon coverage."
"FISH_F2_R1","FishF2 + FishR1","Neuroptera",91,368,3,0.032967032967033,1,0.010989010989011,1,0.010989010989011,165.7,168.65,334.35,334.35,334.35,0,1,FALSE,"binding-region incomplete","Only 125/67352 centroids (0.2%) span both primer sites; penalties cannot be interpreted as taxon coverage."
"FISH_F2_R1","FishF2 + FishR1","Odonata",61,130,4,0.0655737704918033,0,0,0,0,252,,,,,,,FALSE,"binding-region incomplete","Only 125/67352 centroids (0.2%) span both primer sites; penalties cannot be interpreted as taxon coverage."
"FISH_F2_R1","FishF2 + FishR1","Opilioacarida",1,1,0,0,0,0,0,0,,,,,,,,FALSE,"binding-region incomplete","Only 125/67352 centroids (0.2%) span both primer sites; penalties cannot be interpreted as taxon coverage."
"FISH_F2_R1","FishF2 + FishR1","Opiliones",57,686,0,0,0,0,0,0,,,,,,,,FALSE,"binding-region incomplete","Only 125/67352 centroids (0.2%) span both primer sites; penalties cannot be interpreted as taxon coverage."
"FISH_F2_R1","FishF2 + FishR1","order unresolved",31884,135678,84,0.00263455024463681,839,0.0263141387529796,48,0.0015054572826496,322.1,145.65,525.6,565.132291666667,772.17,0,0.916666666666667,FALSE,"binding-region incomplete","Only 125/67352 centroids (0.2%) span both primer sites; penalties cannot be interpreted as taxon coverage."
"FISH_F2_R1","FishF2 + FishR1","Orthoptera",99,725,5,0.0505050505050505,3,0.0303030303030303,1,0.0101010101010101,218.75,89.5,241.5,241.5,241.5,0,1,FALSE,"binding-region incomplete","Only 125/67352 centroids (0.2%) span both primer sites; penalties cannot be interpreted as taxon coverage."
"FISH_F2_R1","FishF2 + FishR1","Pantopoda",98,178,0,0,0,0,0,0,,,,,,,,FALSE,"binding-region incomplete","Only 125/67352 centroids (0.2%) span both primer sites; penalties cannot be interpreted as taxon coverage."
"FISH_F2_R1","FishF2 + FishR1","Phasmatodea",10,27,4,0.4,3,0.3,3,0.3,4240.8,6532.9,11102.35,11020.15,11197.15,0,1,FALSE,"binding-region incomplete","Only 125/67352 centroids (0.2%) span both primer sites; penalties cannot be interpreted as taxon coverage."
"FISH_F2_R1","FishF2 + FishR1","Phthiraptera",3,13,0,0,0,0,0,0,,,,,,,,FALSE,"binding-region incomplete","Only 125/67352 centroids (0.2%) span both primer sites; penalties cannot be interpreted as taxon coverage."
"FISH_F2_R1","FishF2 + FishR1","Plecoptera",160,546,8,0.05,1,0.00625,0,0,262.85,185.05,,,,,,FALSE,"binding-region incomplete","Only 125/67352 centroids (0.2%) span both primer sites; penalties cannot be interpreted as taxon coverage."
"FISH_F2_R1","FishF2 + FishR1","Podocopida",17,24,0,0,0,0,0,0,,,,,,,,FALSE,"binding-region incomplete","Only 125/67352 centroids (0.2%) span both primer sites; penalties cannot be interpreted as taxon coverage."
"FISH_F2_R1","FishF2 + FishR1","Poduromorpha",46,356,2,0.0434782608695652,0,0,0,0,142.95,,,,,,,FALSE,"binding-region incomplete","Only 125/67352 centroids (0.2%) span both primer sites; penalties cannot be interpreted as taxon coverage."
"FISH_F2_R1","FishF2 + FishR1","Poecilostomatoida",18,40,0,0,0,0,0,0,,,,,,,,FALSE,"binding-region incomplete","Only 125/67352 centroids (0.2%) span both primer sites; penalties cannot be interpreted as taxon coverage."
"FISH_F2_R1","FishF2 + FishR1","Polydesmida",6,18,0,0,0,0,0,0,,,,,,,,FALSE,"binding-region incomplete","Only 125/67352 centroids (0.2%) span both primer sites; penalties cannot be interpreted as taxon coverage."
"FISH_F2_R1","FishF2 + FishR1","Polyxenida",1,5,0,0,0,0,0,0,,,,,,,,FALSE,"binding-region incomplete","Only 125/67352 centroids (0.2%) span both primer sites; penalties cannot be interpreted as taxon coverage."
"FISH_F2_R1","FishF2 + FishR1","Polyzoniida",1,1,0,0,0,0,0,0,,,,,,,,FALSE,"binding-region incomplete","Only 125/67352 centroids (0.2%) span both primer sites; penalties cannot be interpreted as taxon coverage."
"FISH_F2_R1","FishF2 + FishR1","Pseudoscorpiones",15,28,0,0,0,0,0,0,,,,,,,,FALSE,"binding-region incomplete","Only 125/67352 centroids (0.2%) span both primer sites; penalties cannot be interpreted as taxon coverage."
"FISH_F2_R1","FishF2 + FishR1","Psocoptera",193,2319,0,0,0,0,0,0,,,,,,,,FALSE,"binding-region incomplete","Only 125/67352 centroids (0.2%) span both primer sites; penalties cannot be interpreted as taxon coverage."
"FISH_F2_R1","FishF2 + FishR1","Raphidioptera",5,6,1,0.2,0,0,0,0,243.35,,,,,,,FALSE,"binding-region incomplete","Only 125/67352 centroids (0.2%) span both primer sites; penalties cannot be interpreted as taxon coverage."
"FISH_F2_R1","FishF2 + FishR1","Sarcoptiformes",782,2784,0,0,0,0,0,0,,,,,,,,FALSE,"binding-region incomplete","Only 125/67352 centroids (0.2%) span both primer sites; penalties cannot be interpreted as taxon coverage."
"FISH_F2_R1","FishF2 + FishR1","Schizomida",2,2,0,0,2,1,0,0,,93.125,,,,,,FALSE,"binding-region incomplete","Only 125/67352 centroids (0.2%) span both primer sites; penalties cannot be interpreted as taxon coverage."
"FISH_F2_R1","FishF2 + FishR1","Scolopendromorpha",2,2,0,0,0,0,0,0,,,,,,,,FALSE,"binding-region incomplete","Only 125/67352 centroids (0.2%) span both primer sites; penalties cannot be interpreted as taxon coverage."
"FISH_F2_R1","FishF2 + FishR1","Scorpiones",86,126,0,0,83,0.965116279069767,0,0,,100.4,,,,,,FALSE,"binding-region incomplete","Only 125/67352 centroids (0.2%) span both primer sites; penalties cannot be interpreted as taxon coverage."
"FISH_F2_R1","FishF2 + FishR1","Siphonaptera",6,81,0,0,0,0,0,0,,,,,,,,FALSE,"binding-region incomplete","Only 125/67352 centroids (0.2%) span both primer sites; penalties cannot be interpreted as taxon coverage."
"FISH_F2_R1","FishF2 + FishR1","Siphonostomatoida",8,21,0,0,0,0,0,0,,,,,,,,FALSE,"binding-region incomplete","Only 125/67352 centroids (0.2%) span both primer sites; penalties cannot be interpreted as taxon coverage."
"FISH_F2_R1","FishF2 + FishR1","Stomatopoda",2,2,0,0,1,0.5,0,0,,135.75,,,,,,FALSE,"binding-region incomplete","Only 125/67352 centroids (0.2%) span both primer sites; penalties cannot be interpreted as taxon coverage."
"FISH_F2_R1","FishF2 + FishR1","Strepsiptera",1,1,0,0,0,0,0,0,,,,,,,,FALSE,"binding-region incomplete","Only 125/67352 centroids (0.2%) span both primer sites; penalties cannot be interpreted as taxon coverage."
"FISH_F2_R1","FishF2 + FishR1","Symphypleona",122,1070,0,0,0,0,0,0,,,,,,,,FALSE,"binding-region incomplete","Only 125/67352 centroids (0.2%) span both primer sites; penalties cannot be interpreted as taxon coverage."
"FISH_F2_R1","FishF2 + FishR1","Thysanoptera",184,1647,0,0,0,0,0,0,,,,,,,,FALSE,"binding-region incomplete","Only 125/67352 centroids (0.2%) span both primer sites; penalties cannot be interpreted as taxon coverage."
"FISH_F2_R1","FishF2 + FishR1","Trichoptera",555,1209,5,0.00900900900900901,0,0,0,0,268,,,,,,,FALSE,"binding-region incomplete","Only 125/67352 centroids (0.2%) span both primer sites; penalties cannot be interpreted as taxon coverage."
"FISH_F2_R1","FishF2 + FishR1","Trombidiformes",821,2407,0,0,3,0.00365408038976857,0,0,,140.05,,,,,,FALSE,"binding-region incomplete","Only 125/67352 centroids (0.2%) span both primer sites; penalties cannot be interpreted as taxon coverage."
"FISH_F2_R1","FishF2 + FishR1","Uropygi",3,3,0,0,3,1,0,0,,30.2,,,,,,FALSE,"binding-region incomplete","Only 125/67352 centroids (0.2%) span both primer sites; penalties cannot be interpreted as taxon coverage."
"FISH_F2_R1","FishF2 + FishR1","Zygentoma",50,60,0,0,0,0,0,0,,,,,,,,FALSE,"binding-region incomplete","Only 125/67352 centroids (0.2%) span both primer sites; penalties cannot be interpreted as taxon coverage."
"FOLMER","Folmer barcode","Amblypygi",3,3,0,0,3,1,0,0,,98.85,,,,,,FALSE,"binding-region incomplete","Only 113/67352 centroids (0.2%) span both primer sites; penalties cannot be interpreted as taxon coverage."
"FOLMER","Folmer barcode","Amphipoda",376,1221,0,0,0,0,0,0,,,,,,,,FALSE,"binding-region incomplete","Only 113/67352 centroids (0.2%) span both primer sites; penalties cannot be interpreted as taxon coverage."
"FOLMER","Folmer barcode","Anostraca",4,30,0,0,0,0,0,0,,,,,,,,FALSE,"binding-region incomplete","Only 113/67352 centroids (0.2%) span both primer sites; penalties cannot be interpreted as taxon coverage."
"FOLMER","Folmer barcode","Araneae",2981,10232,1,0.000335457900033546,440,0.14760147601476,0,0,146.4,73.8,,,,,,FALSE,"binding-region incomplete","Only 113/67352 centroids (0.2%) span both primer sites; penalties cannot be interpreted as taxon coverage."
"FOLMER","Folmer barcode","Archaeognatha",3,47,0,0,0,0,0,0,,,,,,,,FALSE,"binding-region incomplete","Only 113/67352 centroids (0.2%) span both primer sites; penalties cannot be interpreted as taxon coverage."
"FOLMER","Folmer barcode","Arguloida",5,10,0,0,0,0,0,0,,,,,,,,FALSE,"binding-region incomplete","Only 113/67352 centroids (0.2%) span both primer sites; penalties cannot be interpreted as taxon coverage."
"FOLMER","Folmer barcode","Balanomorpha",8,13,0,0,0,0,0,0,,,,,,,,FALSE,"binding-region incomplete","Only 113/67352 centroids (0.2%) span both primer sites; penalties cannot be interpreted as taxon coverage."
"FOLMER","Folmer barcode","Blattodea",80,288,40,0.5,39,0.4875,39,0.4875,208.3,171.3,379.6,360.733333333333,379.6,0,0,FALSE,"binding-region incomplete","Only 113/67352 centroids (0.2%) span both primer sites; penalties cannot be interpreted as taxon coverage."
"FOLMER","Folmer barcode","Calanoida",99,343,0,0,16,0.161616161616162,0,0,,1623.525,,,,,,FALSE,"binding-region incomplete","Only 113/67352 centroids (0.2%) span both primer sites; penalties cannot be interpreted as taxon coverage."
"FOLMER","Folmer barcode","Chordeumatida",10,22,0,0,0,0,0,0,,,,,,,,FALSE,"binding-region incomplete","Only 113/67352 centroids (0.2%) span both primer sites; penalties cannot be interpreted as taxon coverage."
"FOLMER","Folmer barcode","Coleoptera",2081,7281,20,0.00961076405574243,20,0.00961076405574243,6,0.00288322921672273,131.3,116.95,168.575,170.15,194.875,0,0,FALSE,"binding-region incomplete","Only 113/67352 centroids (0.2%) span both primer sites; penalties cannot be interpreted as taxon coverage."
"FOLMER","Folmer barcode","Cryptophialida",6,7,0,0,0,0,0,0,,,,,,,,FALSE,"binding-region incomplete","Only 113/67352 centroids (0.2%) span both primer sites; penalties cannot be interpreted as taxon coverage."
"FOLMER","Folmer barcode","Cyclopoida",85,264,0,0,0,0,0,0,,,,,,,,FALSE,"binding-region incomplete","Only 113/67352 centroids (0.2%) span both primer sites; penalties cannot be interpreted as taxon coverage."
"FOLMER","Folmer barcode","Decapoda",336,948,0,0,12,0.0357142857142857,0,0,,92,,,,,,FALSE,"binding-region incomplete","Only 113/67352 centroids (0.2%) span both primer sites; penalties cannot be interpreted as taxon coverage."
"FOLMER","Folmer barcode","Dermaptera",2,82,0,0,0,0,0,0,,,,,,,,FALSE,"binding-region incomplete","Only 113/67352 centroids (0.2%) span both primer sites; penalties cannot be interpreted as taxon coverage."
"FOLMER","Folmer barcode","Diplostraca",227,799,0,0,0,0,0,0,,,,,,,,FALSE,"binding-region incomplete","Only 113/67352 centroids (0.2%) span both primer sites; penalties cannot be interpreted as taxon coverage."
"FOLMER","Folmer barcode","Diptera",11541,83309,72,0.00623862750194957,197,0.0170695780261676,22,0.00190624729226237,120.2,85.55,222.95,216.486363636364,222.95,0,0.0909090909090909,FALSE,"binding-region incomplete","Only 113/67352 centroids (0.2%) span both primer sites; penalties cannot be interpreted as taxon coverage."
"FOLMER","Folmer barcode","Entomobryomorpha",187,4396,1,0.0053475935828877,0,0,0,0,109.55,,,,,,,FALSE,"binding-region incomplete","Only 113/67352 centroids (0.2%) span both primer sites; penalties cannot be interpreted as taxon coverage."
"FOLMER","Folmer barcode","Ephemeroptera",134,343,5,0.0373134328358209,0,0,0,0,108.25,,,,,,,FALSE,"binding-region incomplete","Only 113/67352 centroids (0.2%) span both primer sites; penalties cannot be interpreted as taxon coverage."
"FOLMER","Folmer barcode","Euphausiacea",3,10,0,0,0,0,0,0,,,,,,,,FALSE,"binding-region incomplete","Only 113/67352 centroids (0.2%) span both primer sites; penalties cannot be interpreted as taxon coverage."
"FOLMER","Folmer barcode","Geophilomorpha",6,22,0,0,0,0,0,0,,,,,,,,FALSE,"binding-region incomplete","Only 113/67352 centroids (0.2%) span both primer sites; penalties cannot be interpreted as taxon coverage."
"FOLMER","Folmer barcode","Glomerida",3,3,0,0,0,0,0,0,,,,,,,,FALSE,"binding-region incomplete","Only 113/67352 centroids (0.2%) span both primer sites; penalties cannot be interpreted as taxon coverage."
"FOLMER","Folmer barcode","Harpacticoida",28,71,0,0,0,0,0,0,,,,,,,,FALSE,"binding-region incomplete","Only 113/67352 centroids (0.2%) span both primer sites; penalties cannot be interpreted as taxon coverage."
"FOLMER","Folmer barcode","Hemiptera",1671,11609,13,0.00777977259126272,22,0.0131657690005984,1,0.000598444045481747,191.15,2844.1,219.05,219.05,219.05,0,0,FALSE,"binding-region incomplete","Only 113/67352 centroids (0.2%) span both primer sites; penalties cannot be interpreted as taxon coverage."
"FOLMER","Folmer barcode","Hymenoptera",6797,25612,7,0.00102986611740474,79,0.0116227747535678,0,0,73.8,73.8,,,,,,FALSE,"binding-region incomplete","Only 113/67352 centroids (0.2%) span both primer sites; penalties cannot be interpreted as taxon coverage."
"FOLMER","Folmer barcode","Isopoda",172,1068,0,0,0,0,0,0,,,,,,,,FALSE,"binding-region incomplete","Only 113/67352 centroids (0.2%) span both primer sites; penalties cannot be interpreted as taxon coverage."
"FOLMER","Folmer barcode","Ixodida",31,419,0,0,0,0,0,0,,,,,,,,FALSE,"binding-region incomplete","Only 113/67352 centroids (0.2%) span both primer sites; penalties cannot be interpreted as taxon coverage."
"FOLMER","Folmer barcode","Julida",15,183,0,0,0,0,0,0,,,,,,,,FALSE,"binding-region incomplete","Only 113/67352 centroids (0.2%) span both primer sites; penalties cannot be interpreted as taxon coverage."
"FOLMER","Folmer barcode","Laurida",1,1,0,0,0,0,0,0,,,,,,,,FALSE,"binding-region incomplete","Only 113/67352 centroids (0.2%) span both primer sites; penalties cannot be interpreted as taxon coverage."
"FOLMER","Folmer barcode","Lepidoptera",4810,15292,19,0.00395010395010395,23,0.00478170478170478,1,0.000207900207900208,64.8,105.2,147.6,147.6,147.6,0,0,FALSE,"binding-region incomplete","Only 113/67352 centroids (0.2%) span both primer sites; penalties cannot be interpreted as taxon coverage."
"FOLMER","Folmer barcode","Lithobiomorpha",112,298,0,0,0,0,0,0,,,,,,,,FALSE,"binding-region incomplete","Only 113/67352 centroids (0.2%) span both primer sites; penalties cannot be interpreted as taxon coverage."
"FOLMER","Folmer barcode","Lithoglyptida",29,45,0,0,0,0,0,0,,,,,,,,FALSE,"binding-region incomplete","Only 113/67352 centroids (0.2%) span both primer sites; penalties cannot be interpreted as taxon coverage."
"FOLMER","Folmer barcode","Mantodea",4,4,0,0,0,0,0,0,,,,,,,,FALSE,"binding-region incomplete","Only 113/67352 centroids (0.2%) span both primer sites; penalties cannot be interpreted as taxon coverage."
"FOLMER","Folmer barcode","Mecoptera",7,10,1,0.142857142857143,0,0,0,0,88.8,,,,,,,FALSE,"binding-region incomplete","Only 113/67352 centroids (0.2%) span both primer sites; penalties cannot be interpreted as taxon coverage."
"FOLMER","Folmer barcode","Megaloptera",5,6,2,0.4,0,0,0,0,98.025,,,,,,,FALSE,"binding-region incomplete","Only 113/67352 centroids (0.2%) span both primer sites; penalties cannot be interpreted as taxon coverage."
"FOLMER","Folmer barcode","Mesostigmata",97,489,0,0,0,0,0,0,,,,,,,,FALSE,"binding-region incomplete","Only 113/67352 centroids (0.2%) span both primer sites; penalties cannot be interpreted as taxon coverage."
"FOLMER","Folmer barcode","Mysida",2,2,1,0.5,0,0,0,0,0,,,,,,,FALSE,"binding-region incomplete","Only 113/67352 centroids (0.2%) span both primer sites; penalties cannot be interpreted as taxon coverage."
"FOLMER","Folmer barcode","Neelipleona",1,1,0,0,0,0,0,0,,,,,,,,FALSE,"binding-region incomplete","Only 113/67352 centroids (0.2%) span both primer sites; penalties cannot be interpreted as taxon coverage."
"FOLMER","Folmer barcode","Neuroptera",91,368,3,0.032967032967033,1,0.010989010989011,1,0.010989010989011,139.65,102.75,242.4,242.4,242.4,0,0,FALSE,"binding-region incomplete","Only 113/67352 centroids (0.2%) span both primer sites; penalties cannot be interpreted as taxon coverage."
"FOLMER","Folmer barcode","Odonata",61,130,3,0.0491803278688525,0,0,0,0,150.3,,,,,,,FALSE,"binding-region incomplete","Only 113/67352 centroids (0.2%) span both primer sites; penalties cannot be interpreted as taxon coverage."
"FOLMER","Folmer barcode","Opilioacarida",1,1,0,0,0,0,0,0,,,,,,,,FALSE,"binding-region incomplete","Only 113/67352 centroids (0.2%) span both primer sites; penalties cannot be interpreted as taxon coverage."
"FOLMER","Folmer barcode","Opiliones",57,686,0,0,0,0,0,0,,,,,,,,FALSE,"binding-region incomplete","Only 113/67352 centroids (0.2%) span both primer sites; penalties cannot be interpreted as taxon coverage."
"FOLMER","Folmer barcode","order unresolved",31884,135678,74,0.00232091331075147,839,0.0263141387529796,39,0.0012231840421528,318,108.35,429.8,447.710256410256,559.16,0,0.41025641025641,FALSE,"binding-region incomplete","Only 113/67352 centroids (0.2%) span both primer sites; penalties cannot be interpreted as taxon coverage."
"FOLMER","Folmer barcode","Orthoptera",99,725,5,0.0505050505050505,3,0.0303030303030303,1,0.0101010101010101,130.65,128.3,258.5,258.5,258.5,0,0,FALSE,"binding-region incomplete","Only 113/67352 centroids (0.2%) span both primer sites; penalties cannot be interpreted as taxon coverage."
"FOLMER","Folmer barcode","Pantopoda",98,178,0,0,0,0,0,0,,,,,,,,FALSE,"binding-region incomplete","Only 113/67352 centroids (0.2%) span both primer sites; penalties cannot be interpreted as taxon coverage."
"FOLMER","Folmer barcode","Phasmatodea",10,27,4,0.4,3,0.3,3,0.3,4102.4,6296.5,10597.35,10387.6166666667,10627.39,0,1,FALSE,"binding-region incomplete","Only 113/67352 centroids (0.2%) span both primer sites; penalties cannot be interpreted as taxon coverage."
"FOLMER","Folmer barcode","Phthiraptera",3,13,0,0,0,0,0,0,,,,,,,,FALSE,"binding-region incomplete","Only 113/67352 centroids (0.2%) span both primer sites; penalties cannot be interpreted as taxon coverage."
"FOLMER","Folmer barcode","Plecoptera",160,546,8,0.05,1,0.00625,0,0,121.6,54.9,,,,,,FALSE,"binding-region incomplete","Only 113/67352 centroids (0.2%) span both primer sites; penalties cannot be interpreted as taxon coverage."
"FOLMER","Folmer barcode","Podocopida",17,24,0,0,0,0,0,0,,,,,,,,FALSE,"binding-region incomplete","Only 113/67352 centroids (0.2%) span both primer sites; penalties cannot be interpreted as taxon coverage."
"FOLMER","Folmer barcode","Poduromorpha",46,356,2,0.0434782608695652,0,0,0,0,115.15,,,,,,,FALSE,"binding-region incomplete","Only 113/67352 centroids (0.2%) span both primer sites; penalties cannot be interpreted as taxon coverage."
"FOLMER","Folmer barcode","Poecilostomatoida",18,40,0,0,0,0,0,0,,,,,,,,FALSE,"binding-region incomplete","Only 113/67352 centroids (0.2%) span both primer sites; penalties cannot be interpreted as taxon coverage."
"FOLMER","Folmer barcode","Polydesmida",6,18,0,0,0,0,0,0,,,,,,,,FALSE,"binding-region incomplete","Only 113/67352 centroids (0.2%) span both primer sites; penalties cannot be interpreted as taxon coverage."
"FOLMER","Folmer barcode","Polyxenida",1,5,0,0,0,0,0,0,,,,,,,,FALSE,"binding-region incomplete","Only 113/67352 centroids (0.2%) span both primer sites; penalties cannot be interpreted as taxon coverage."
"FOLMER","Folmer barcode","Polyzoniida",1,1,0,0,0,0,0,0,,,,,,,,FALSE,"binding-region incomplete","Only 113/67352 centroids (0.2%) span both primer sites; penalties cannot be interpreted as taxon coverage."
"FOLMER","Folmer barcode","Pseudoscorpiones",15,28,0,0,0,0,0,0,,,,,,,,FALSE,"binding-region incomplete","Only 113/67352 centroids (0.2%) span both primer sites; penalties cannot be interpreted as taxon coverage."
"FOLMER","Folmer barcode","Psocoptera",193,2319,0,0,0,0,0,0,,,,,,,,FALSE,"binding-region incomplete","Only 113/67352 centroids (0.2%) span both primer sites; penalties cannot be interpreted as taxon coverage."
"FOLMER","Folmer barcode","Raphidioptera",5,6,1,0.2,0,0,0,0,54.15,,,,,,,FALSE,"binding-region incomplete","Only 113/67352 centroids (0.2%) span both primer sites; penalties cannot be interpreted as taxon coverage."
"FOLMER","Folmer barcode","Sarcoptiformes",782,2784,0,0,0,0,0,0,,,,,,,,FALSE,"binding-region incomplete","Only 113/67352 centroids (0.2%) span both primer sites; penalties cannot be interpreted as taxon coverage."
"FOLMER","Folmer barcode","Schizomida",2,2,0,0,2,1,0,0,,30.175,,,,,,FALSE,"binding-region incomplete","Only 113/67352 centroids (0.2%) span both primer sites; penalties cannot be interpreted as taxon coverage."
"FOLMER","Folmer barcode","Scolopendromorpha",2,2,0,0,0,0,0,0,,,,,,,,FALSE,"binding-region incomplete","Only 113/67352 centroids (0.2%) span both primer sites; penalties cannot be interpreted as taxon coverage."
"FOLMER","Folmer barcode","Scorpiones",86,126,0,0,83,0.965116279069767,0,0,,30.1,,,,,,FALSE,"binding-region incomplete","Only 113/67352 centroids (0.2%) span both primer sites; penalties cannot be interpreted as taxon coverage."
"FOLMER","Folmer barcode","Siphonaptera",6,81,0,0,0,0,0,0,,,,,,,,FALSE,"binding-region incomplete","Only 113/67352 centroids (0.2%) span both primer sites; penalties cannot be interpreted as taxon coverage."
"FOLMER","Folmer barcode","Siphonostomatoida",8,21,0,0,0,0,0,0,,,,,,,,FALSE,"binding-region incomplete","Only 113/67352 centroids (0.2%) span both primer sites; penalties cannot be interpreted as taxon coverage."
"FOLMER","Folmer barcode","Stomatopoda",2,2,0,0,1,0.5,0,0,,121.25,,,,,,FALSE,"binding-region incomplete","Only 113/67352 centroids (0.2%) span both primer sites; penalties cannot be interpreted as taxon coverage."
"FOLMER","Folmer barcode","Strepsiptera",1,1,0,0,0,0,0,0,,,,,,,,FALSE,"binding-region incomplete","Only 113/67352 centroids (0.2%) span both primer sites; penalties cannot be interpreted as taxon coverage."
"FOLMER","Folmer barcode","Symphypleona",122,1070,0,0,0,0,0,0,,,,,,,,FALSE,"binding-region incomplete","Only 113/67352 centroids (0.2%) span both primer sites; penalties cannot be interpreted as taxon coverage."
"FOLMER","Folmer barcode","Thysanoptera",184,1647,0,0,0,0,0,0,,,,,,,,FALSE,"binding-region incomplete","Only 113/67352 centroids (0.2%) span both primer sites; penalties cannot be interpreted as taxon coverage."
"FOLMER","Folmer barcode","Trichoptera",555,1209,5,0.00900900900900901,0,0,0,0,119,,,,,,,FALSE,"binding-region incomplete","Only 113/67352 centroids (0.2%) span both primer sites; penalties cannot be interpreted as taxon coverage."
"FOLMER","Folmer barcode","Trombidiformes",821,2407,0,0,3,0.00365408038976857,0,0,,116.95,,,,,,FALSE,"binding-region incomplete","Only 113/67352 centroids (0.2%) span both primer sites; penalties cannot be interpreted as taxon coverage."
"FOLMER","Folmer barcode","Uropygi",3,3,0,0,3,1,0,0,,100.05,,,,,,FALSE,"binding-region incomplete","Only 113/67352 centroids (0.2%) span both primer sites; penalties cannot be interpreted as taxon coverage."
"FOLMER","Folmer barcode","Zygentoma",50,60,0,0,0,0,0,0,,,,,,,,FALSE,"binding-region incomplete","Only 113/67352 centroids (0.2%) span both primer sites; penalties cannot be interpreted as taxon coverage."
"FWH1","fwh1","Amblypygi",3,3,0,0,3,1,0,0,,0,,,,,,FALSE,"binding-region incomplete","Only 289/67352 centroids (0.4%) span both primer sites; penalties cannot be interpreted as taxon coverage."
"FWH1","fwh1","Amphipoda",376,1221,0,0,353,0.938829787234043,0,0,,7.85,,,,,,FALSE,"binding-region incomplete","Only 289/67352 centroids (0.4%) span both primer sites; penalties cannot be interpreted as taxon coverage."
"FWH1","fwh1","Anostraca",4,30,0,0,4,1,0,0,,7.85,,,,,,FALSE,"binding-region incomplete","Only 289/67352 centroids (0.4%) span both primer sites; penalties cannot be interpreted as taxon coverage."
"FWH1","fwh1","Araneae",2981,10232,1,0.000335457900033546,2879,0.965783294196578,1,0.000335457900033546,0,0,0,0,0,1,0,FALSE,"binding-region incomplete","Only 289/67352 centroids (0.4%) span both primer sites; penalties cannot be interpreted as taxon coverage."
"FWH1","fwh1","Archaeognatha",3,47,0,0,3,1,0,0,,0,,,,,,FALSE,"binding-region incomplete","Only 289/67352 centroids (0.4%) span both primer sites; penalties cannot be interpreted as taxon coverage."
"FWH1","fwh1","Arguloida",5,10,0,0,5,1,0,0,,7.85,,,,,,FALSE,"binding-region incomplete","Only 289/67352 centroids (0.4%) span both primer sites; penalties cannot be interpreted as taxon coverage."
"FWH1","fwh1","Balanomorpha",8,13,0,0,8,1,0,0,,0,,,,,,FALSE,"binding-region incomplete","Only 289/67352 centroids (0.4%) span both primer sites; penalties cannot be interpreted as taxon coverage."
"FWH1","fwh1","Blattodea",80,288,40,0.5,80,1,40,0.5,0,0,117.13,65.76525,117.13,0.425,0,FALSE,"binding-region incomplete","Only 289/67352 centroids (0.4%) span both primer sites; penalties cannot be interpreted as taxon coverage."
"FWH1","fwh1","Calanoida",99,343,0,0,94,0.94949494949495,0,0,,27.67,,,,,,FALSE,"binding-region incomplete","Only 289/67352 centroids (0.4%) span both primer sites; penalties cannot be interpreted as taxon coverage."
"FWH1","fwh1","Chordeumatida",10,22,0,0,10,1,0,0,,0,,,,,,FALSE,"binding-region incomplete","Only 289/67352 centroids (0.4%) span both primer sites; penalties cannot be interpreted as taxon coverage."
"FWH1","fwh1","Coleoptera",2081,7281,20,0.00961076405574243,2029,0.97501201345507,20,0.00961076405574243,0,0,0,16.826,50.195,0.65,0,FALSE,"binding-region incomplete","Only 289/67352 centroids (0.4%) span both primer sites; penalties cannot be interpreted as taxon coverage."
"FWH1","fwh1","Cryptophialida",6,7,0,0,6,1,0,0,,27.8,,,,,,FALSE,"binding-region incomplete","Only 289/67352 centroids (0.4%) span both primer sites; penalties cannot be interpreted as taxon coverage."
"FWH1","fwh1","Cyclopoida",85,264,0,0,84,0.988235294117647,0,0,,7.85,,,,,,FALSE,"binding-region incomplete","Only 289/67352 centroids (0.4%) span both primer sites; penalties cannot be interpreted as taxon coverage."
"FWH1","fwh1","Decapoda",336,948,2,0.00595238095238095,331,0.985119047619048,2,0.00595238095238095,12.9,0,12.9,12.9,12.9,0,0,FALSE,"binding-region incomplete","Only 289/67352 centroids (0.4%) span both primer sites; penalties cannot be interpreted as taxon coverage."
"FWH1","fwh1","Dermaptera",2,82,0,0,2,1,0,0,,46.12,,,,,,FALSE,"binding-region incomplete","Only 289/67352 centroids (0.4%) span both primer sites; penalties cannot be interpreted as taxon coverage."
"FWH1","fwh1","Diplostraca",227,799,0,0,220,0.969162995594714,0,0,,0,,,,,,FALSE,"binding-region incomplete","Only 289/67352 centroids (0.4%) span both primer sites; penalties cannot be interpreted as taxon coverage."
"FWH1","fwh1","Diptera",11541,83309,72,0.00623862750194957,11360,0.984316783640932,72,0.00623862750194957,0,0,0,14.73125,35.6,0.694444444444444,0.0138888888888889,FALSE,"binding-region incomplete","Only 289/67352 centroids (0.4%) span both primer sites; penalties cannot be interpreted as taxon coverage."
"FWH1","fwh1","Entomobryomorpha",187,4396,1,0.0053475935828877,183,0.978609625668449,1,0.0053475935828877,19.62,0,19.62,19.62,19.62,0,0,FALSE,"binding-region incomplete","Only 289/67352 centroids (0.4%) span both primer sites; penalties cannot be interpreted as taxon coverage."
"FWH1","fwh1","Ephemeroptera",134,343,5,0.0373134328358209,119,0.888059701492537,5,0.0373134328358209,0,0,0,9.224,27.672,0.8,0,FALSE,"binding-region incomplete","Only 289/67352 centroids (0.4%) span both primer sites; penalties cannot be interpreted as taxon coverage."
"FWH1","fwh1","Euphausiacea",3,10,0,0,3,1,0,0,,0,,,,,,FALSE,"binding-region incomplete","Only 289/67352 centroids (0.4%) span both primer sites; penalties cannot be interpreted as taxon coverage."
"FWH1","fwh1","Geophilomorpha",6,22,0,0,6,1,0,0,,27.8,,,,,,FALSE,"binding-region incomplete","Only 289/67352 centroids (0.4%) span both primer sites; penalties cannot be interpreted as taxon coverage."
"FWH1","fwh1","Glomerida",3,3,0,0,2,0.666666666666667,0,0,,102.975,,,,,,FALSE,"binding-region incomplete","Only 289/67352 centroids (0.4%) span both primer sites; penalties cannot be interpreted as taxon coverage."
"FWH1","fwh1","Harpacticoida",28,71,0,0,28,1,0,0,,36.895,,,,,,FALSE,"binding-region incomplete","Only 289/67352 centroids (0.4%) span both primer sites; penalties cannot be interpreted as taxon coverage."
"FWH1","fwh1","Hemiptera",1671,11609,13,0.00777977259126272,1594,0.953919808497905,13,0.00777977259126272,19.62,0,19.62,109.466153846154,465.72,0.461538461538462,0.230769230769231,FALSE,"binding-region incomplete","Only 289/67352 centroids (0.4%) span both primer sites; penalties cannot be interpreted as taxon coverage."
"FWH1","fwh1","Hymenoptera",6797,25612,7,0.00102986611740474,6628,0.975136089451229,7,0.00102986611740474,12.9,0,35.6,51.6142857142857,111.84,0.142857142857143,0,FALSE,"binding-region incomplete","Only 289/67352 centroids (0.4%) span both primer sites; penalties cannot be interpreted as taxon coverage."
"FWH1","fwh1","Isopoda",172,1068,0,0,170,0.988372093023256,0,0,,7.85,,,,,,FALSE,"binding-region incomplete","Only 289/67352 centroids (0.4%) span both primer sites; penalties cannot be interpreted as taxon coverage."
"FWH1","fwh1","Ixodida",31,419,0,0,31,1,0,0,,117.13,,,,,,FALSE,"binding-region incomplete","Only 289/67352 centroids (0.4%) span both primer sites; penalties cannot be interpreted as taxon coverage."
"FWH1","fwh1","Julida",15,183,0,0,15,1,0,0,,0,,,,,,FALSE,"binding-region incomplete","Only 289/67352 centroids (0.4%) span both primer sites; penalties cannot be interpreted as taxon coverage."
"FWH1","fwh1","Laurida",1,1,0,0,1,1,0,0,,0,,,,,,FALSE,"binding-region incomplete","Only 289/67352 centroids (0.4%) span both primer sites; penalties cannot be interpreted as taxon coverage."
"FWH1","fwh1","Lepidoptera",4810,15292,19,0.00395010395010395,4779,0.993555093555094,19,0.00395010395010395,0,0,0,0.413157894736842,0,0.947368421052632,0,FALSE,"binding-region incomplete","Only 289/67352 centroids (0.4%) span both primer sites; penalties cannot be interpreted as taxon coverage."
"FWH1","fwh1","Lithobiomorpha",112,298,0,0,110,0.982142857142857,0,0,,0,,,,,,FALSE,"binding-region incomplete","Only 289/67352 centroids (0.4%) span both primer sites; penalties cannot be interpreted as taxon coverage."
"FWH1","fwh1","Lithoglyptida",29,45,0,0,27,0.931034482758621,0,0,,0,,,,,,FALSE,"binding-region incomplete","Only 289/67352 centroids (0.4%) span both primer sites; penalties cannot be interpreted as taxon coverage."
"FWH1","fwh1","Mantodea",4,4,0,0,4,1,0,0,,0,,,,,,FALSE,"binding-region incomplete","Only 289/67352 centroids (0.4%) span both primer sites; penalties cannot be interpreted as taxon coverage."
"FWH1","fwh1","Mecoptera",7,10,1,0.142857142857143,7,1,1,0.142857142857143,0,0,7.85,7.85,7.85,0,0,FALSE,"binding-region incomplete","Only 289/67352 centroids (0.4%) span both primer sites; penalties cannot be interpreted as taxon coverage."
"FWH1","fwh1","Megaloptera",5,6,2,0.4,5,1,2,0.4,0,0,0,0,0,1,0,FALSE,"binding-region incomplete","Only 289/67352 centroids (0.4%) span both primer sites; penalties cannot be interpreted as taxon coverage."
"FWH1","fwh1","Mesostigmata",97,489,0,0,97,1,0,0,,0,,,,,,FALSE,"binding-region incomplete","Only 289/67352 centroids (0.4%) span both primer sites; penalties cannot be interpreted as taxon coverage."
"FWH1","fwh1","Mysida",2,2,1,0.5,2,1,1,0.5,12.9,30.91,20.75,20.75,20.75,0,0,FALSE,"binding-region incomplete","Only 289/67352 centroids (0.4%) span both primer sites; penalties cannot be interpreted as taxon coverage."
"FWH1","fwh1","Neelipleona",1,1,0,0,1,1,0,0,,0,,,,,,FALSE,"binding-region incomplete","Only 289/67352 centroids (0.4%) span both primer sites; penalties cannot be interpreted as taxon coverage."
"FWH1","fwh1","Neuroptera",91,368,3,0.032967032967033,91,1,3,0.032967032967033,0,0,0,0,0,1,0,FALSE,"binding-region incomplete","Only 289/67352 centroids (0.4%) span both primer sites; penalties cannot be interpreted as taxon coverage."
"FWH1","fwh1","Odonata",61,130,3,0.0491803278688525,51,0.836065573770492,3,0.0491803278688525,0,0,0,2.61666666666667,6.28,0.666666666666667,0,FALSE,"binding-region incomplete","Only 289/67352 centroids (0.4%) span both primer sites; penalties cannot be interpreted as taxon coverage."
"FWH1","fwh1","Opilioacarida",1,1,0,0,1,1,0,0,,0,,,,,,FALSE,"binding-region incomplete","Only 289/67352 centroids (0.4%) span both primer sites; penalties cannot be interpreted as taxon coverage."
"FWH1","fwh1","Opiliones",57,686,0,0,55,0.964912280701754,0,0,,0,,,,,,FALSE,"binding-region incomplete","Only 289/67352 centroids (0.4%) span both primer sites; penalties cannot be interpreted as taxon coverage."
"FWH1","fwh1","order unresolved",31884,135678,74,0.00232091331075147,31424,0.985572701041275,74,0.00232091331075147,118.1,0,118.1,319.840135135135,172.07,0.202702702702703,0.0540540540540541,FALSE,"binding-region incomplete","Only 289/67352 centroids (0.4%) span both primer sites; penalties cannot be interpreted as taxon coverage."
"FWH1","fwh1","Orthoptera",99,725,5,0.0505050505050505,91,0.919191919191919,5,0.0505050505050505,0,0,7.85,4.71,7.85,0.4,0,FALSE,"binding-region incomplete","Only 289/67352 centroids (0.4%) span both primer sites; penalties cannot be interpreted as taxon coverage."
"FWH1","fwh1","Pantopoda",98,178,0,0,94,0.959183673469388,0,0,,0,,,,,,FALSE,"binding-region incomplete","Only 289/67352 centroids (0.4%) span both primer sites; penalties cannot be interpreted as taxon coverage."
"FWH1","fwh1","Phasmatodea",10,27,4,0.4,10,1,4,0.4,3425.315,0,5257.165,4162.32,6103.84,0.25,0.75,FALSE,"binding-region incomplete","Only 289/67352 centroids (0.4%) span both primer sites; penalties cannot be interpreted as taxon coverage."
"FWH1","fwh1","Phthiraptera",3,13,0,0,3,1,0,0,,2142,,,,,,FALSE,"binding-region incomplete","Only 289/67352 centroids (0.4%) span both primer sites; penalties cannot be interpreted as taxon coverage."
"FWH1","fwh1","Plecoptera",160,546,8,0.05,149,0.93125,8,0.05,0,0,16.26,39.435,94.993,0.25,0,FALSE,"binding-region incomplete","Only 289/67352 centroids (0.4%) span both primer sites; penalties cannot be interpreted as taxon coverage."
"FWH1","fwh1","Podocopida",17,24,0,0,16,0.941176470588235,0,0,,7.85,,,,,,FALSE,"binding-region incomplete","Only 289/67352 centroids (0.4%) span both primer sites; penalties cannot be interpreted as taxon coverage."
"FWH1","fwh1","Poduromorpha",46,356,2,0.0434782608695652,46,1,2,0.0434782608695652,13.07,0,13.07,13.07,13.07,0,0,FALSE,"binding-region incomplete","Only 289/67352 centroids (0.4%) span both primer sites; penalties cannot be interpreted as taxon coverage."
"FWH1","fwh1","Poecilostomatoida",18,40,0,0,18,1,0,0,,7.85,,,,,,FALSE,"binding-region incomplete","Only 289/67352 centroids (0.4%) span both primer sites; penalties cannot be interpreted as taxon coverage."
"FWH1","fwh1","Polydesmida",6,18,0,0,6,1,0,0,,0,,,,,,FALSE,"binding-region incomplete","Only 289/67352 centroids (0.4%) span both primer sites; penalties cannot be interpreted as taxon coverage."
"FWH1","fwh1","Polyxenida",1,5,0,0,1,1,0,0,,46.12,,,,,,FALSE,"binding-region incomplete","Only 289/67352 centroids (0.4%) span both primer sites; penalties cannot be interpreted as taxon coverage."
"FWH1","fwh1","Polyzoniida",1,1,0,0,1,1,0,0,,315.23,,,,,,FALSE,"binding-region incomplete","Only 289/67352 centroids (0.4%) span both primer sites; penalties cannot be interpreted as taxon coverage."
"FWH1","fwh1","Pseudoscorpiones",15,28,0,0,15,1,0,0,,0,,,,,,FALSE,"binding-region incomplete","Only 289/67352 centroids (0.4%) span both primer sites; penalties cannot be interpreted as taxon coverage."
"FWH1","fwh1","Psocoptera",193,2319,0,0,192,0.994818652849741,0,0,,0,,,,,,FALSE,"binding-region incomplete","Only 289/67352 centroids (0.4%) span both primer sites; penalties cannot be interpreted as taxon coverage."
"FWH1","fwh1","Raphidioptera",5,6,1,0.2,5,1,1,0.2,0,0,0,0,0,1,0,FALSE,"binding-region incomplete","Only 289/67352 centroids (0.4%) span both primer sites; penalties cannot be interpreted as taxon coverage."
"FWH1","fwh1","Sarcoptiformes",782,2784,0,0,774,0.989769820971867,0,0,,7.85,,,,,,FALSE,"binding-region incomplete","Only 289/67352 centroids (0.4%) span both primer sites; penalties cannot be interpreted as taxon coverage."
"FWH1","fwh1","Schizomida",2,2,0,0,2,1,0,0,,0,,,,,,FALSE,"binding-region incomplete","Only 289/67352 centroids (0.4%) span both primer sites; penalties cannot be interpreted as taxon coverage."
"FWH1","fwh1","Scolopendromorpha",2,2,0,0,2,1,0,0,,99.05,,,,,,FALSE,"binding-region incomplete","Only 289/67352 centroids (0.4%) span both primer sites; penalties cannot be interpreted as taxon coverage."
"FWH1","fwh1","Scorpiones",86,126,0,0,86,1,0,0,,7.85,,,,,,FALSE,"binding-region incomplete","Only 289/67352 centroids (0.4%) span both primer sites; penalties cannot be interpreted as taxon coverage."
"FWH1","fwh1","Siphonaptera",6,81,0,0,6,1,0,0,,0,,,,,,FALSE,"binding-region incomplete","Only 289/67352 centroids (0.4%) span both primer sites; penalties cannot be interpreted as taxon coverage."
"FWH1","fwh1","Siphonostomatoida",8,21,0,0,8,1,0,0,,0,,,,,,FALSE,"binding-region incomplete","Only 289/67352 centroids (0.4%) span both primer sites; penalties cannot be interpreted as taxon coverage."
"FWH1","fwh1","Stomatopoda",2,2,0,0,2,1,0,0,,0,,,,,,FALSE,"binding-region incomplete","Only 289/67352 centroids (0.4%) span both primer sites; penalties cannot be interpreted as taxon coverage."
"FWH1","fwh1","Strepsiptera",1,1,0,0,1,1,0,0,,0,,,,,,FALSE,"binding-region incomplete","Only 289/67352 centroids (0.4%) span both primer sites; penalties cannot be interpreted as taxon coverage."
"FWH1","fwh1","Symphypleona",122,1070,0,0,121,0.991803278688525,0,0,,0,,,,,,FALSE,"binding-region incomplete","Only 289/67352 centroids (0.4%) span both primer sites; penalties cannot be interpreted as taxon coverage."
"FWH1","fwh1","Thysanoptera",184,1647,0,0,181,0.983695652173913,0,0,,2856.8,,,,,,FALSE,"binding-region incomplete","Only 289/67352 centroids (0.4%) span both primer sites; penalties cannot be interpreted as taxon coverage."
"FWH1","fwh1","Trichoptera",555,1209,5,0.00900900900900901,496,0.893693693693694,5,0.00900900900900901,0,0,46.12,114.49,292.372,0.4,0,FALSE,"binding-region incomplete","Only 289/67352 centroids (0.4%) span both primer sites; penalties cannot be interpreted as taxon coverage."
"FWH1","fwh1","Trombidiformes",821,2407,0,0,802,0.976857490864799,0,0,,0,,,,,,FALSE,"binding-region incomplete","Only 289/67352 centroids (0.4%) span both primer sites; penalties cannot be interpreted as taxon coverage."
"FWH1","fwh1","Uropygi",3,3,0,0,3,1,0,0,,0,,,,,,FALSE,"binding-region incomplete","Only 289/67352 centroids (0.4%) span both primer sites; penalties cannot be interpreted as taxon coverage."
"FWH1","fwh1","Zygentoma",50,60,0,0,50,1,0,0,,0,,,,,,FALSE,"binding-region incomplete","Only 289/67352 centroids (0.4%) span both primer sites; penalties cannot be interpreted as taxon coverage."
"FWH2","fwh2","Amblypygi",3,3,3,1,3,1,3,1,0,67.12,67.12,69.8466666666667,117.944,0,0,TRUE,"usable",""
"FWH2","fwh2","Amphipoda",376,1221,375,0.997340425531915,358,0.952127659574468,357,0.949468085106383,45.15,27.42,88.15,185.417254901961,309.134,0.0420168067226891,0.210084033613445,TRUE,"usable",""
"FWH2","fwh2","Anostraca",4,30,4,1,0,0,0,0,0,,,,,,,TRUE,"usable",""
"FWH2","fwh2","Araneae",2981,10232,2967,0.99530358939953,2693,0.903388124790339,2685,0.90070446159007,24.27,0,49.8,99.8912029795159,238.55,0.00968342644320298,0.156424581005587,TRUE,"usable",""
"FWH2","fwh2","Archaeognatha",3,47,3,1,3,1,3,1,45.15,0,45.15,700.166666666667,1617.19,0,0.333333333333333,TRUE,"usable",""
"FWH2","fwh2","Arguloida",5,10,5,1,5,1,5,1,0,0,19.62,29.388,65.322,0.4,0,TRUE,"usable",""
"FWH2","fwh2","Balanomorpha",8,13,8,1,8,1,8,1,11.75,0,11.75,22.21125,45.084,0.125,0,TRUE,"usable",""
"FWH2","fwh2","Blattodea",80,288,80,1,77,0.9625,77,0.9625,0,0,11.77,56.2546753246753,205.89,0.48051948051948,0.0909090909090909,TRUE,"usable",""
"FWH2","fwh2","Calanoida",99,343,98,0.98989898989899,99,1,98,0.98989898989899,24.65,75.3,153.07,171.225714285714,284.239,0,0.285714285714286,TRUE,"usable",""
"FWH2","fwh2","Chordeumatida",10,22,10,1,8,0.8,8,0.8,12.885,181.75,218.49,233.19375,337.747,0,0.625,TRUE,"usable",""
"FWH2","fwh2","Coleoptera",2081,7281,2061,0.990389235944258,1815,0.872176838058626,1804,0.866890917827967,0,0,35.95,68.3389689578714,187.55,0.335920177383592,0.129157427937916,TRUE,"usable",""
"FWH2","fwh2","Cryptophialida",6,7,6,1,6,1,6,1,108.65,185.7,294.35,347.995,455.285,0,0.333333333333333,TRUE,"usable",""
"FWH2","fwh2","Cyclopoida",85,264,85,1,81,0.952941176470588,81,0.952941176470588,51.19,67.12,131.89,121.869135802469,212.52,0.0864197530864197,0.123456790123457,TRUE,"usable",""
"FWH2","fwh2","Decapoda",336,948,336,1,327,0.973214285714286,327,0.973214285714286,11.77,19.62,75.25,100.696788990826,238.942,0.143730886850153,0.155963302752294,TRUE,"usable",""
"FWH2","fwh2","Dermaptera",2,82,2,1,2,1,2,1,67.41,92.85,160.26,160.26,254.988,0,0,TRUE,"usable",""
"FWH2","fwh2","Diplostraca",227,799,227,1,219,0.964757709251101,219,0.964757709251101,11.77,55.35,71.95,116.785342465753,256.1,0.114155251141553,0.191780821917808,TRUE,"usable",""
"FWH2","fwh2","Diptera",11541,83309,11461,0.9930681916645,9792,0.848453340265142,9746,0.844467550472229,0,0,0,52.3207120870101,146.5,0.504925097475888,0.129591627334291,TRUE,"usable",""
"FWH2","fwh2","Entomobryomorpha",187,4396,182,0.973262032085562,141,0.754010695187166,137,0.732620320855615,27.67,39.19,75.3,232.901313868613,269.76,0.072992700729927,0.124087591240876,TRUE,"usable",""
"FWH2","fwh2","Ephemeroptera",134,343,132,0.985074626865672,125,0.932835820895522,123,0.917910447761194,23.52,55.35,94.92,127.702682926829,266.266,0.0650406504065041,0.308943089430894,TRUE,"usable",""
"FWH2","fwh2","Euphausiacea",3,10,3,1,3,1,3,1,11.77,0,11.77,11.77,11.77,0,0,TRUE,"usable",""
"FWH2","fwh2","Geophilomorpha",6,22,6,1,6,1,6,1,46.88,113.37,174.39,187.731666666667,292.23,0,0.666666666666667,TRUE,"usable",""
"FWH2","fwh2","Glomerida",3,3,2,0.666666666666667,3,1,2,0.666666666666667,65.745,0,148.64,148.64,178.496,0,0,TRUE,"usable",""
"FWH2","fwh2","Harpacticoida",28,71,28,1,28,1,28,1,85.905,127.35,219.605,231.509642857143,412.401,0,0.607142857142857,TRUE,"usable",""
"FWH2","fwh2","Hemiptera",1671,11609,1649,0.986834230999402,1287,0.770197486535009,1275,0.763016157989228,12.9,0,24.67,98.7737725490197,198.1,0.248627450980392,0.140392156862745,TRUE,"usable",""
"FWH2","fwh2","Hymenoptera",6797,25612,6740,0.991613947329704,6101,0.897601883183758,6072,0.893335294983081,0,15.8,55.35,501.432343544137,1726.7,0.270915678524374,0.323781291172596,TRUE,"usable",""
"FWH2","fwh2","Isopoda",172,1068,172,1,170,0.988372093023256,170,0.988372093023256,68.67,133.075,197.185,414.301176470588,519.038,0.0176470588235294,0.305882352941176,TRUE,"usable",""
"FWH2","fwh2","Ixodida",31,419,31,1,31,1,31,1,27.67,0,45.15,90.4961290322581,197.45,0.0645161290322581,0.0967741935483871,TRUE,"usable",""
"FWH2","fwh2","Julida",15,183,15,1,15,1,15,1,60.19,60.2,133.02,149.128,258.37,0,0.333333333333333,TRUE,"usable",""
"FWH2","fwh2","Laurida",1,1,1,1,1,1,1,1,27.67,75.3,102.97,102.97,102.97,0,0,TRUE,"usable",""
"FWH2","fwh2","Lepidoptera",4810,15292,4800,0.997920997920998,4560,0.948024948024948,4551,0.946153846153846,0,0,0,34.5472819160625,121.37,0.587123709074929,0.0771259063941991,TRUE,"usable",""
"FWH2","fwh2","Lithobiomorpha",112,298,112,1,112,1,112,1,11.76,0,60.2,88.3750892857143,202.6,0.232142857142857,0.223214285714286,TRUE,"usable",""
"FWH2","fwh2","Lithoglyptida",29,45,29,1,29,1,29,1,11.75,60.2,143.9,128.284137931034,272.45,0.137931034482759,0.137931034482759,TRUE,"usable",""
"FWH2","fwh2","Mantodea",4,4,4,1,4,1,4,1,0,30.1,30.1,778.72,2156.336,0.5,0.25,TRUE,"usable",""
"FWH2","fwh2","Mecoptera",7,10,7,1,4,0.571428571428571,4,0.571428571428571,0,37.65,81.06,75.8675,115.191,0,0.25,TRUE,"usable",""
"FWH2","fwh2","Megaloptera",5,6,5,1,5,1,5,1,0,0,0,32.838,86.94,0.6,0,TRUE,"usable",""
"FWH2","fwh2","Mesostigmata",97,489,96,0.989690721649485,92,0.948453608247423,91,0.938144329896907,26.9,75.3,99.9,479.291428571429,2056.45,0.10989010989011,0.373626373626374,TRUE,"usable",""
"FWH2","fwh2","Mysida",2,2,2,1,2,1,2,1,68.145,72.56,140.705,140.705,174.853,0,0,TRUE,"usable",""
"FWH2","fwh2","Neelipleona",1,1,1,1,0,0,0,0,0,,,,,,,TRUE,"usable",""
"FWH2","fwh2","Neuroptera",91,368,90,0.989010989010989,68,0.747252747252747,68,0.747252747252747,0,0,0,43.5997058823529,55.35,0.735294117647059,0.0441176470588235,TRUE,"usable",""
"FWH2","fwh2","Odonata",61,130,61,1,34,0.557377049180328,34,0.557377049180328,11.75,30.1,53.16,73.0020588235294,200.325,0.205882352941176,0.235294117647059,TRUE,"usable",""
"FWH2","fwh2","Opilioacarida",1,1,1,1,1,1,1,1,108.87,127.35,236.22,236.22,236.22,0,1,TRUE,"usable",""
"FWH2","fwh2","Opiliones",57,686,55,0.964912280701754,49,0.859649122807018,47,0.824561403508772,45.15,36.3,75.25,169.591914893617,354.44,0.297872340425532,0.297872340425532,TRUE,"usable",""
"FWH2","fwh2","order unresolved",31884,135678,31569,0.990120436582612,27913,0.875454773554134,27735,0.869872036130975,8.4,0,55.35,296.036868577613,1338.47,0.28108887687038,0.269082386875789,TRUE,"usable",""
"FWH2","fwh2","Orthoptera",99,725,97,0.97979797979798,81,0.818181818181818,80,0.808080808080808,0,0,0,32.1375,127.35,0.5375,0.075,TRUE,"usable",""
"FWH2","fwh2","Pantopoda",98,178,98,1,97,0.989795918367347,97,0.989795918367347,20.91,0,50.27,84.2596907216495,157.1,0.195876288659794,0.0927835051546392,TRUE,"usable",""
"FWH2","fwh2","Phasmatodea",10,27,7,0.7,10,1,7,0.7,86.6,0,86.6,146.297142857143,265.44,0,0,TRUE,"usable",""
"FWH2","fwh2","Phthiraptera",3,13,3,1,3,1,3,1,108.67,35.6,238.02,193.833333333333,267.172,0,0,TRUE,"usable",""
"FWH2","fwh2","Plecoptera",160,546,156,0.975,138,0.8625,137,0.85625,11.77,57.775,75.25,99.2107299270073,227.16,0.145985401459854,0.145985401459854,TRUE,"usable",""
"FWH2","fwh2","Podocopida",17,24,17,1,17,1,17,1,33.4,185.7,219.1,198.384705882353,219.1,0,0.117647058823529,TRUE,"usable",""
"FWH2","fwh2","Poduromorpha",46,356,46,1,42,0.91304347826087,42,0.91304347826087,11.77,11.77,42.435,129.343571428571,363.5,0.19047619047619,0.30952380952381,TRUE,"usable",""
"FWH2","fwh2","Poecilostomatoida",18,40,17,0.944444444444444,18,1,17,0.944444444444444,59.15,87.875,174.7,172.112352941176,304.1,0,0.294117647058824,TRUE,"usable",""
"FWH2","fwh2","Polydesmida",6,18,6,1,5,0.833333333333333,5,0.833333333333333,28.46,0,60.2,107.524,242.448,0.2,0.2,TRUE,"usable",""
"FWH2","fwh2","Polyxenida",1,5,1,1,1,1,1,1,0,0,0,0,0,1,0,TRUE,"usable",""
"FWH2","fwh2","Polyzoniida",1,1,1,1,1,1,1,1,223.6,242.35,465.95,465.95,465.95,0,1,TRUE,"usable",""
"FWH2","fwh2","Pseudoscorpiones",15,28,15,1,12,0.8,12,0.8,21.65,41.87,63.52,79.3008333333333,177.818,0,0,TRUE,"usable",""
"FWH2","fwh2","Psocoptera",193,2319,193,1,164,0.849740932642487,164,0.849740932642487,14,11.77,75.25,119.141585365854,240.209,0.128048780487805,0.140243902439024,TRUE,"usable",""
"FWH2","fwh2","Raphidioptera",5,6,5,1,4,0.8,4,0.8,0,127.35,127.35,138.6375,158.955,0,1,TRUE,"usable",""
"FWH2","fwh2","Sarcoptiformes",782,2784,779,0.99616368286445,719,0.919437340153453,717,0.916879795396419,39.42,75.3,127.62,155.184058577406,297.06,0.0683403068340307,0.337517433751743,TRUE,"usable",""
"FWH2","fwh2","Schizomida",2,2,2,1,2,1,2,1,0,136.225,136.225,136.225,197.045,0,0.5,TRUE,"usable",""
"FWH2","fwh2","Scolopendromorpha",2,2,2,1,2,1,2,1,75.25,37.65,112.9,112.9,143.02,0,0,TRUE,"usable",""
"FWH2","fwh2","Scorpiones",86,126,86,1,86,1,86,1,45.15,60.2,124.97,168.674534883721,337.22,0,0.302325581395349,TRUE,"usable",""
"FWH2","fwh2","Siphonaptera",6,81,6,1,5,0.833333333333333,5,0.833333333333333,0,60.2,60.2,88.47,145.01,0,0.2,TRUE,"usable",""
"FWH2","fwh2","Siphonostomatoida",8,21,8,1,8,1,8,1,0,101.325,129.07,828.81125,2068.025,0,0.5,TRUE,"usable",""
"FWH2","fwh2","Stomatopoda",2,2,2,1,2,1,2,1,37.625,37.65,75.275,75.275,135.495,0.5,0,TRUE,"usable",""
"FWH2","fwh2","Strepsiptera",1,1,1,1,1,1,1,1,105.3,2690.7,2796,2796,2796,0,1,TRUE,"usable",""
"FWH2","fwh2","Symphypleona",122,1070,120,0.983606557377049,102,0.836065573770492,101,0.827868852459016,14,0,60.2,97.8957425742574,228.2,0.148514851485149,0.287128712871287,TRUE,"usable",""
"FWH2","fwh2","Thysanoptera",184,1647,184,1,158,0.858695652173913,158,0.858695652173913,10.075,2056.45,2061.025,2220.01721518987,2997.17,0,1,TRUE,"usable",""
"FWH2","fwh2","Trichoptera",555,1209,555,1,538,0.969369369369369,538,0.969369369369369,8.4,0,59.375,78.4083457249071,198.1,0.28996282527881,0.176579925650558,TRUE,"usable",""
"FWH2","fwh2","Trombidiformes",821,2407,816,0.993909866017052,741,0.902557856272838,738,0.89890377588307,14,19.62,80.6,117.799769647696,252.85,0.151761517615176,0.172086720867209,TRUE,"usable",""
"FWH2","fwh2","Uropygi",3,3,3,1,3,1,3,1,265.44,0,265.44,259.583333333333,276.64,0,0,TRUE,"usable",""
"FWH2","fwh2","Zygentoma",50,60,50,1,48,0.96,48,0.96,11.77,75.3,120.62,132.240833333333,261.976,0.145833333333333,0.229166666666667,TRUE,"usable",""
"FWH2_EPTDR2N","fwh2 + EPTDr2n","Amblypygi",3,3,3,1,3,1,3,1,0,350.95,350.95,378.35,430.59,0,1,TRUE,"usable",""
"FWH2_EPTDR2N","fwh2 + EPTDr2n","Amphipoda",376,1221,375,0.997340425531915,372,0.98936170212766,371,0.986702127659574,45.15,99.65,188.77,443.230161725067,1434.57,0,0.172506738544474,TRUE,"usable",""
"FWH2_EPTDR2N","fwh2 + EPTDr2n","Anostraca",4,30,4,1,4,1,4,1,0,131.75,131.75,133.15,135.67,0,0,TRUE,"usable",""
"FWH2_EPTDR2N","fwh2 + EPTDr2n","Araneae",2981,10232,2967,0.99530358939953,2941,0.986581683998658,2927,0.981885273398189,24.27,969.2,1006.05,1110.29773146566,1897.6,0.000341646737273659,0.174239836009566,TRUE,"usable",""
"FWH2_EPTDR2N","fwh2 + EPTDr2n","Archaeognatha",3,47,3,1,3,1,3,1,45.15,23.5,68.65,897.833333333333,2058.69,0,0.333333333333333,TRUE,"usable",""
"FWH2_EPTDR2N","fwh2 + EPTDr2n","Arguloida",5,10,5,1,5,1,5,1,0,1782.7,1782.7,1711.168,1892.782,0,1,TRUE,"usable",""
"FWH2_EPTDR2N","fwh2 + EPTDr2n","Balanomorpha",8,13,8,1,8,1,8,1,11.75,452.4,464.15,468.6925,479.754,0,0,TRUE,"usable",""
"FWH2_EPTDR2N","fwh2 + EPTDr2n","Blattodea",80,288,80,1,80,1,80,1,0,82.6,97.725,137.986375,296.804,0,0.1125,TRUE,"usable",""
"FWH2_EPTDR2N","fwh2 + EPTDr2n","Calanoida",99,343,98,0.98989898989899,99,1,98,0.98989898989899,24.65,110,134.61,154.460714285714,216.14,0,0.0306122448979592,TRUE,"usable",""
"FWH2_EPTDR2N","fwh2 + EPTDr2n","Chordeumatida",10,22,10,1,10,1,10,1,12.885,78.475,134.56,169.45,324.52,0.1,0.4,TRUE,"usable",""
"FWH2_EPTDR2N","fwh2 + EPTDr2n","Coleoptera",2081,7281,2061,0.990389235944258,2037,0.978856319077367,2020,0.970687169629986,0,59.75,83.1,214.12398019802,711.5,0.096039603960396,0.0430693069306931,TRUE,"usable",""
"FWH2_EPTDR2N","fwh2 + EPTDr2n","Cryptophialida",6,7,6,1,6,1,6,1,108.65,154.5,263.15,282.57,321.41,0,0,TRUE,"usable",""
"FWH2_EPTDR2N","fwh2 + EPTDr2n","Cyclopoida",85,264,85,1,84,0.988235294117647,84,0.988235294117647,51.19,197.8,299.49,283.714166666667,373.469,0,0.0595238095238095,TRUE,"usable",""
"FWH2_EPTDR2N","fwh2 + EPTDr2n","Decapoda",336,948,336,1,334,0.994047619047619,334,0.994047619047619,11.77,83.25,115.85,157.57877245509,293.909,0.0209580838323353,0.0389221556886228,TRUE,"usable",""
"FWH2_EPTDR2N","fwh2 + EPTDr2n","Dermaptera",2,82,2,1,2,1,2,1,67.41,55.95,123.36,123.36,141.048,0,0,TRUE,"usable",""
"FWH2_EPTDR2N","fwh2 + EPTDr2n","Diplostraca",227,799,227,1,223,0.982378854625551,223,0.982378854625551,11.77,122.15,149.7,199.555739910314,277.92,0,0.062780269058296,TRUE,"usable",""
"FWH2_EPTDR2N","fwh2 + EPTDr2n","Diptera",11541,83309,11461,0.9930681916645,11391,0.987002859370938,11319,0.980764231868989,0,22.4,30.1,122.861256294726,287.646,0.2304973937627,0.0430250022086757,TRUE,"usable",""
"FWH2_EPTDR2N","fwh2 + EPTDr2n","Entomobryomorpha",187,4396,182,0.973262032085562,175,0.935828877005348,170,0.909090909090909,27.67,251.35,282.075,450.002117647059,760,0,0.1,TRUE,"usable",""
"FWH2_EPTDR2N","fwh2 + EPTDr2n","Ephemeroptera",134,343,132,0.985074626865672,131,0.977611940298508,129,0.962686567164179,23.52,91.55,128.72,154.313798449612,277.504,0,0.0310077519379845,TRUE,"usable",""
"FWH2_EPTDR2N","fwh2 + EPTDr2n","Euphausiacea",3,10,3,1,3,1,3,1,11.77,166.2,177.97,196.42,222.25,0,0,TRUE,"usable",""
"FWH2_EPTDR2N","fwh2 + EPTDr2n","Geophilomorpha",6,22,6,1,6,1,6,1,46.88,112.175,159.055,292.265,592.02,0,0.333333333333333,TRUE,"usable",""
"FWH2_EPTDR2N","fwh2 + EPTDr2n","Glomerida",3,3,2,0.666666666666667,3,1,2,0.666666666666667,65.745,277.1,265.695,265.695,363.875,0,0.5,TRUE,"usable",""
"FWH2_EPTDR2N","fwh2 + EPTDr2n","Harpacticoida",28,71,28,1,28,1,28,1,85.905,223.65,317.32,532.762142857143,1010.224,0,0.321428571428571,TRUE,"usable",""
"FWH2_EPTDR2N","fwh2 + EPTDr2n","Hemiptera",1671,11609,1649,0.986834230999402,1504,0.900059844404548,1490,0.891681627767804,12.9,245.15,266.8,398.195006711409,800.18,0.000671140939597315,0.0919463087248322,TRUE,"usable",""
"FWH2_EPTDR2N","fwh2 + EPTDr2n","Hymenoptera",6797,25612,6740,0.991613947329704,6705,0.986464616742681,6658,0.979549801382963,0,801.55,823.275,1076.93672273956,2486.3,0.00180234304595975,0.329227996395314,TRUE,"usable",""
"FWH2_EPTDR2N","fwh2 + EPTDr2n","Isopoda",172,1068,172,1,172,1,172,1,68.67,366.775,452.12,866.163430232558,1915.617,0,0.180232558139535,TRUE,"usable",""
"FWH2_EPTDR2N","fwh2 + EPTDr2n","Ixodida",31,419,31,1,31,1,31,1,27.67,82.6,127.75,134.066129032258,282.37,0,0.0645161290322581,TRUE,"usable",""
"FWH2_EPTDR2N","fwh2 + EPTDr2n","Julida",15,183,15,1,14,0.933333333333333,14,0.933333333333333,60.19,730.125,763.61,676.867142857143,898.895,0,0.0714285714285714,TRUE,"usable",""
"FWH2_EPTDR2N","fwh2 + EPTDr2n","Laurida",1,1,1,1,1,1,1,1,27.67,105.65,133.32,133.32,133.32,0,0,TRUE,"usable",""
"FWH2_EPTDR2N","fwh2 + EPTDr2n","Lepidoptera",4810,15292,4800,0.997920997920998,4781,0.993970893970894,4772,0.992099792099792,0,67.6,82.15,124.510819362951,179.437000000001,0.00125733445096396,0.0207460184409053,TRUE,"usable",""
"FWH2_EPTDR2N","fwh2 + EPTDr2n","Lithobiomorpha",112,298,112,1,112,1,112,1,11.76,146.4,184,267.776517857143,537.868,0,0.375,TRUE,"usable",""
"FWH2_EPTDR2N","fwh2 + EPTDr2n","Lithoglyptida",29,45,29,1,29,1,29,1,11.75,183,183,210.587586206897,293.406,0,0.0344827586206897,TRUE,"usable",""
"FWH2_EPTDR2N","fwh2 + EPTDr2n","Mantodea",4,4,4,1,4,1,4,1,0,359.55,359.55,857.275,1787.625,0,1,TRUE,"usable",""
"FWH2_EPTDR2N","fwh2 + EPTDr2n","Mecoptera",7,10,7,1,7,1,7,1,0,30.1,36.4,444.531428571429,1190.372,0,0.142857142857143,TRUE,"usable",""
"FWH2_EPTDR2N","fwh2 + EPTDr2n","Megaloptera",5,6,5,1,5,1,5,1,0,22.4,80.27,64.818,99.688,0,0,TRUE,"usable",""
"FWH2_EPTDR2N","fwh2 + EPTDr2n","Mesostigmata",97,489,96,0.989690721649485,96,0.989690721649485,95,0.979381443298969,26.9,320.325,343.55,627.652736842105,1638.132,0,0.305263157894737,TRUE,"usable",""
"FWH2_EPTDR2N","fwh2 + EPTDr2n","Mysida",2,2,2,1,2,1,2,1,68.145,1067.275,1135.42,1135.42,1249.804,0,0,TRUE,"usable",""
"FWH2_EPTDR2N","fwh2 + EPTDr2n","Neelipleona",1,1,1,1,0,0,0,0,0,,,,,,,TRUE,"usable",""
"FWH2_EPTDR2N","fwh2 + EPTDr2n","Neuroptera",91,368,90,0.989010989010989,85,0.934065934065934,85,0.934065934065934,0,22.4,22.4,51.5269411764706,122.8,0.176470588235294,0.0117647058823529,TRUE,"usable",""
"FWH2_EPTDR2N","fwh2 + EPTDr2n","Odonata",61,130,61,1,58,0.950819672131147,58,0.950819672131147,11.75,82.15,103.71,161.508793103448,204.475,0,0.0172413793103448,TRUE,"usable",""
"FWH2_EPTDR2N","fwh2 + EPTDr2n","Opilioacarida",1,1,1,1,1,1,1,1,108.87,168.45,277.32,277.32,277.32,0,0,TRUE,"usable",""
"FWH2_EPTDR2N","fwh2 + EPTDr2n","Opiliones",57,686,55,0.964912280701754,56,0.982456140350877,54,0.947368421052632,45.15,149.05,228.745,495.859814814815,1962.776,0,0.203703703703704,TRUE,"usable",""
"FWH2_EPTDR2N","fwh2 + EPTDr2n","order unresolved",31884,135678,31569,0.990120436582612,31264,0.980554510099109,30984,0.97177267595032,8.4,257.45,281.05,604.477641040535,1787.654,0.0419894138910405,0.214626904208624,TRUE,"usable",""
"FWH2_EPTDR2N","fwh2 + EPTDr2n","Orthoptera",99,725,97,0.97979797979798,97,0.97979797979798,96,0.96969696969697,0,95.35,102.075,154.4646875,273.75,0,0.0208333333333333,TRUE,"usable",""
"FWH2_EPTDR2N","fwh2 + EPTDr2n","Pantopoda",98,178,98,1,98,1,98,1,20.91,755.3,766.575,808.63387755102,1508.979,0,0.214285714285714,TRUE,"usable",""
"FWH2_EPTDR2N","fwh2 + EPTDr2n","Phasmatodea",10,27,7,0.7,10,1,7,0.7,86.6,275.575,385.39,390.775714285714,629.25,0,0.142857142857143,TRUE,"usable",""
"FWH2_EPTDR2N","fwh2 + EPTDr2n","Phthiraptera",3,13,3,1,3,1,3,1,108.67,1431.95,1465.37,1302.07,1600.57,0,0,TRUE,"usable",""
"FWH2_EPTDR2N","fwh2 + EPTDr2n","Plecoptera",160,546,156,0.975,151,0.94375,149,0.93125,11.77,30.1,73.7,85.3828859060403,169.224,0.100671140939597,0.0335570469798658,TRUE,"usable",""
"FWH2_EPTDR2N","fwh2 + EPTDr2n","Podocopida",17,24,17,1,17,1,17,1,33.4,91.55,124.95,108.551176470588,124.95,0,0,TRUE,"usable",""
"FWH2_EPTDR2N","fwh2 + EPTDr2n","Poduromorpha",46,356,46,1,45,0.978260869565217,45,0.978260869565217,11.77,256.95,277.1,269.723777777778,309.02,0,0,TRUE,"usable",""
"FWH2_EPTDR2N","fwh2 + EPTDr2n","Poecilostomatoida",18,40,17,0.944444444444444,17,0.944444444444444,16,0.888888888888889,59.15,221.3,303.55,310.3875,469.52,0,0.3125,TRUE,"usable",""
"FWH2_EPTDR2N","fwh2 + EPTDr2n","Polydesmida",6,18,6,1,6,1,6,1,28.46,506.75,512.635,519.523333333333,710.95,0,0.833333333333333,TRUE,"usable",""
"FWH2_EPTDR2N","fwh2 + EPTDr2n","Polyxenida",1,5,1,1,1,1,1,1,0,749.3,749.3,749.3,749.3,0,0,TRUE,"usable",""
"FWH2_EPTDR2N","fwh2 + EPTDr2n","Polyzoniida",1,1,1,1,1,1,1,1,223.6,122.8,346.4,346.4,346.4,0,1,TRUE,"usable",""
"FWH2_EPTDR2N","fwh2 + EPTDr2n","Pseudoscorpiones",15,28,15,1,15,1,15,1,21.65,838.7,860.35,943.217333333333,1050.638,0,0.0666666666666667,TRUE,"usable",""
"FWH2_EPTDR2N","fwh2 + EPTDr2n","Psocoptera",193,2319,193,1,190,0.984455958549223,190,0.984455958549223,14,106,122.8,214.029526315789,297.8,0,0.136842105263158,TRUE,"usable",""
"FWH2_EPTDR2N","fwh2 + EPTDr2n","Raphidioptera",5,6,5,1,5,1,5,1,0,0,6.95,12.77,31.79,0.4,0,TRUE,"usable",""
"FWH2_EPTDR2N","fwh2 + EPTDr2n","Sarcoptiformes",782,2784,779,0.99616368286445,769,0.983375959079284,767,0.980818414322251,39.42,1259,1304.15,1115.35514993481,1649.032,0,0.0717079530638853,TRUE,"usable",""
"FWH2_EPTDR2N","fwh2 + EPTDr2n","Schizomida",2,2,2,1,2,1,2,1,0,201.35,201.35,201.35,203.59,0,0,TRUE,"usable",""
"FWH2_EPTDR2N","fwh2 + EPTDr2n","Scolopendromorpha",2,2,2,1,2,1,2,1,75.25,169.125,244.375,244.375,247.515,0,0,TRUE,"usable",""
"FWH2_EPTDR2N","fwh2 + EPTDr2n","Scorpiones",86,126,86,1,86,1,86,1,45.15,415.3,438.82,385.845,528.67,0,0.686046511627907,TRUE,"usable",""
"FWH2_EPTDR2N","fwh2 + EPTDr2n","Siphonaptera",6,81,6,1,5,0.833333333333333,5,0.833333333333333,0,5.6,5.6,31.14,88.9399999999999,0.4,0,TRUE,"usable",""
"FWH2_EPTDR2N","fwh2 + EPTDr2n","Siphonostomatoida",8,21,8,1,8,1,8,1,0,704.4,714.485,1783.7025,3832.275,0,0.375,TRUE,"usable",""
"FWH2_EPTDR2N","fwh2 + EPTDr2n","Stomatopoda",2,2,2,1,2,1,2,1,37.625,76.525,114.15,114.15,121.07,0,0,TRUE,"usable",""
"FWH2_EPTDR2N","fwh2 + EPTDr2n","Strepsiptera",1,1,1,1,1,1,1,1,105.3,2391.4,2496.7,2496.7,2496.7,0,1,TRUE,"usable",""
"FWH2_EPTDR2N","fwh2 + EPTDr2n","Symphypleona",122,1070,120,0.983606557377049,118,0.967213114754098,116,0.950819672131147,14,277.9,307.785,446.316810344828,782.85,0,0.28448275862069,TRUE,"usable",""
"FWH2_EPTDR2N","fwh2 + EPTDr2n","Thysanoptera",184,1647,184,1,181,0.983695652173913,181,0.983695652173913,10.075,2037.5,2112.75,2119.35276243094,2868.65,0,0.370165745856354,TRUE,"usable",""
"FWH2_EPTDR2N","fwh2 + EPTDr2n","Trichoptera",555,1209,555,1,544,0.98018018018018,544,0.98018018018018,8.4,82.6,115.1,271.933511029412,899.05,0.0459558823529412,0.0772058823529412,TRUE,"usable",""
"FWH2_EPTDR2N","fwh2 + EPTDr2n","Trombidiformes",821,2407,816,0.993909866017052,805,0.980511571254568,801,0.97563946406821,14,297.45,326.2,543.360049937578,1185.1,0,0.223470661672909,TRUE,"usable",""
"FWH2_EPTDR2N","fwh2 + EPTDr2n","Uropygi",3,3,3,1,3,1,3,1,265.44,83.7,363.14,468.226666666667,788.42,0,0.333333333333333,TRUE,"usable",""
"FWH2_EPTDR2N","fwh2 + EPTDr2n","Zygentoma",50,60,50,1,50,1,50,1,11.77,199.85,217.22,246.5742,336.17,0,0.02,TRUE,"usable",""
"HEXCOI","HexCOI","Amblypygi",3,3,3,1,3,1,3,1,0,0,0,2.61666666666667,6.28,0.666666666666667,0,TRUE,"usable",""
"HEXCOI","HexCOI","Amphipoda",376,1221,353,0.938829787234043,358,0.952127659574468,335,0.890957446808511,0,0,7.85,78.9248358208955,135.45,0.48955223880597,0.0358208955223881,TRUE,"usable",""
"HEXCOI","HexCOI","Anostraca",4,30,4,1,0,0,0,0,27.42,,,,,,,TRUE,"usable",""
"HEXCOI","HexCOI","Araneae",2981,10232,2871,0.96309963099631,2696,0.904394498490439,2592,0.869506876886951,0,0,7.85,47.996724537037,142.4,0.474151234567901,0.00617283950617284,TRUE,"usable",""
"HEXCOI","HexCOI","Archaeognatha",3,47,3,1,3,1,3,1,0,0,0,346.966666666667,832.72,0.666666666666667,0.333333333333333,TRUE,"usable",""
"HEXCOI","HexCOI","Arguloida",5,10,5,1,5,1,5,1,0,0,0,5.234,14.132,0.6,0,TRUE,"usable",""
"HEXCOI","HexCOI","Balanomorpha",8,13,8,1,8,1,8,1,0,0,0,0,0,1,0,TRUE,"usable",""
"HEXCOI","HexCOI","Blattodea",80,288,80,1,77,0.9625,77,0.9625,0,0,0,8.56285714285714,18.32,0.714285714285714,0,TRUE,"usable",""
"HEXCOI","HexCOI","Calanoida",99,343,96,0.96969696969697,98,0.98989898989899,95,0.95959595959596,107.84,7.85,125.05,146.236947368421,261.49,0,0.0105263157894737,TRUE,"usable",""
"HEXCOI","HexCOI","Chordeumatida",10,22,10,1,8,0.8,8,0.8,0,239,239,361.72125,712.26,0,0,TRUE,"usable",""
"HEXCOI","HexCOI","Coleoptera",2081,7281,2045,0.982700624699664,1812,0.870735223450264,1778,0.854396924555502,0,0,0,14.455613048369,7.85,0.823959505061867,0.00449943757030371,TRUE,"usable",""
"HEXCOI","HexCOI","Cryptophialida",6,7,6,1,6,1,6,1,0,7.85,7.85,58.6433333333333,160.23,0,0,TRUE,"usable",""
"HEXCOI","HexCOI","Cyclopoida",85,264,84,0.988235294117647,81,0.952941176470588,80,0.941176470588235,0,0,7.85,39.572625,117.13,0.4875,0.025,TRUE,"usable",""
"HEXCOI","HexCOI","Decapoda",336,948,330,0.982142857142857,326,0.970238095238095,320,0.952380952380952,0,0,0,18.17609375,90.3,0.628125,0,TRUE,"usable",""
"HEXCOI","HexCOI","Dermaptera",2,82,2,1,2,1,2,1,0,7.85,7.85,7.85,7.85,0,0,TRUE,"usable",""
"HEXCOI","HexCOI","Diplostraca",227,799,220,0.969162995594714,220,0.969162995594714,213,0.938325991189427,0,0,0,19.561220657277,90.3,0.544600938967136,0.0140845070422535,TRUE,"usable",""
"HEXCOI","HexCOI","Diptera",11541,83309,11396,0.987436097391907,9791,0.848366692660948,9657,0.836755913698986,0,0,0,14.0466345656005,7.85,0.882365123744434,0.00600600600600601,TRUE,"usable",""
"HEXCOI","HexCOI","Entomobryomorpha",187,4396,182,0.973262032085562,140,0.748663101604278,138,0.737967914438503,0,0,0,139.219492753623,124.98,0.652173913043478,0.0579710144927536,TRUE,"usable",""
"HEXCOI","HexCOI","Ephemeroptera",134,343,120,0.895522388059702,125,0.932835820895522,111,0.828358208955224,0,0,0,10.4245045045045,27.42,0.657657657657658,0,TRUE,"usable",""
"HEXCOI","HexCOI","Euphausiacea",3,10,3,1,3,1,3,1,0,0,0,0,0,1,0,TRUE,"usable",""
"HEXCOI","HexCOI","Geophilomorpha",6,22,6,1,6,1,6,1,0,62.49,62.49,62.49,124.98,0.333333333333333,0,TRUE,"usable",""
"HEXCOI","HexCOI","Glomerida",3,3,2,0.666666666666667,3,1,2,0.666666666666667,22.87,0,255.57,255.57,460.026,0.5,0,TRUE,"usable",""
"HEXCOI","HexCOI","Harpacticoida",28,71,28,1,28,1,28,1,22.87,34.3,125.85,143.335,253.477,0.0714285714285714,0.0357142857142857,TRUE,"usable",""
"HEXCOI","HexCOI","Hemiptera",1671,11609,1607,0.961699581089168,1288,0.770795930580491,1231,0.736684619988031,0,0,0,83.1446303818031,142.4,0.635255889520715,0.0292445166531275,TRUE,"usable",""
"HEXCOI","HexCOI","Hymenoptera",6797,25612,6672,0.981609533617773,6032,0.887450345740768,5919,0.870825364131234,0,0,18.32,316.897607704009,998.35,0.484034465281298,0.101875316776483,TRUE,"usable",""
"HEXCOI","HexCOI","Isopoda",172,1068,170,0.988372093023256,170,0.988372093023256,168,0.976744186046512,0,0,7.85,126.786964285714,180.228,0.458333333333333,0.0833333333333333,TRUE,"usable",""
"HEXCOI","HexCOI","Ixodida",31,419,31,1,31,1,31,1,0,0,0,33.2690322580645,124.98,0.709677419354839,0.032258064516129,TRUE,"usable",""
"HEXCOI","HexCOI","Julida",15,183,15,1,15,1,15,1,0,0,0,6.53866666666667,18.32,0.666666666666667,0,TRUE,"usable",""
"HEXCOI","HexCOI","Laurida",1,1,1,1,1,1,1,1,0,7.85,7.85,7.85,7.85,0,0,TRUE,"usable",""
"HEXCOI","HexCOI","Lepidoptera",4810,15292,4779,0.993555093555094,4559,0.947817047817048,4530,0.941787941787942,0,0,0,7.41115231788078,0,0.943046357615894,0.00264900662251656,TRUE,"usable",""
"HEXCOI","HexCOI","Lithobiomorpha",112,298,110,0.982142857142857,112,1,110,0.982142857142857,0,0,0,9.04190909090909,7.85,0.872727272727273,0,TRUE,"usable",""
"HEXCOI","HexCOI","Lithoglyptida",29,45,29,1,29,1,29,1,17.8,0,17.8,26.7544827586207,115.95,0.379310344827586,0,TRUE,"usable",""
"HEXCOI","HexCOI","Mantodea",4,4,4,1,4,1,4,1,9.16,0,9.16,1091.685,3049.39,0.5,0.25,TRUE,"usable",""
"HEXCOI","HexCOI","Mecoptera",7,10,7,1,4,0.571428571428571,4,0.571428571428571,0,0,0,1.9625,5.495,0.75,0,TRUE,"usable",""
"HEXCOI","HexCOI","Megaloptera",5,6,5,1,5,1,5,1,0,0,0,0,0,1,0,TRUE,"usable",""
"HEXCOI","HexCOI","Mesostigmata",97,489,96,0.989690721649485,92,0.948453608247423,91,0.938144329896907,0,0,0,217.583406593407,1025.2,0.604395604395604,0.164835164835165,TRUE,"usable",""
"HEXCOI","HexCOI","Mysida",2,2,2,1,2,1,2,1,9.16,53,62.16,62.16,105.608,0,0,TRUE,"usable",""
"HEXCOI","HexCOI","Neelipleona",1,1,1,1,0,0,0,0,0,,,,,,,TRUE,"usable",""
"HEXCOI","HexCOI","Neuroptera",91,368,91,1,66,0.725274725274725,66,0.725274725274725,0,0,0,13.7809090909091,0,0.954545454545455,0.0151515151515152,TRUE,"usable",""
"HEXCOI","HexCOI","Odonata",61,130,54,0.885245901639344,34,0.557377049180328,27,0.442622950819672,0,0,0,34.0366666666667,35.25,0.703703703703704,0.037037037037037,TRUE,"usable",""
"HEXCOI","HexCOI","Opilioacarida",1,1,1,1,1,1,1,1,0,0,0,0,0,1,0,TRUE,"usable",""
"HEXCOI","HexCOI","Opiliones",57,686,55,0.964912280701754,49,0.859649122807018,47,0.824561403508772,0,0,0,135.155531914894,120.198,0.680851063829787,0.0212765957446809,TRUE,"usable",""
"HEXCOI","HexCOI","order unresolved",31884,135678,31479,0.987297704177644,27851,0.873510224564045,27497,0.862407477104504,0,0,0,163.302025675528,745.25,0.660617521911481,0.0457868131068844,TRUE,"usable",""
"HEXCOI","HexCOI","Orthoptera",99,725,88,0.888888888888889,81,0.818181818181818,71,0.717171717171717,0,0,0,1.37943661971831,0,0.957746478873239,0,TRUE,"usable",""
"HEXCOI","HexCOI","Pantopoda",98,178,94,0.959183673469388,97,0.989795918367347,93,0.948979591836735,0,0,0,14.4721505376344,23.5059999999999,0.817204301075269,0,TRUE,"usable",""
"HEXCOI","HexCOI","Phasmatodea",10,27,10,1,10,1,10,1,0,0,0,1053.392,2893.75,0.6,0.3,TRUE,"usable",""
"HEXCOI","HexCOI","Phthiraptera",3,13,3,1,3,1,3,1,2125.44,150.25,2275.69,2356.66,2470.018,0,1,TRUE,"usable",""
"HEXCOI","HexCOI","Plecoptera",160,546,149,0.93125,138,0.8625,127,0.79375,0,0,0,11.8336220472441,35.27,0.68503937007874,0,TRUE,"usable",""
"HEXCOI","HexCOI","Podocopida",17,24,17,1,17,1,17,1,0,0,0,6.89,0,0.941176470588235,0,TRUE,"usable",""
"HEXCOI","HexCOI","Poduromorpha",46,356,46,1,42,0.91304347826087,42,0.91304347826087,0,0,0,6.16880952380952,27.42,0.833333333333333,0,TRUE,"usable",""
"HEXCOI","HexCOI","Poecilostomatoida",18,40,18,1,18,1,18,1,0,0,76.19,67.8611111111111,137.805,0.388888888888889,0,TRUE,"usable",""
"HEXCOI","HexCOI","Polydesmida",6,18,6,1,5,0.833333333333333,5,0.833333333333333,0,7.85,7.85,7.85,7.85,0,0,TRUE,"usable",""
"HEXCOI","HexCOI","Polyxenida",1,5,1,1,1,1,1,1,0,7.85,7.85,7.85,7.85,0,0,TRUE,"usable",""
"HEXCOI","HexCOI","Polyzoniida",1,1,1,1,1,1,1,1,0,0,0,0,0,1,0,TRUE,"usable",""
"HEXCOI","HexCOI","Pseudoscorpiones",15,28,15,1,12,0.8,12,0.8,0,0,0,4.9,7.85,0.666666666666667,0,TRUE,"usable",""
"HEXCOI","HexCOI","Psocoptera",193,2319,191,0.989637305699482,164,0.849740932642487,162,0.839378238341969,0,0,0,39.9937654320988,35.25,0.783950617283951,0.0246913580246914,TRUE,"usable",""
"HEXCOI","HexCOI","Raphidioptera",5,6,4,0.8,4,0.8,4,0.8,0,0,0,0,0,1,0,TRUE,"usable",""
"HEXCOI","HexCOI","Sarcoptiformes",782,2784,774,0.989769820971867,719,0.919437340153453,714,0.91304347826087,20.4,0,28.25,82.874075630252,137.53,0.00140056022408964,0.0126050420168067,TRUE,"usable",""
"HEXCOI","HexCOI","Schizomida",2,2,2,1,2,1,2,1,0,0,0,0,0,1,0,TRUE,"usable",""
"HEXCOI","HexCOI","Scolopendromorpha",2,2,1,0.5,2,1,1,0.5,0,3.925,7.85,7.85,7.85,0,0,TRUE,"usable",""
"HEXCOI","HexCOI","Scorpiones",86,126,86,1,86,1,86,1,0,0,0,8.62662790697674,27.42,0.546511627906977,0,TRUE,"usable",""
"HEXCOI","HexCOI","Siphonaptera",6,81,6,1,4,0.666666666666667,4,0.666666666666667,0,0,0,0,0,1,0,TRUE,"usable",""
"HEXCOI","HexCOI","Siphonostomatoida",8,21,8,1,8,1,8,1,13.71,49.075,166.84,389.8375,855.95,0.125,0.375,TRUE,"usable",""
"HEXCOI","HexCOI","Stomatopoda",2,2,2,1,2,1,2,1,0,0,0,0,0,1,0,TRUE,"usable",""
"HEXCOI","HexCOI","Strepsiptera",1,1,1,1,1,1,1,1,0,1398.8,1398.8,1398.8,1398.8,0,1,TRUE,"usable",""
"HEXCOI","HexCOI","Symphypleona",122,1070,121,0.991803278688525,102,0.836065573770492,101,0.827868852459016,0,0,0,56.2191089108911,90.3,0.564356435643564,0.0099009900990099,TRUE,"usable",""
"HEXCOI","HexCOI","Thysanoptera",184,1647,181,0.983695652173913,153,0.831521739130435,151,0.820652173913043,2444.3,1025.2,3907.77,3420.7038410596,4509.6,0,1,TRUE,"usable",""
"HEXCOI","HexCOI","Trichoptera",555,1209,498,0.897297297297297,538,0.969369369369369,482,0.868468468468468,0,0,0,11.8052282157676,18.32,0.83195020746888,0.004149377593361,TRUE,"usable",""
"HEXCOI","HexCOI","Trombidiformes",821,2407,809,0.985383678440926,740,0.901339829476248,728,0.886723507917174,0,0,0,45.8200000000001,122.2,0.664835164835165,0.00686813186813187,TRUE,"usable",""
"HEXCOI","HexCOI","Uropygi",3,3,3,1,3,1,3,1,0,0,0,0,0,1,0,TRUE,"usable",""
"HEXCOI","HexCOI","Zygentoma",50,60,50,1,48,0.96,48,0.96,0,0,0,25.628125,117.13,0.75,0,TRUE,"usable",""
"MCO","Leray 313","Amblypygi",3,3,3,1,3,1,3,1,0,0,0,2.15,5.16,0.666666666666667,0,FALSE,"binding-region incomplete","Only 1781/67352 centroids (2.6%) span both primer sites; penalties cannot be interpreted as taxon coverage."
"MCO","Leray 313","Amphipoda",376,1221,375,0.997340425531915,0,0,0,0,55.9,,,,,,,FALSE,"binding-region incomplete","Only 1781/67352 centroids (2.6%) span both primer sites; penalties cannot be interpreted as taxon coverage."
"MCO","Leray 313","Anostraca",4,30,4,1,0,0,0,0,0,,,,,,,FALSE,"binding-region incomplete","Only 1781/67352 centroids (2.6%) span both primer sites; penalties cannot be interpreted as taxon coverage."
"MCO","Leray 313","Araneae",2981,10232,2967,0.99530358939953,440,0.14760147601476,439,0.147266018114727,33.95,0,38.07,106.673075170843,202.12,0.00455580865603645,0.16628701594533,FALSE,"binding-region incomplete","Only 1781/67352 centroids (2.6%) span both primer sites; penalties cannot be interpreted as taxon coverage."
"MCO","Leray 313","Archaeognatha",3,47,3,1,0,0,0,0,45.15,,,,,,,FALSE,"binding-region incomplete","Only 1781/67352 centroids (2.6%) span both primer sites; penalties cannot be interpreted as taxon coverage."
"MCO","Leray 313","Arguloida",5,10,5,1,0,0,0,0,6.45,,,,,,,FALSE,"binding-region incomplete","Only 1781/67352 centroids (2.6%) span both primer sites; penalties cannot be interpreted as taxon coverage."
"MCO","Leray 313","Balanomorpha",8,13,8,1,0,0,0,0,11.75,,,,,,,FALSE,"binding-region incomplete","Only 1781/67352 centroids (2.6%) span both primer sites; penalties cannot be interpreted as taxon coverage."
"MCO","Leray 313","Blattodea",80,288,80,1,39,0.4875,39,0.4875,6.45,0,6.45,39.1730769230769,76.5300000000003,0.0256410256410256,0.0769230769230769,FALSE,"binding-region incomplete","Only 1781/67352 centroids (2.6%) span both primer sites; penalties cannot be interpreted as taxon coverage."
"MCO","Leray 313","Calanoida",99,343,98,0.98989898989899,16,0.161616161616162,16,0.161616161616162,28.82,706.7,715.1,600.546875,1001.27,0,0.75,FALSE,"binding-region incomplete","Only 1781/67352 centroids (2.6%) span both primer sites; penalties cannot be interpreted as taxon coverage."
"MCO","Leray 313","Chordeumatida",10,22,10,1,0,0,0,0,19.62,,,,,,,FALSE,"binding-region incomplete","Only 1781/67352 centroids (2.6%) span both primer sites; penalties cannot be interpreted as taxon coverage."
"MCO","Leray 313","Coleoptera",2081,7281,2061,0.990389235944258,20,0.00961076405574243,19,0.00913022585295531,11.77,0,45.15,88.7326315789474,202.476,0.473684210526316,0.368421052631579,FALSE,"binding-region incomplete","Only 1781/67352 centroids (2.6%) span both primer sites; penalties cannot be interpreted as taxon coverage."
"MCO","Leray 313","Cryptophialida",6,7,6,1,0,0,0,0,108.65,,,,,,,FALSE,"binding-region incomplete","Only 1781/67352 centroids (2.6%) span both primer sites; penalties cannot be interpreted as taxon coverage."
"MCO","Leray 313","Cyclopoida",85,264,85,1,0,0,0,0,56.92,,,,,,,FALSE,"binding-region incomplete","Only 1781/67352 centroids (2.6%) span both primer sites; penalties cannot be interpreted as taxon coverage."
"MCO","Leray 313","Decapoda",336,948,336,1,12,0.0357142857142857,12,0.0357142857142857,45.15,0,9.11,29.5633333333333,72.111,0.416666666666667,0.0833333333333333,FALSE,"binding-region incomplete","Only 1781/67352 centroids (2.6%) span both primer sites; penalties cannot be interpreted as taxon coverage."
"MCO","Leray 313","Dermaptera",2,82,2,1,0,0,0,0,67.41,,,,,,,FALSE,"binding-region incomplete","Only 1781/67352 centroids (2.6%) span both primer sites; penalties cannot be interpreted as taxon coverage."
"MCO","Leray 313","Diplostraca",227,799,227,1,0,0,0,0,11.77,,,,,,,FALSE,"binding-region incomplete","Only 1781/67352 centroids (2.6%) span both primer sites; penalties cannot be interpreted as taxon coverage."
"MCO","Leray 313","Diptera",11541,83309,11461,0.9930681916645,197,0.0170695780261676,197,0.0170695780261676,6.45,0,0,24.5712182741117,169.8,0.710659898477157,0.111675126903553,FALSE,"binding-region incomplete","Only 1781/67352 centroids (2.6%) span both primer sites; penalties cannot be interpreted as taxon coverage."
"MCO","Leray 313","Entomobryomorpha",187,4396,182,0.973262032085562,0,0,0,0,27.67,,,,,,,FALSE,"binding-region incomplete","Only 1781/67352 centroids (2.6%) span both primer sites; penalties cannot be interpreted as taxon coverage."
"MCO","Leray 313","Ephemeroptera",134,343,132,0.985074626865672,0,0,0,0,29.935,,,,,,,FALSE,"binding-region incomplete","Only 1781/67352 centroids (2.6%) span both primer sites; penalties cannot be interpreted as taxon coverage."
"MCO","Leray 313","Euphausiacea",3,10,3,1,0,0,0,0,11.77,,,,,,,FALSE,"binding-region incomplete","Only 1781/67352 centroids (2.6%) span both primer sites; penalties cannot be interpreted as taxon coverage."
"MCO","Leray 313","Geophilomorpha",6,22,6,1,0,0,0,0,50.105,,,,,,,FALSE,"binding-region incomplete","Only 1781/67352 centroids (2.6%) span both primer sites; penalties cannot be interpreted as taxon coverage."
"MCO","Leray 313","Glomerida",3,3,2,0.666666666666667,0,0,0,0,68.97,,,,,,,FALSE,"binding-region incomplete","Only 1781/67352 centroids (2.6%) span both primer sites; penalties cannot be interpreted as taxon coverage."
"MCO","Leray 313","Harpacticoida",28,71,28,1,0,0,0,0,92.395,,,,,,,FALSE,"binding-region incomplete","Only 1781/67352 centroids (2.6%) span both primer sites; penalties cannot be interpreted as taxon coverage."
"MCO","Leray 313","Hemiptera",1671,11609,1649,0.986834230999402,22,0.0131657690005984,22,0.0131657690005984,75.25,2042.65,2144.75,2051.90227272727,2626.75,0,0.954545454545455,FALSE,"binding-region incomplete","Only 1781/67352 centroids (2.6%) span both primer sites; penalties cannot be interpreted as taxon coverage."
"MCO","Leray 313","Hymenoptera",6797,25612,6740,0.991613947329704,79,0.0116227747535678,76,0.0111814035603943,21.65,0,30.545,192.792763157895,193.51,0.276315789473684,0.25,FALSE,"binding-region incomplete","Only 1781/67352 centroids (2.6%) span both primer sites; penalties cannot be interpreted as taxon coverage."
"MCO","Leray 313","Isopoda",172,1068,172,1,0,0,0,0,69.23,,,,,,,FALSE,"binding-region incomplete","Only 1781/67352 centroids (2.6%) span both primer sites; penalties cannot be interpreted as taxon coverage."
"MCO","Leray 313","Ixodida",31,419,31,1,0,0,0,0,34.12,,,,,,,FALSE,"binding-region incomplete","Only 1781/67352 centroids (2.6%) span both primer sites; penalties cannot be interpreted as taxon coverage."
"MCO","Leray 313","Julida",15,183,15,1,0,0,0,0,58.04,,,,,,,FALSE,"binding-region incomplete","Only 1781/67352 centroids (2.6%) span both primer sites; penalties cannot be interpreted as taxon coverage."
"MCO","Leray 313","Laurida",1,1,1,1,0,0,0,0,27.67,,,,,,,FALSE,"binding-region incomplete","Only 1781/67352 centroids (2.6%) span both primer sites; penalties cannot be interpreted as taxon coverage."
"MCO","Leray 313","Lepidoptera",4810,15292,4800,0.997920997920998,23,0.00478170478170478,22,0.00457380457380457,0,0,26.21,35.6054545454545,72.2400000000001,0.454545454545455,0.0909090909090909,FALSE,"binding-region incomplete","Only 1781/67352 centroids (2.6%) span both primer sites; penalties cannot be interpreted as taxon coverage."
"MCO","Leray 313","Lithobiomorpha",112,298,112,1,0,0,0,0,18.92,,,,,,,FALSE,"binding-region incomplete","Only 1781/67352 centroids (2.6%) span both primer sites; penalties cannot be interpreted as taxon coverage."
"MCO","Leray 313","Lithoglyptida",29,45,29,1,0,0,0,0,25.77,,,,,,,FALSE,"binding-region incomplete","Only 1781/67352 centroids (2.6%) span both primer sites; penalties cannot be interpreted as taxon coverage."
"MCO","Leray 313","Mantodea",4,4,4,1,0,0,0,0,169.8,,,,,,,FALSE,"binding-region incomplete","Only 1781/67352 centroids (2.6%) span both primer sites; penalties cannot be interpreted as taxon coverage."
"MCO","Leray 313","Mecoptera",7,10,7,1,0,0,0,0,6.45,,,,,,,FALSE,"binding-region incomplete","Only 1781/67352 centroids (2.6%) span both primer sites; penalties cannot be interpreted as taxon coverage."
"MCO","Leray 313","Megaloptera",5,6,5,1,0,0,0,0,64.32,,,,,,,FALSE,"binding-region incomplete","Only 1781/67352 centroids (2.6%) span both primer sites; penalties cannot be interpreted as taxon coverage."
"MCO","Leray 313","Mesostigmata",97,489,96,0.989690721649485,0,0,0,0,34.45,,,,,,,FALSE,"binding-region incomplete","Only 1781/67352 centroids (2.6%) span both primer sites; penalties cannot be interpreted as taxon coverage."
"MCO","Leray 313","Mysida",2,2,2,1,0,0,0,0,153.045,,,,,,,FALSE,"binding-region incomplete","Only 1781/67352 centroids (2.6%) span both primer sites; penalties cannot be interpreted as taxon coverage."
"MCO","Leray 313","Neelipleona",1,1,1,1,0,0,0,0,169.8,,,,,,,FALSE,"binding-region incomplete","Only 1781/67352 centroids (2.6%) span both primer sites; penalties cannot be interpreted as taxon coverage."
"MCO","Leray 313","Neuroptera",91,368,90,0.989010989010989,1,0.010989010989011,1,0.010989010989011,0,0,0,0,0,1,0,FALSE,"binding-region incomplete","Only 1781/67352 centroids (2.6%) span both primer sites; penalties cannot be interpreted as taxon coverage."
"MCO","Leray 313","Odonata",61,130,61,1,0,0,0,0,11.77,,,,,,,FALSE,"binding-region incomplete","Only 1781/67352 centroids (2.6%) span both primer sites; penalties cannot be interpreted as taxon coverage."
"MCO","Leray 313","Opilioacarida",1,1,1,1,0,0,0,0,108.87,,,,,,,FALSE,"binding-region incomplete","Only 1781/67352 centroids (2.6%) span both primer sites; penalties cannot be interpreted as taxon coverage."
"MCO","Leray 313","Opiliones",57,686,55,0.964912280701754,0,0,0,0,64.77,,,,,,,FALSE,"binding-region incomplete","Only 1781/67352 centroids (2.6%) span both primer sites; penalties cannot be interpreted as taxon coverage."
"MCO","Leray 313","order unresolved",31884,135678,31569,0.990120436582612,839,0.0263141387529796,839,0.0263141387529796,19.62,0,51.6,72.7461859356377,169.8,0.0786650774731824,0.0810488676996424,FALSE,"binding-region incomplete","Only 1781/67352 centroids (2.6%) span both primer sites; penalties cannot be interpreted as taxon coverage."
"MCO","Leray 313","Orthoptera",99,725,97,0.97979797979798,3,0.0303030303030303,3,0.0303030303030303,0,0,0,56.6,135.84,0.666666666666667,0.333333333333333,FALSE,"binding-region incomplete","Only 1781/67352 centroids (2.6%) span both primer sites; penalties cannot be interpreted as taxon coverage."
"MCO","Leray 313","Pantopoda",98,178,98,1,0,0,0,0,22.085,,,,,,,FALSE,"binding-region incomplete","Only 1781/67352 centroids (2.6%) span both primer sites; penalties cannot be interpreted as taxon coverage."
"MCO","Leray 313","Phasmatodea",10,27,7,0.7,3,0.3,0,0,262.85,5765.8,,,,,,FALSE,"binding-region incomplete","Only 1781/67352 centroids (2.6%) span both primer sites; penalties cannot be interpreted as taxon coverage."
"MCO","Leray 313","Phthiraptera",3,13,3,1,0,0,0,0,108.67,,,,,,,FALSE,"binding-region incomplete","Only 1781/67352 centroids (2.6%) span both primer sites; penalties cannot be interpreted as taxon coverage."
"MCO","Leray 313","Plecoptera",160,546,156,0.975,1,0.00625,1,0.00625,18.22,54.9,54.9,54.9,54.9,0,0,FALSE,"binding-region incomplete","Only 1781/67352 centroids (2.6%) span both primer sites; penalties cannot be interpreted as taxon coverage."
"MCO","Leray 313","Podocopida",17,24,17,1,0,0,0,0,33.4,,,,,,,FALSE,"binding-region incomplete","Only 1781/67352 centroids (2.6%) span both primer sites; penalties cannot be interpreted as taxon coverage."
"MCO","Leray 313","Poduromorpha",46,356,46,1,0,0,0,0,11.77,,,,,,,FALSE,"binding-region incomplete","Only 1781/67352 centroids (2.6%) span both primer sites; penalties cannot be interpreted as taxon coverage."
"MCO","Leray 313","Poecilostomatoida",18,40,17,0.944444444444444,0,0,0,0,221.4,,,,,,,FALSE,"binding-region incomplete","Only 1781/67352 centroids (2.6%) span both primer sites; penalties cannot be interpreted as taxon coverage."
"MCO","Leray 313","Polydesmida",6,18,6,1,0,0,0,0,49.96,,,,,,,FALSE,"binding-region incomplete","Only 1781/67352 centroids (2.6%) span both primer sites; penalties cannot be interpreted as taxon coverage."
"MCO","Leray 313","Polyxenida",1,5,1,1,0,0,0,0,0,,,,,,,FALSE,"binding-region incomplete","Only 1781/67352 centroids (2.6%) span both primer sites; penalties cannot be interpreted as taxon coverage."
"MCO","Leray 313","Polyzoniida",1,1,1,1,0,0,0,0,280.2,,,,,,,FALSE,"binding-region incomplete","Only 1781/67352 centroids (2.6%) span both primer sites; penalties cannot be interpreted as taxon coverage."
"MCO","Leray 313","Pseudoscorpiones",15,28,15,1,0,0,0,0,28.1,,,,,,,FALSE,"binding-region incomplete","Only 1781/67352 centroids (2.6%) span both primer sites; penalties cannot be interpreted as taxon coverage."
"MCO","Leray 313","Psocoptera",193,2319,193,1,0,0,0,0,20.17,,,,,,,FALSE,"binding-region incomplete","Only 1781/67352 centroids (2.6%) span both primer sites; penalties cannot be interpreted as taxon coverage."
"MCO","Leray 313","Raphidioptera",5,6,5,1,0,0,0,0,0,,,,,,,FALSE,"binding-region incomplete","Only 1781/67352 centroids (2.6%) span both primer sites; penalties cannot be interpreted as taxon coverage."
"MCO","Leray 313","Sarcoptiformes",782,2784,779,0.99616368286445,0,0,0,0,57.87,,,,,,,FALSE,"binding-region incomplete","Only 1781/67352 centroids (2.6%) span both primer sites; penalties cannot be interpreted as taxon coverage."
"MCO","Leray 313","Schizomida",2,2,2,1,2,1,2,1,84.9,0,84.9,84.9,152.82,0.5,0.5,FALSE,"binding-region incomplete","Only 1781/67352 centroids (2.6%) span both primer sites; penalties cannot be interpreted as taxon coverage."
"MCO","Leray 313","Scolopendromorpha",2,2,2,1,0,0,0,0,248.275,,,,,,,FALSE,"binding-region incomplete","Only 1781/67352 centroids (2.6%) span both primer sites; penalties cannot be interpreted as taxon coverage."
"MCO","Leray 313","Scorpiones",86,126,86,1,83,0.965116279069767,83,0.965116279069767,51.6,0,51.6,67.5238554216867,99.71,0.0963855421686747,0.0963855421686747,FALSE,"binding-region incomplete","Only 1781/67352 centroids (2.6%) span both primer sites; penalties cannot be interpreted as taxon coverage."
"MCO","Leray 313","Siphonaptera",6,81,6,1,0,0,0,0,7,,,,,,,FALSE,"binding-region incomplete","Only 1781/67352 centroids (2.6%) span both primer sites; penalties cannot be interpreted as taxon coverage."
"MCO","Leray 313","Siphonostomatoida",8,21,8,1,0,0,0,0,27.91,,,,,,,FALSE,"binding-region incomplete","Only 1781/67352 centroids (2.6%) span both primer sites; penalties cannot be interpreted as taxon coverage."
"MCO","Leray 313","Stomatopoda",2,2,2,1,1,0.5,1,0.5,207.425,0,169.8,169.8,169.8,0,1,FALSE,"binding-region incomplete","Only 1781/67352 centroids (2.6%) span both primer sites; penalties cannot be interpreted as taxon coverage."
"MCO","Leray 313","Strepsiptera",1,1,1,1,0,0,0,0,105.3,,,,,,,FALSE,"binding-region incomplete","Only 1781/67352 centroids (2.6%) span both primer sites; penalties cannot be interpreted as taxon coverage."
"MCO","Leray 313","Symphypleona",122,1070,120,0.983606557377049,0,0,0,0,55.21,,,,,,,FALSE,"binding-region incomplete","Only 1781/67352 centroids (2.6%) span both primer sites; penalties cannot be interpreted as taxon coverage."
"MCO","Leray 313","Thysanoptera",184,1647,184,1,0,0,0,0,169.8,,,,,,,FALSE,"binding-region incomplete","Only 1781/67352 centroids (2.6%) span both primer sites; penalties cannot be interpreted as taxon coverage."
"MCO","Leray 313","Trichoptera",555,1209,555,1,0,0,0,0,11.77,,,,,,,FALSE,"binding-region incomplete","Only 1781/67352 centroids (2.6%) span both primer sites; penalties cannot be interpreted as taxon coverage."
"MCO","Leray 313","Trombidiformes",821,2407,816,0.993909866017052,3,0.00365408038976857,3,0.00365408038976857,86.6,0,41.15,126.05,244.91,0,0.333333333333333,FALSE,"binding-region incomplete","Only 1781/67352 centroids (2.6%) span both primer sites; penalties cannot be interpreted as taxon coverage."
"MCO","Leray 313","Uropygi",3,3,3,1,3,1,3,1,271.89,0,271.89,269.243333333333,277.93,0,0.333333333333333,FALSE,"binding-region incomplete","Only 1781/67352 centroids (2.6%) span both primer sites; penalties cannot be interpreted as taxon coverage."
"MCO","Leray 313","Zygentoma",50,60,50,1,0,0,0,0,11.77,,,,,,,FALSE,"binding-region incomplete","Only 1781/67352 centroids (2.6%) span both primer sites; penalties cannot be interpreted as taxon coverage."
"LERAY_XT","Leray-XT","Amblypygi",3,3,3,1,3,1,3,1,0,0,0,2.15,5.16,0.666666666666667,0,FALSE,"binding-region incomplete","Only 1781/67352 centroids (2.6%) span both primer sites; penalties cannot be interpreted as taxon coverage."
"LERAY_XT","Leray-XT","Amphipoda",376,1221,375,0.997340425531915,0,0,0,0,14,,,,,,,FALSE,"binding-region incomplete","Only 1781/67352 centroids (2.6%) span both primer sites; penalties cannot be interpreted as taxon coverage."
"LERAY_XT","Leray-XT","Anostraca",4,30,4,1,0,0,0,0,0,,,,,,,FALSE,"binding-region incomplete","Only 1781/67352 centroids (2.6%) span both primer sites; penalties cannot be interpreted as taxon coverage."
"LERAY_XT","Leray-XT","Araneae",2981,10232,2967,0.99530358939953,440,0.14760147601476,439,0.147266018114727,22.2,0,22.2,87.9238496583144,182.85,0.0136674259681093,0.16628701594533,FALSE,"binding-region incomplete","Only 1781/67352 centroids (2.6%) span both primer sites; penalties cannot be interpreted as taxon coverage."
"LERAY_XT","Leray-XT","Archaeognatha",3,47,3,1,0,0,0,0,0,,,,,,,FALSE,"binding-region incomplete","Only 1781/67352 centroids (2.6%) span both primer sites; penalties cannot be interpreted as taxon coverage."
"LERAY_XT","Leray-XT","Arguloida",5,10,5,1,0,0,0,0,6.45,,,,,,,FALSE,"binding-region incomplete","Only 1781/67352 centroids (2.6%) span both primer sites; penalties cannot be interpreted as taxon coverage."
"LERAY_XT","Leray-XT","Balanomorpha",8,13,8,1,0,0,0,0,0,,,,,,,FALSE,"binding-region incomplete","Only 1781/67352 centroids (2.6%) span both primer sites; penalties cannot be interpreted as taxon coverage."
"LERAY_XT","Leray-XT","Blattodea",80,288,80,1,39,0.4875,39,0.4875,6.45,0,6.45,25.445641025641,25.0900000000001,0.0256410256410256,0.0769230769230769,FALSE,"binding-region incomplete","Only 1781/67352 centroids (2.6%) span both primer sites; penalties cannot be interpreted as taxon coverage."
"LERAY_XT","Leray-XT","Calanoida",99,343,98,0.98989898989899,16,0.161616161616162,16,0.161616161616162,19.895,706.7,715.1,600.546875,1001.27,0,0.75,FALSE,"binding-region incomplete","Only 1781/67352 centroids (2.6%) span both primer sites; penalties cannot be interpreted as taxon coverage."
"LERAY_XT","Leray-XT","Chordeumatida",10,22,10,1,0,0,0,0,19.62,,,,,,,FALSE,"binding-region incomplete","Only 1781/67352 centroids (2.6%) span both primer sites; penalties cannot be interpreted as taxon coverage."
"LERAY_XT","Leray-XT","Coleoptera",2081,7281,2061,0.990389235944258,20,0.00961076405574243,19,0.00913022585295531,6.45,0,0,81.7773684210526,202.476,0.526315789473684,0.368421052631579,FALSE,"binding-region incomplete","Only 1781/67352 centroids (2.6%) span both primer sites; penalties cannot be interpreted as taxon coverage."
"LERAY_XT","Leray-XT","Cryptophialida",6,7,6,1,0,0,0,0,0,,,,,,,FALSE,"binding-region incomplete","Only 1781/67352 centroids (2.6%) span both primer sites; penalties cannot be interpreted as taxon coverage."
"LERAY_XT","Leray-XT","Cyclopoida",85,264,85,1,0,0,0,0,18.6,,,,,,,FALSE,"binding-region incomplete","Only 1781/67352 centroids (2.6%) span both primer sites; penalties cannot be interpreted as taxon coverage."
"LERAY_XT","Leray-XT","Decapoda",336,948,336,1,12,0.0357142857142857,12,0.0357142857142857,11.26,0,9.11,29.5633333333333,72.111,0.416666666666667,0.0833333333333333,FALSE,"binding-region incomplete","Only 1781/67352 centroids (2.6%) span both primer sites; penalties cannot be interpreted as taxon coverage."
"LERAY_XT","Leray-XT","Dermaptera",2,82,2,1,0,0,0,0,18.035,,,,,,,FALSE,"binding-region incomplete","Only 1781/67352 centroids (2.6%) span both primer sites; penalties cannot be interpreted as taxon coverage."
"LERAY_XT","Leray-XT","Diplostraca",227,799,227,1,0,0,0,0,6.45,,,,,,,FALSE,"binding-region incomplete","Only 1781/67352 centroids (2.6%) span both primer sites; penalties cannot be interpreted as taxon coverage."
"LERAY_XT","Leray-XT","Diptera",11541,83309,11461,0.9930681916645,197,0.0170695780261676,197,0.0170695780261676,0,0,0,23.0004060913706,169.8,0.725888324873096,0.111675126903553,FALSE,"binding-region incomplete","Only 1781/67352 centroids (2.6%) span both primer sites; penalties cannot be interpreted as taxon coverage."
"LERAY_XT","Leray-XT","Entomobryomorpha",187,4396,182,0.973262032085562,0,0,0,0,20.17,,,,,,,FALSE,"binding-region incomplete","Only 1781/67352 centroids (2.6%) span both primer sites; penalties cannot be interpreted as taxon coverage."
"LERAY_XT","Leray-XT","Ephemeroptera",134,343,132,0.985074626865672,0,0,0,0,11.77,,,,,,,FALSE,"binding-region incomplete","Only 1781/67352 centroids (2.6%) span both primer sites; penalties cannot be interpreted as taxon coverage."
"LERAY_XT","Leray-XT","Euphausiacea",3,10,3,1,0,0,0,0,11.77,,,,,,,FALSE,"binding-region incomplete","Only 1781/67352 centroids (2.6%) span both primer sites; penalties cannot be interpreted as taxon coverage."
"LERAY_XT","Leray-XT","Geophilomorpha",6,22,6,1,0,0,0,0,50.105,,,,,,,FALSE,"binding-region incomplete","Only 1781/67352 centroids (2.6%) span both primer sites; penalties cannot be interpreted as taxon coverage."
"LERAY_XT","Leray-XT","Glomerida",3,3,2,0.666666666666667,0,0,0,0,31.345,,,,,,,FALSE,"binding-region incomplete","Only 1781/67352 centroids (2.6%) span both primer sites; penalties cannot be interpreted as taxon coverage."
"LERAY_XT","Leray-XT","Harpacticoida",28,71,28,1,0,0,0,0,46.12,,,,,,,FALSE,"binding-region incomplete","Only 1781/67352 centroids (2.6%) span both primer sites; penalties cannot be interpreted as taxon coverage."
"LERAY_XT","Leray-XT","Hemiptera",1671,11609,1649,0.986834230999402,22,0.0131657690005984,22,0.0131657690005984,20.45,2042.65,2058.15,1954.65272727273,2540.15,0,0.954545454545455,FALSE,"binding-region incomplete","Only 1781/67352 centroids (2.6%) span both primer sites; penalties cannot be interpreted as taxon coverage."
"LERAY_XT","Leray-XT","Hymenoptera",6797,25612,6740,0.991613947329704,79,0.0116227747535678,76,0.0111814035603943,0,0,0,162.218947368421,169.8,0.592105263157895,0.25,FALSE,"binding-region incomplete","Only 1781/67352 centroids (2.6%) span both primer sites; penalties cannot be interpreted as taxon coverage."
"LERAY_XT","Leray-XT","Isopoda",172,1068,172,1,0,0,0,0,21.485,,,,,,,FALSE,"binding-region incomplete","Only 1781/67352 centroids (2.6%) span both primer sites; penalties cannot be interpreted as taxon coverage."
"LERAY_XT","Leray-XT","Ixodida",31,419,31,1,0,0,0,0,0,,,,,,,FALSE,"binding-region incomplete","Only 1781/67352 centroids (2.6%) span both primer sites; penalties cannot be interpreted as taxon coverage."
"LERAY_XT","Leray-XT","Julida",15,183,15,1,0,0,0,0,46.12,,,,,,,FALSE,"binding-region incomplete","Only 1781/67352 centroids (2.6%) span both primer sites; penalties cannot be interpreted as taxon coverage."
"LERAY_XT","Leray-XT","Laurida",1,1,1,1,0,0,0,0,27.67,,,,,,,FALSE,"binding-region incomplete","Only 1781/67352 centroids (2.6%) span both primer sites; penalties cannot be interpreted as taxon coverage."
"LERAY_XT","Leray-XT","Lepidoptera",4810,15292,4800,0.997920997920998,23,0.00478170478170478,22,0.00457380457380457,0,0,0,17.8190909090909,27.378,0.818181818181818,0.0909090909090909,FALSE,"binding-region incomplete","Only 1781/67352 centroids (2.6%) span both primer sites; penalties cannot be interpreted as taxon coverage."
"LERAY_XT","Leray-XT","Lithobiomorpha",112,298,112,1,0,0,0,0,6.45,,,,,,,FALSE,"binding-region incomplete","Only 1781/67352 centroids (2.6%) span both primer sites; penalties cannot be interpreted as taxon coverage."
"LERAY_XT","Leray-XT","Lithoglyptida",29,45,29,1,0,0,0,0,11.77,,,,,,,FALSE,"binding-region incomplete","Only 1781/67352 centroids (2.6%) span both primer sites; penalties cannot be interpreted as taxon coverage."
"LERAY_XT","Leray-XT","Mantodea",4,4,4,1,0,0,0,0,169.8,,,,,,,FALSE,"binding-region incomplete","Only 1781/67352 centroids (2.6%) span both primer sites; penalties cannot be interpreted as taxon coverage."
"LERAY_XT","Leray-XT","Mecoptera",7,10,7,1,0,0,0,0,6.45,,,,,,,FALSE,"binding-region incomplete","Only 1781/67352 centroids (2.6%) span both primer sites; penalties cannot be interpreted as taxon coverage."
"LERAY_XT","Leray-XT","Megaloptera",5,6,5,1,0,0,0,0,52.57,,,,,,,FALSE,"binding-region incomplete","Only 1781/67352 centroids (2.6%) span both primer sites; penalties cannot be interpreted as taxon coverage."
"LERAY_XT","Leray-XT","Mesostigmata",97,489,96,0.989690721649485,0,0,0,0,11.77,,,,,,,FALSE,"binding-region incomplete","Only 1781/67352 centroids (2.6%) span both primer sites; penalties cannot be interpreted as taxon coverage."
"LERAY_XT","Leray-XT","Mysida",2,2,2,1,0,0,0,0,153.045,,,,,,,FALSE,"binding-region incomplete","Only 1781/67352 centroids (2.6%) span both primer sites; penalties cannot be interpreted as taxon coverage."
"LERAY_XT","Leray-XT","Neelipleona",1,1,1,1,0,0,0,0,169.8,,,,,,,FALSE,"binding-region incomplete","Only 1781/67352 centroids (2.6%) span both primer sites; penalties cannot be interpreted as taxon coverage."
"LERAY_XT","Leray-XT","Neuroptera",91,368,90,0.989010989010989,1,0.010989010989011,1,0.010989010989011,0,0,0,0,0,1,0,FALSE,"binding-region incomplete","Only 1781/67352 centroids (2.6%) span both primer sites; penalties cannot be interpreted as taxon coverage."
"LERAY_XT","Leray-XT","Odonata",61,130,61,1,0,0,0,0,11.77,,,,,,,FALSE,"binding-region incomplete","Only 1781/67352 centroids (2.6%) span both primer sites; penalties cannot be interpreted as taxon coverage."
"LERAY_XT","Leray-XT","Opilioacarida",1,1,1,1,0,0,0,0,33.62,,,,,,,FALSE,"binding-region incomplete","Only 1781/67352 centroids (2.6%) span both primer sites; penalties cannot be interpreted as taxon coverage."
"LERAY_XT","Leray-XT","Opiliones",57,686,55,0.964912280701754,0,0,0,0,6.45,,,,,,,FALSE,"binding-region incomplete","Only 1781/67352 centroids (2.6%) span both primer sites; penalties cannot be interpreted as taxon coverage."
"LERAY_XT","Leray-XT","order unresolved",31884,135678,31569,0.990120436582612,839,0.0263141387529796,839,0.0263141387529796,6.45,0,19.62,43.8685339690107,71.95,0.139451728247914,0.0810488676996424,FALSE,"binding-region incomplete","Only 1781/67352 centroids (2.6%) span both primer sites; penalties cannot be interpreted as taxon coverage."
"LERAY_XT","Leray-XT","Orthoptera",99,725,97,0.97979797979798,3,0.0303030303030303,3,0.0303030303030303,0,0,0,56.6,135.84,0.666666666666667,0.333333333333333,FALSE,"binding-region incomplete","Only 1781/67352 centroids (2.6%) span both primer sites; penalties cannot be interpreted as taxon coverage."
"LERAY_XT","Leray-XT","Pantopoda",98,178,98,1,0,0,0,0,6.45,,,,,,,FALSE,"binding-region incomplete","Only 1781/67352 centroids (2.6%) span both primer sites; penalties cannot be interpreted as taxon coverage."
"LERAY_XT","Leray-XT","Phasmatodea",10,27,7,0.7,3,0.3,0,0,169.8,5765.8,,,,,,FALSE,"binding-region incomplete","Only 1781/67352 centroids (2.6%) span both primer sites; penalties cannot be interpreted as taxon coverage."
"LERAY_XT","Leray-XT","Phthiraptera",3,13,3,1,0,0,0,0,11.77,,,,,,,FALSE,"binding-region incomplete","Only 1781/67352 centroids (2.6%) span both primer sites; penalties cannot be interpreted as taxon coverage."
"LERAY_XT","Leray-XT","Plecoptera",160,546,156,0.975,1,0.00625,1,0.00625,6.45,54.9,54.9,54.9,54.9,0,0,FALSE,"binding-region incomplete","Only 1781/67352 centroids (2.6%) span both primer sites; penalties cannot be interpreted as taxon coverage."
"LERAY_XT","Leray-XT","Podocopida",17,24,17,1,0,0,0,0,6.45,,,,,,,FALSE,"binding-region incomplete","Only 1781/67352 centroids (2.6%) span both primer sites; penalties cannot be interpreted as taxon coverage."
"LERAY_XT","Leray-XT","Poduromorpha",46,356,46,1,0,0,0,0,11.77,,,,,,,FALSE,"binding-region incomplete","Only 1781/67352 centroids (2.6%) span both primer sites; penalties cannot be interpreted as taxon coverage."
"LERAY_XT","Leray-XT","Poecilostomatoida",18,40,17,0.944444444444444,0,0,0,0,190.25,,,,,,,FALSE,"binding-region incomplete","Only 1781/67352 centroids (2.6%) span both primer sites; penalties cannot be interpreted as taxon coverage."
"LERAY_XT","Leray-XT","Polydesmida",6,18,6,1,0,0,0,0,12.335,,,,,,,FALSE,"binding-region incomplete","Only 1781/67352 centroids (2.6%) span both primer sites; penalties cannot be interpreted as taxon coverage."
"LERAY_XT","Leray-XT","Polyxenida",1,5,1,1,0,0,0,0,0,,,,,,,FALSE,"binding-region incomplete","Only 1781/67352 centroids (2.6%) span both primer sites; penalties cannot be interpreted as taxon coverage."
"LERAY_XT","Leray-XT","Polyzoniida",1,1,1,1,0,0,0,0,280.2,,,,,,,FALSE,"binding-region incomplete","Only 1781/67352 centroids (2.6%) span both primer sites; penalties cannot be interpreted as taxon coverage."
"LERAY_XT","Leray-XT","Pseudoscorpiones",15,28,15,1,0,0,0,0,6.45,,,,,,,FALSE,"binding-region incomplete","Only 1781/67352 centroids (2.6%) span both primer sites; penalties cannot be interpreted as taxon coverage."
"LERAY_XT","Leray-XT","Psocoptera",193,2319,193,1,0,0,0,0,10.75,,,,,,,FALSE,"binding-region incomplete","Only 1781/67352 centroids (2.6%) span both primer sites; penalties cannot be interpreted as taxon coverage."
"LERAY_XT","Leray-XT","Raphidioptera",5,6,5,1,0,0,0,0,0,,,,,,,FALSE,"binding-region incomplete","Only 1781/67352 centroids (2.6%) span both primer sites; penalties cannot be interpreted as taxon coverage."
"LERAY_XT","Leray-XT","Sarcoptiformes",782,2784,779,0.99616368286445,0,0,0,0,27.67,,,,,,,FALSE,"binding-region incomplete","Only 1781/67352 centroids (2.6%) span both primer sites; penalties cannot be interpreted as taxon coverage."
"LERAY_XT","Leray-XT","Schizomida",2,2,2,1,2,1,2,1,84.9,0,84.9,84.9,152.82,0.5,0.5,FALSE,"binding-region incomplete","Only 1781/67352 centroids (2.6%) span both primer sites; penalties cannot be interpreted as taxon coverage."
"LERAY_XT","Leray-XT","Scolopendromorpha",2,2,2,1,0,0,0,0,173.025,,,,,,,FALSE,"binding-region incomplete","Only 1781/67352 centroids (2.6%) span both primer sites; penalties cannot be interpreted as taxon coverage."
"LERAY_XT","Leray-XT","Scorpiones",86,126,86,1,83,0.965116279069767,83,0.965116279069767,19.62,0,19.62,39.0238554216867,48.12,0.132530120481928,0.0963855421686747,FALSE,"binding-region incomplete","Only 1781/67352 centroids (2.6%) span both primer sites; penalties cannot be interpreted as taxon coverage."
"LERAY_XT","Leray-XT","Siphonaptera",6,81,6,1,0,0,0,0,7,,,,,,,FALSE,"binding-region incomplete","Only 1781/67352 centroids (2.6%) span both primer sites; penalties cannot be interpreted as taxon coverage."
"LERAY_XT","Leray-XT","Siphonostomatoida",8,21,8,1,0,0,0,0,17.085,,,,,,,FALSE,"binding-region incomplete","Only 1781/67352 centroids (2.6%) span both primer sites; penalties cannot be interpreted as taxon coverage."
"LERAY_XT","Leray-XT","Stomatopoda",2,2,2,1,1,0.5,1,0.5,169.8,0,169.8,169.8,169.8,0,1,FALSE,"binding-region incomplete","Only 1781/67352 centroids (2.6%) span both primer sites; penalties cannot be interpreted as taxon coverage."
"LERAY_XT","Leray-XT","Strepsiptera",1,1,1,1,0,0,0,0,8.4,,,,,,,FALSE,"binding-region incomplete","Only 1781/67352 centroids (2.6%) span both primer sites; penalties cannot be interpreted as taxon coverage."
"LERAY_XT","Leray-XT","Symphypleona",122,1070,120,0.983606557377049,0,0,0,0,17.085,,,,,,,FALSE,"binding-region incomplete","Only 1781/67352 centroids (2.6%) span both primer sites; penalties cannot be interpreted as taxon coverage."
"LERAY_XT","Leray-XT","Thysanoptera",184,1647,184,1,0,0,0,0,169.8,,,,,,,FALSE,"binding-region incomplete","Only 1781/67352 centroids (2.6%) span both primer sites; penalties cannot be interpreted as taxon coverage."
"LERAY_XT","Leray-XT","Trichoptera",555,1209,555,1,0,0,0,0,0,,,,,,,FALSE,"binding-region incomplete","Only 1781/67352 centroids (2.6%) span both primer sites; penalties cannot be interpreted as taxon coverage."
"LERAY_XT","Leray-XT","Trombidiformes",821,2407,816,0.993909866017052,3,0.00365408038976857,3,0.00365408038976857,26.07,0,19.5,104.4,223.26,0,0.333333333333333,FALSE,"binding-region incomplete","Only 1781/67352 centroids (2.6%) span both primer sites; penalties cannot be interpreted as taxon coverage."
"LERAY_XT","Leray-XT","Uropygi",3,3,3,1,3,1,3,1,60.12,0,60.12,94.1633333333333,147.864,0,0.333333333333333,FALSE,"binding-region incomplete","Only 1781/67352 centroids (2.6%) span both primer sites; penalties cannot be interpreted as taxon coverage."
"LERAY_XT","Leray-XT","Zygentoma",50,60,50,1,0,0,0,0,11.77,,,,,,,FALSE,"binding-region incomplete","Only 1781/67352 centroids (2.6%) span both primer sites; penalties cannot be interpreted as taxon coverage."
"MOLLCOI253","MollCOI253","Amblypygi",3,3,3,1,3,1,3,1,359.9,629.6,896.95,1075.8,1392.11,0,1,TRUE,"usable",""
"MOLLCOI253","MollCOI253","Amphipoda",376,1221,375,0.997340425531915,358,0.952127659574468,357,0.949468085106383,250.3,484.825,710.1,804.510364145658,1000.84,0,0.991596638655462,TRUE,"usable",""
"MOLLCOI253","MollCOI253","Anostraca",4,30,4,1,4,1,4,1,226.9,953.2,1180.1,1180.1,1180.1,0,1,TRUE,"usable",""
"MOLLCOI253","MollCOI253","Araneae",2981,10232,2974,0.997651794699765,2700,0.905736330090574,2695,0.904059040590406,275.8,325.4,627.6,659.4619851577,898.01,0,0.974768089053803,TRUE,"usable",""
"MOLLCOI253","MollCOI253","Archaeognatha",3,47,3,1,3,1,3,1,329.5,279.2,608.7,2090.66666666667,4165.42,0,1,TRUE,"usable",""
"MOLLCOI253","MollCOI253","Arguloida",5,10,5,1,5,1,5,1,274.15,693,992.8,980.91,1197.91,0,1,TRUE,"usable",""
"MOLLCOI253","MollCOI253","Balanomorpha",8,13,8,1,8,1,8,1,288.6,317,605.6,631.03125,690.5,0,1,TRUE,"usable",""
"MOLLCOI253","MollCOI253","Blattodea",80,288,80,1,77,0.9625,77,0.9625,274.15,550.4,836.65,883.581168831169,1099.87,0,1,TRUE,"usable",""
"MOLLCOI253","MollCOI253","Calanoida",99,343,99,1,99,1,99,1,247.05,476.6,729.05,772.408585858586,1085,0,0.797979797979798,TRUE,"usable",""
"MOLLCOI253","MollCOI253","Chordeumatida",10,22,10,1,9,0.9,9,0.9,288.65,477.3,684.9,709.088888888889,926.76,0,1,TRUE,"usable",""
"MOLLCOI253","MollCOI253","Coleoptera",2081,7281,2070,0.994714079769342,1822,0.875540605478136,1816,0.872657376261413,263.55,542.4,791.925,816.16018722467,1102.85,0,0.996145374449339,TRUE,"usable",""
"MOLLCOI253","MollCOI253","Cryptophialida",6,7,6,1,6,1,6,1,169.5,456.2,625.7,752.1,1004.9,0,1,TRUE,"usable",""
"MOLLCOI253","MollCOI253","Cyclopoida",85,264,85,1,81,0.952941176470588,81,0.952941176470588,287.1,576.2,863.3,812.60061728395,1031.35,0,1,TRUE,"usable",""
"MOLLCOI253","MollCOI253","Decapoda",336,948,336,1,328,0.976190476190476,328,0.976190476190476,258.825,479.6,747.675,758.473170731707,1078.02,0,0.86890243902439,TRUE,"usable",""
"MOLLCOI253","MollCOI253","Dermaptera",2,82,2,1,2,1,2,1,163.325,481.95,645.275,645.275,687.015,0,0.5,TRUE,"usable",""
"MOLLCOI253","MollCOI253","Diplostraca",227,799,227,1,220,0.969162995594714,220,0.969162995594714,274.15,520.4,765.05,791.577954545455,1076.15,0,0.986363636363636,TRUE,"usable",""
"MOLLCOI253","MollCOI253","Diptera",11541,83309,11504,0.996794038644832,9815,0.850446235161598,9790,0.848280045056754,299.7,484,784.5,803.329152196119,1032.565,0,0.997242083758938,TRUE,"usable",""
"MOLLCOI253","MollCOI253","Entomobryomorpha",187,4396,186,0.994652406417112,142,0.759358288770054,142,0.759358288770054,289.4,522.7,832.35,1047.43345070423,1262.3,0,1,TRUE,"usable",""
"MOLLCOI253","MollCOI253","Ephemeroptera",134,343,132,0.985074626865672,125,0.932835820895522,123,0.917910447761194,287.1,527.3,823.2,858.709756097561,1164.55,0,0.910569105691057,TRUE,"usable",""
"MOLLCOI253","MollCOI253","Euphausiacea",3,10,3,1,3,1,3,1,300.35,695.8,996.15,996.15,996.15,0,1,TRUE,"usable",""
"MOLLCOI253","MollCOI253","Geophilomorpha",6,22,6,1,6,1,6,1,293.175,764.675,1041.9,1016.1,1198.05,0,1,TRUE,"usable",""
"MOLLCOI253","MollCOI253","Glomerida",3,3,3,1,3,1,3,1,382.75,325.4,708.15,690.833333333333,708.15,0,1,TRUE,"usable",""
"MOLLCOI253","MollCOI253","Harpacticoida",28,71,28,1,28,1,28,1,288.275,369.5,673.9,700.926785714286,956.665,0,0.928571428571429,TRUE,"usable",""
"MOLLCOI253","MollCOI253","Hemiptera",1671,11609,1656,0.991023339317774,1295,0.774985038898863,1287,0.770197486535009,276.9,452.4,727.7,783.320046620047,988.18,0,0.997668997668998,TRUE,"usable",""
"MOLLCOI253","MollCOI253","Hymenoptera",6797,25612,6755,0.993820803295572,6168,0.907459173164631,6143,0.903781079888186,283.7,578,875.35,1450.66481849259,3189.15,0,0.995930327201693,TRUE,"usable",""
"MOLLCOI253","MollCOI253","Isopoda",172,1068,172,1,171,0.994186046511628,171,0.994186046511628,215.05,385.6,661.95,978.26216374269,1281.9,0,0.929824561403509,TRUE,"usable",""
"MOLLCOI253","MollCOI253","Ixodida",31,419,31,1,31,1,31,1,289.4,594,883.4,914.211290322581,1000.15,0,1,TRUE,"usable",""
"MOLLCOI253","MollCOI253","Julida",15,183,15,1,15,1,15,1,259.5,454,653.3,683.863333333333,825.48,0,1,TRUE,"usable",""
"MOLLCOI253","MollCOI253","Laurida",1,1,1,1,1,1,1,1,280.95,700.8,981.75,981.75,981.75,0,1,TRUE,"usable",""
"MOLLCOI253","MollCOI253","Lepidoptera",4810,15292,4801,0.998128898128898,4568,0.94968814968815,4560,0.948024948024948,255.7,391.2,685.3,700.878153508772,901.985,0,1,TRUE,"usable",""
"MOLLCOI253","MollCOI253","Lithobiomorpha",112,298,111,0.991071428571429,112,1,111,0.991071428571429,274.15,584.2,920.1,922.722972972973,1187.8,0,1,TRUE,"usable",""
"MOLLCOI253","MollCOI253","Lithoglyptida",29,45,29,1,29,1,29,1,255.7,664.9,973.45,879.718965517241,1060.25,0,1,TRUE,"usable",""
"MOLLCOI253","MollCOI253","Mantodea",4,4,4,1,4,1,4,1,307.8,458.45,766.25,1749.95,3853.36,0,1,TRUE,"usable",""
"MOLLCOI253","MollCOI253","Mecoptera",7,10,7,1,5,0.714285714285714,5,0.714285714285714,309.35,630.2,878.05,927.4,1116.9,0,1,TRUE,"usable",""
"MOLLCOI253","MollCOI253","Megaloptera",5,6,5,1,5,1,5,1,263.55,352.6,712.5,699.04,877.63,0,1,TRUE,"usable",""
"MOLLCOI253","MollCOI253","Mesostigmata",97,489,96,0.989690721649485,93,0.958762886597938,92,0.948453608247423,274.15,500.6,772.25,1385.57663043478,4049.515,0,0.989130434782609,TRUE,"usable",""
"MOLLCOI253","MollCOI253","Mysida",2,2,2,1,2,1,2,1,384.975,316.2,701.175,701.175,935.715,0,1,TRUE,"usable",""
"MOLLCOI253","MollCOI253","Neelipleona",1,1,1,1,0,0,0,0,404.9,,,,,,,TRUE,"usable",""
"MOLLCOI253","MollCOI253","Neuroptera",91,368,89,0.978021978021978,70,0.769230769230769,69,0.758241758241758,299.7,556,833.95,922.034782608696,997.55,0,1,TRUE,"usable",""
"MOLLCOI253","MollCOI253","Odonata",61,130,61,1,34,0.557377049180328,34,0.557377049180328,263.55,454.25,770.65,724.157352941176,899.06,0,1,TRUE,"usable",""
"MOLLCOI253","MollCOI253","Opilioacarida",1,1,1,1,1,1,1,1,279.6,689.35,968.95,968.95,968.95,0,1,TRUE,"usable",""
"MOLLCOI253","MollCOI253","Opiliones",57,686,53,0.929824561403509,48,0.842105263157895,46,0.807017543859649,255.7,442.575,657.9,788.884782608696,1014.875,0,0.978260869565217,TRUE,"usable",""
"MOLLCOI253","MollCOI253","order unresolved",31884,135678,31724,0.994981809057835,28083,0.880786601430184,27974,0.877367958850834,292.5,528.8,823.9,1081.89456781297,2684.15,0,0.993386716236505,TRUE,"usable",""
"MOLLCOI253","MollCOI253","Orthoptera",99,725,97,0.97979797979798,81,0.818181818181818,80,0.808080808080808,329.5,487,911.7,859.930625,989.92,0,1,TRUE,"usable",""
"MOLLCOI253","MollCOI253","Pantopoda",98,178,98,1,97,0.989795918367347,97,0.989795918367347,259.5,479.6,765.35,790.618041237113,1003.14,0,0.989690721649485,TRUE,"usable",""
"MOLLCOI253","MollCOI253","Phasmatodea",10,27,7,0.7,10,1,7,0.7,203.75,540.85,632.15,644.25,865.67,0,1,TRUE,"usable",""
"MOLLCOI253","MollCOI253","Phthiraptera",3,13,3,1,3,1,3,1,253.35,177.8,431.15,443.533333333333,460.87,0,1,TRUE,"usable",""
"MOLLCOI253","MollCOI253","Plecoptera",160,546,158,0.9875,139,0.86875,138,0.8625,273.1,591.6,863.525,871.036231884058,1174.785,0,0.992753623188406,TRUE,"usable",""
"MOLLCOI253","MollCOI253","Podocopida",17,24,17,1,17,1,17,1,88.85,327.6,416.45,528.432352941177,795.7,0,1,TRUE,"usable",""
"MOLLCOI253","MollCOI253","Poduromorpha",46,356,46,1,42,0.91304347826087,42,0.91304347826087,246.325,523.3,662.25,732.617857142857,945.75,0,1,TRUE,"usable",""
"MOLLCOI253","MollCOI253","Poecilostomatoida",18,40,18,1,18,1,18,1,244.45,657.1,856.55,833.597222222222,964.65,0,0.944444444444444,TRUE,"usable",""
"MOLLCOI253","MollCOI253","Polydesmida",6,18,6,1,5,0.833333333333333,5,0.833333333333333,256.925,251.2,541.7,592.77,885.49,0,0.8,TRUE,"usable",""
"MOLLCOI253","MollCOI253","Polyxenida",1,5,1,1,1,1,1,1,216.7,444,660.7,660.7,660.7,0,1,TRUE,"usable",""
"MOLLCOI253","MollCOI253","Polyzoniida",1,1,1,1,1,1,1,1,158.7,577.65,736.35,736.35,736.35,0,1,TRUE,"usable",""
"MOLLCOI253","MollCOI253","Pseudoscorpiones",15,28,15,1,12,0.8,12,0.8,410.9,404.8,847,834.3875,956.6,0,1,TRUE,"usable",""
"MOLLCOI253","MollCOI253","Psocoptera",193,2319,193,1,165,0.854922279792746,165,0.854922279792746,277.15,487.2,820.7,852.331212121212,1082,0,1,TRUE,"usable",""
"MOLLCOI253","MollCOI253","Raphidioptera",5,6,5,1,4,0.8,4,0.8,186.7,356.35,593.25,612.55,753.49,0,1,TRUE,"usable",""
"MOLLCOI253","MollCOI253","Sarcoptiformes",782,2784,777,0.993606138107417,720,0.920716112531969,716,0.915601023017903,229.05,528.8,761.5,764.766201117318,1052.275,0,0.941340782122905,TRUE,"usable",""
"MOLLCOI253","MollCOI253","Schizomida",2,2,2,1,2,1,2,1,268,573.75,841.75,841.75,874.03,0,1,TRUE,"usable",""
"MOLLCOI253","MollCOI253","Scolopendromorpha",2,2,2,1,2,1,2,1,384.825,393.9,778.725,778.725,800.825,0,1,TRUE,"usable",""
"MOLLCOI253","MollCOI253","Scorpiones",86,126,86,1,86,1,86,1,244.6,602.075,860.5,889.198255813954,1154.85,0,0.988372093023256,TRUE,"usable",""
"MOLLCOI253","MollCOI253","Siphonaptera",6,81,6,1,5,0.833333333333333,5,0.833333333333333,351.65,617.25,947.05,929.03,1041.4,0,1,TRUE,"usable",""
"MOLLCOI253","MollCOI253","Siphonostomatoida",8,21,8,1,8,1,8,1,214.725,483.1,822.725,1642.83125,3173.65,0,1,TRUE,"usable",""
"MOLLCOI253","MollCOI253","Stomatopoda",2,2,2,1,2,1,2,1,249.425,544.7,794.125,794.125,1032.065,0,1,TRUE,"usable",""
"MOLLCOI253","MollCOI253","Strepsiptera",1,1,1,1,1,1,1,1,258.75,3062.55,3321.3,3321.3,3321.3,0,1,TRUE,"usable",""
"MOLLCOI253","MollCOI253","Symphypleona",122,1070,121,0.991803278688525,103,0.844262295081967,102,0.836065573770492,263.55,391.2,720.7,720.472549019608,1037.6,0,1,TRUE,"usable",""
"MOLLCOI253","MollCOI253","Thysanoptera",184,1647,183,0.994565217391304,162,0.880434782608696,161,0.875,255.7,3358.7,3633.7,3870.89130434783,4887.2,0,1,TRUE,"usable",""
"MOLLCOI253","MollCOI253","Trichoptera",555,1209,555,1,538,0.969369369369369,538,0.969369369369369,275,518.2,787.1,797.944237918216,1083,0,1,TRUE,"usable",""
"MOLLCOI253","MollCOI253","Trombidiformes",821,2407,813,0.990255785627284,741,0.902557856272838,736,0.89646772228989,274.15,591.6,873.6,881.952513586957,1143.625,0,0.997282608695652,TRUE,"usable",""
"MOLLCOI253","MollCOI253","Uropygi",3,3,3,1,3,1,3,1,263.95,761,907.4,1054.25,1351.56,0,1,TRUE,"usable",""
"MOLLCOI253","MollCOI253","Zygentoma",50,60,50,1,48,0.96,48,0.96,255.7,526.05,740.675,707.330833333333,896.16,0,1,TRUE,"usable",""
"NOPLANT","NoPlant","Amblypygi",3,3,3,1,3,1,3,1,406.56,0,406.56,418.04,465.6,0,0,TRUE,"usable",""
"NOPLANT","NoPlant","Amphipoda",376,1221,368,0.978723404255319,375,0.997340425531915,367,0.976063829787234,12.515,45.15,64.77,84.4768392370572,173.72,0.0899182561307902,0.136239782016349,TRUE,"usable",""
"NOPLANT","NoPlant","Anostraca",4,30,4,1,4,1,4,1,383.04,0,383.04,360.63,383.04,0,0,TRUE,"usable",""
"NOPLANT","NoPlant","Araneae",2981,10232,2963,0.993961757799396,2967,0.99530358939953,2949,0.989265347198927,257.45,89.65,395.1,677.750986775178,2124.45,0.000339097999321804,0.340115293319769,TRUE,"usable",""
"NOPLANT","NoPlant","Archaeognatha",3,47,3,1,3,1,3,1,128.2,19.62,147.82,147.82,147.82,0,0,TRUE,"usable",""
"NOPLANT","NoPlant","Arguloida",5,10,5,1,5,1,5,1,0,0,0,75.36,191.41,0.6,0,TRUE,"usable",""
"NOPLANT","NoPlant","Balanomorpha",8,13,8,1,8,1,8,1,128.2,18.45,146.65,178.00875,240.506,0,0,TRUE,"usable",""
"NOPLANT","NoPlant","Blattodea",80,288,80,1,80,1,80,1,0,0,0,23.577,76.2600000000001,0.5875,0.05,TRUE,"usable",""
"NOPLANT","NoPlant","Calanoida",99,343,97,0.97979797979798,98,0.98989898989899,97,0.97979797979798,10.03,93.7,110.9,127.15793814433,210.4,0,0.144329896907216,TRUE,"usable",""
"NOPLANT","NoPlant","Chordeumatida",10,22,10,1,10,1,10,1,9.16,45.15,47.83,74.274,131.538,0.2,0,TRUE,"usable",""
"NOPLANT","NoPlant","Coleoptera",2081,7281,2044,0.982220086496877,2062,0.990869774147045,2026,0.973570398846708,0,14.485,29.38,59.7242053307009,145.975,0.293188548864758,0.0700888450148075,TRUE,"usable",""
"NOPLANT","NoPlant","Cryptophialida",6,7,6,1,6,1,6,1,241.36,40.42,281.78,301.106666666667,339.76,0,0.333333333333333,TRUE,"usable",""
"NOPLANT","NoPlant","Cyclopoida",85,264,84,0.988235294117647,85,1,84,0.988235294117647,0,49,62.125,85.9497619047619,189.537,0.107142857142857,0.214285714285714,TRUE,"usable",""
"NOPLANT","NoPlant","Decapoda",336,948,330,0.982142857142857,336,1,330,0.982142857142857,0,18.45,32.105,62.482696969697,145.842,0.178787878787879,0.0575757575757576,TRUE,"usable",""
"NOPLANT","NoPlant","Dermaptera",2,82,2,1,2,1,2,1,42.45,101.775,144.225,144.225,176.925,0,0.5,TRUE,"usable",""
"NOPLANT","NoPlant","Diplostraca",227,799,220,0.969162995594714,227,1,220,0.969162995594714,311.85,18.45,384.4,415.117454545455,666.127,0,0.2,TRUE,"usable",""
"NOPLANT","NoPlant","Diptera",11541,83309,11387,0.986656268954163,11462,0.993154839268694,11309,0.979897755827051,0,0,11.77,42.0641259174106,93.75,0.490936422318507,0.0420019453532585,TRUE,"usable",""
"NOPLANT","NoPlant","Entomobryomorpha",187,4396,179,0.957219251336898,182,0.973262032085562,174,0.93048128342246,0,29.38,47,114.79183908046,175.72,0.183908045977011,0.0574712643678161,TRUE,"usable",""
"NOPLANT","NoPlant","Ephemeroptera",134,343,119,0.888059701492537,132,0.985074626865672,117,0.873134328358209,0,29.38,47.01,67.3086324786325,148.1,0.111111111111111,0.188034188034188,TRUE,"usable",""
"NOPLANT","NoPlant","Euphausiacea",3,10,3,1,3,1,3,1,0,75.25,75.25,81.3566666666667,89.906,0,0,TRUE,"usable",""
"NOPLANT","NoPlant","Geophilomorpha",6,22,6,1,6,1,6,1,408.8,45.15,525.51,457.4,623.75,0,0.5,TRUE,"usable",""
"NOPLANT","NoPlant","Glomerida",3,3,2,0.666666666666667,2,0.666666666666667,2,0.666666666666667,338.22,183.7,521.92,521.92,571.416,0,0,TRUE,"usable",""
"NOPLANT","NoPlant","Harpacticoida",28,71,28,1,28,1,28,1,167.56,87.02,229.365,234.181785714286,344.983,0,0.214285714285714,TRUE,"usable",""
"NOPLANT","NoPlant","Hemiptera",1671,11609,1603,0.959305804907241,1649,0.986834230999402,1582,0.946738479952124,54.4,17.2,90.05,181.533975979772,436.4,0.165613147914033,0.286346396965866,TRUE,"usable",""
"NOPLANT","NoPlant","Hymenoptera",6797,25612,6667,0.980873914962483,6740,0.991613947329704,6615,0.973223480947477,0,10.2,27.4,67.5731398337113,145.4,0.217838246409675,0.0958427815570673,TRUE,"usable",""
"NOPLANT","NoPlant","Isopoda",172,1068,170,0.988372093023256,172,1,170,0.988372093023256,18.32,89.82,113.32,133.902882352941,275.185,0.0411764705882353,0.0882352941176471,TRUE,"usable",""
"NOPLANT","NoPlant","Ixodida",31,419,31,1,31,1,31,1,17.62,19.62,37.24,61.3251612903226,200.75,0.0645161290322581,0,TRUE,"usable",""
"NOPLANT","NoPlant","Julida",15,183,15,1,15,1,15,1,54.4,41.15,151.07,174.245333333333,260.41,0,0.133333333333333,TRUE,"usable",""
"NOPLANT","NoPlant","Laurida",1,1,1,1,1,1,1,1,0,29.38,29.38,29.38,29.38,0,0,TRUE,"usable",""
"NOPLANT","NoPlant","Lepidoptera",4810,15292,4781,0.993970893970894,4800,0.997920997920998,4773,0.992307692307692,0,0,0,26.3794510789859,71.6,0.587471192122355,0.0159228996438299,TRUE,"usable",""
"NOPLANT","NoPlant","Lithobiomorpha",112,298,110,0.982142857142857,112,1,110,0.982142857142857,54.4,17.2,128.2,124.058636363636,221.471,0.0272727272727273,0.0181818181818182,TRUE,"usable",""
"NOPLANT","NoPlant","Lithoglyptida",29,45,29,1,29,1,29,1,128.2,17.2,198.22,176.939310344828,288.91,0,0.172413793103448,TRUE,"usable",""
"NOPLANT","NoPlant","Mantodea",4,4,4,1,4,1,4,1,0,17.2,17.2,557.1125,1540.995,0.25,0.25,TRUE,"usable",""
"NOPLANT","NoPlant","Mecoptera",7,10,7,1,7,1,7,1,84.9,0,84.9,375.957142857143,933.120000000001,0.142857142857143,0.714285714285714,TRUE,"usable",""
"NOPLANT","NoPlant","Megaloptera",5,6,5,1,5,1,5,1,0,17.2,17.2,17.618,28.69,0.2,0,TRUE,"usable",""
"NOPLANT","NoPlant","Mesostigmata",97,489,96,0.989690721649485,96,0.989690721649485,95,0.979381443298969,0,17.62,92.87,116.644105263158,275.072,0.136842105263158,0.0631578947368421,TRUE,"usable",""
"NOPLANT","NoPlant","Mysida",2,2,2,1,2,1,2,1,51.26,493.135,544.395,544.395,891.855,0,0.5,TRUE,"usable",""
"NOPLANT","NoPlant","Neelipleona",1,1,1,1,1,1,1,1,239,17.2,256.2,256.2,256.2,0,0,TRUE,"usable",""
"NOPLANT","NoPlant","Neuroptera",91,368,91,1,90,0.989010989010989,90,0.989010989010989,0,0,0,11.1548888888889,19.62,0.633333333333333,0,TRUE,"usable",""
"NOPLANT","NoPlant","Odonata",61,130,54,0.885245901639344,61,1,54,0.885245901639344,128.2,18.45,134.5,143.103148148148,221.07,0.0185185185185185,0.111111111111111,TRUE,"usable",""
"NOPLANT","NoPlant","Opilioacarida",1,1,1,1,1,1,1,1,0,132.22,132.22,132.22,132.22,0,0,TRUE,"usable",""
"NOPLANT","NoPlant","Opiliones",57,686,54,0.947368421052632,55,0.964912280701754,53,0.929824561403509,128.2,17.2,146.52,218.047547169811,346.83,0,0.0566037735849057,TRUE,"usable",""
"NOPLANT","NoPlant","order unresolved",31884,135678,31470,0.987015430937147,31571,0.990183163969389,31186,0.978108142014804,0,17.2,27.4,81.6880205861619,198.365,0.276630539344578,0.0657987558519849,TRUE,"usable",""
"NOPLANT","NoPlant","Orthoptera",99,725,86,0.868686868686869,97,0.97979797979798,84,0.848484848484849,0,0,0,18.5583333333333,78.1350000000001,0.583333333333333,0.0476190476190476,TRUE,"usable",""
"NOPLANT","NoPlant","Pantopoda",98,178,94,0.959183673469388,98,1,94,0.959183673469388,0,17.2,28.65,100.906914893617,257.454,0.223404255319149,0.159574468085106,TRUE,"usable",""
"NOPLANT","NoPlant","Phasmatodea",10,27,10,1,7,0.7,7,0.7,0,58,58,62.8571428571429,99.408,0,0,TRUE,"usable",""
"NOPLANT","NoPlant","Phthiraptera",3,13,3,1,3,1,3,1,4931.7,97.22,5017.15,5022.51333333333,5240.262,0,1,TRUE,"usable",""
"NOPLANT","NoPlant","Plecoptera",160,546,149,0.93125,156,0.975,145,0.90625,0,18.45,19.62,43.7029655172414,94.87,0.317241379310345,0.0206896551724138,TRUE,"usable",""
"NOPLANT","NoPlant","Podocopida",17,24,17,1,17,1,17,1,17.62,28.65,46.27,34.2747058823529,46.27,0.235294117647059,0,TRUE,"usable",""
"NOPLANT","NoPlant","Poduromorpha",46,356,46,1,46,1,46,1,0,29.39,75.25,72.4730434782609,157.59,0.217391304347826,0.108695652173913,TRUE,"usable",""
"NOPLANT","NoPlant","Poecilostomatoida",18,40,18,1,17,0.944444444444444,17,0.944444444444444,138.23,92.45,230.68,225.019411764706,260.06,0,0,TRUE,"usable",""
"NOPLANT","NoPlant","Polydesmida",6,18,6,1,6,1,6,1,266.26,24.295,333.56,317.333333333333,364.33,0,0.333333333333333,TRUE,"usable",""
"NOPLANT","NoPlant","Polyxenida",1,5,1,1,1,1,1,1,36.07,0,36.07,36.07,36.07,0,0,TRUE,"usable",""
"NOPLANT","NoPlant","Polyzoniida",1,1,1,1,1,1,1,1,72.85,26.1,98.95,98.95,98.95,0,0,TRUE,"usable",""
"NOPLANT","NoPlant","Pseudoscorpiones",15,28,15,1,15,1,15,1,239,10.2,284.02,284.478,341.65,0,0,TRUE,"usable",""
"NOPLANT","NoPlant","Psocoptera",193,2319,192,0.994818652849741,193,1,192,0.994818652849741,0,17.2,49.775,98.7038020833333,218.37,0.1875,0.0677083333333333,TRUE,"usable",""
"NOPLANT","NoPlant","Raphidioptera",5,6,5,1,5,1,5,1,128.2,0,128.2,132.124,139.972,0,0,TRUE,"usable",""
"NOPLANT","NoPlant","Sarcoptiformes",782,2784,773,0.98849104859335,779,0.99616368286445,770,0.9846547314578,0,46.59,93.285,114.630935064935,180.56,0.105194805194805,0.222077922077922,TRUE,"usable",""
"NOPLANT","NoPlant","Schizomida",2,2,2,1,2,1,2,1,2765,8.6,2773.6,2773.6,3376.64,0,1,TRUE,"usable",""
"NOPLANT","NoPlant","Scolopendromorpha",2,2,1,0.5,2,1,1,0.5,54.4,28.97,83.37,83.37,83.37,0,0,TRUE,"usable",""
"NOPLANT","NoPlant","Scorpiones",86,126,86,1,86,1,86,1,54.4,64.77,148.1,154.930581395349,264.2,0,0.348837209302326,TRUE,"usable",""
"NOPLANT","NoPlant","Siphonaptera",6,81,5,0.833333333333333,6,1,5,0.833333333333333,0,8.6,17.2,21.94,52.06,0.4,0,TRUE,"usable",""
"NOPLANT","NoPlant","Siphonostomatoida",8,21,8,1,8,1,8,1,54.4,17.2,111.335,122.86,193.837,0,0.125,TRUE,"usable",""
"NOPLANT","NoPlant","Stomatopoda",2,2,2,1,2,1,2,1,42.45,23.085,65.535,65.535,94.787,0,0.5,TRUE,"usable",""
"NOPLANT","NoPlant","Strepsiptera",1,1,1,1,1,1,1,1,633,214.37,847.37,847.37,847.37,0,1,TRUE,"usable",""
"NOPLANT","NoPlant","Symphypleona",122,1070,121,0.991803278688525,120,0.983606557377049,119,0.975409836065574,0,17.2,17.2,47.2746218487395,135.53,0.210084033613445,0,TRUE,"usable",""
"NOPLANT","NoPlant","Thysanoptera",184,1647,181,0.983695652173913,184,1,181,0.983695652173913,2469.7,17.2,2486.9,2023.14160220994,2744.3,0.00552486187845304,0.812154696132597,TRUE,"usable",""
"NOPLANT","NoPlant","Trichoptera",555,1209,498,0.897297297297297,555,1,498,0.897297297297297,0,11.77,17.41,65.1076907630522,239,0.339357429718876,0.0562248995983936,TRUE,"usable",""
"NOPLANT","NoPlant","Trombidiformes",821,2407,809,0.985383678440926,816,0.993909866017052,804,0.979293544457978,0,28.97,35.65,93.4119651741294,185.118,0.192786069651741,0.0236318407960199,TRUE,"usable",""
"NOPLANT","NoPlant","Uropygi",3,3,3,1,3,1,3,1,239,116.84,355.84,404.06,518.64,0,0,TRUE,"usable",""
"NOPLANT","NoPlant","Zygentoma",50,60,50,1,50,1,50,1,54.4,20.98,87.27,106.1824,205.07,0,0.02,TRUE,"usable",""
"NOSPI2_LAURELIN","NoSpi2 + Laurelin","Amblypygi",3,3,3,1,3,1,3,1,406.56,0,406.56,418.04,465.6,0,0,TRUE,"usable",""
"NOSPI2_LAURELIN","NoSpi2 + Laurelin","Amphipoda",376,1221,371,0.986702127659574,375,0.997340425531915,370,0.984042553191489,0,75.3,92.92,112.828135135135,253.278,0.1,0.278378378378378,TRUE,"usable",""
"NOSPI2_LAURELIN","NoSpi2 + Laurelin","Anostraca",4,30,4,1,4,1,4,1,383.04,0,383.04,360.63,383.04,0,0,TRUE,"usable",""
"NOSPI2_LAURELIN","NoSpi2 + Laurelin","Araneae",2981,10232,2966,0.994968131499497,2968,0.995639047299564,2953,0.990607178799061,257.385,150.58,463.55,748.75940060955,2158.62,0.000338638672536404,0.980358956992889,TRUE,"usable",""
"NOSPI2_LAURELIN","NoSpi2 + Laurelin","Archaeognatha",3,47,3,1,3,1,3,1,128.2,29.38,157.58,157.58,157.58,0,0,TRUE,"usable",""
"NOSPI2_LAURELIN","NoSpi2 + Laurelin","Arguloida",5,10,5,1,5,1,5,1,0,0,0,91.44,233.62,0.6,0,TRUE,"usable",""
"NOSPI2_LAURELIN","NoSpi2 + Laurelin","Balanomorpha",8,13,8,1,8,1,8,1,128.2,30.1,158.3,210.88375,315.111,0,0.125,TRUE,"usable",""
"NOSPI2_LAURELIN","NoSpi2 + Laurelin","Blattodea",80,288,80,1,80,1,80,1,0,0,0,31.846625,125.685,0.6375,0.1125,TRUE,"usable",""
"NOSPI2_LAURELIN","NoSpi2 + Laurelin","Calanoida",99,343,97,0.97979797979798,98,0.98989898989899,97,0.97979797979798,0,155.02,155.6,192.17824742268,336.046,0,0.381443298969072,TRUE,"usable",""
"NOSPI2_LAURELIN","NoSpi2 + Laurelin","Chordeumatida",10,22,10,1,10,1,10,1,9.16,75.3,75.3,107.599,180.833,0.2,0.2,TRUE,"usable",""
"NOSPI2_LAURELIN","NoSpi2 + Laurelin","Coleoptera",2081,7281,2045,0.982700624699664,2066,0.992791926958193,2030,0.975492551657857,0,0,29.38,68.184960591133,174.32,0.367980295566502,0.125615763546798,TRUE,"usable",""
"NOSPI2_LAURELIN","NoSpi2 + Laurelin","Cryptophialida",6,7,6,1,6,1,6,1,241.36,63.52,304.88,333.646666666667,391.18,0,0.333333333333333,TRUE,"usable",""
"NOSPI2_LAURELIN","NoSpi2 + Laurelin","Cyclopoida",85,264,84,0.988235294117647,85,1,84,0.988235294117647,0,75.5,94.89,116.476785714286,255.69,0.142857142857143,0.261904761904762,TRUE,"usable",""
"NOSPI2_LAURELIN","NoSpi2 + Laurelin","Decapoda",336,948,331,0.985119047619048,336,1,331,0.985119047619048,0,30.1,30.1,86.8131722054381,212.25,0.241691842900302,0.181268882175227,TRUE,"usable",""
"NOSPI2_LAURELIN","NoSpi2 + Laurelin","Dermaptera",2,82,2,1,2,1,2,1,42.45,168.095,210.545,210.545,286.981,0,1,TRUE,"usable",""
"NOSPI2_LAURELIN","NoSpi2 + Laurelin","Diplostraca",227,799,221,0.973568281938326,227,1,221,0.973568281938326,311.85,29.38,396.58,436.89520361991,690.05,0,0.294117647058824,TRUE,"usable",""
"NOSPI2_LAURELIN","NoSpi2 + Laurelin","Diptera",11541,83309,11396,0.987436097391907,11476,0.994367905727407,11332,0.981890650723507,0,0,0,49.8616554888815,127.35,0.608365690081186,0.0945993646311331,TRUE,"usable",""
"NOSPI2_LAURELIN","NoSpi2 + Laurelin","Entomobryomorpha",187,4396,183,0.978609625668449,183,0.978609625668449,179,0.957219251336898,0,46.12,63.74,139.389832402235,270.02,0.23463687150838,0.35195530726257,TRUE,"usable",""
"NOSPI2_LAURELIN","NoSpi2 + Laurelin","Ephemeroptera",134,343,119,0.888059701492537,132,0.985074626865672,117,0.873134328358209,0,45.705,57.05,91.5964102564103,212.25,0.153846153846154,0.282051282051282,TRUE,"usable",""
"NOSPI2_LAURELIN","NoSpi2 + Laurelin","Euphausiacea",3,10,3,1,3,1,3,1,0,125.5,125.5,131.606666666667,140.156,0,0,TRUE,"usable",""
"NOSPI2_LAURELIN","NoSpi2 + Laurelin","Geophilomorpha",6,22,6,1,6,1,6,1,408.8,75.3,604.06,511.925,653.9,0,0.833333333333333,TRUE,"usable",""
"NOSPI2_LAURELIN","NoSpi2 + Laurelin","Glomerida",3,3,3,1,2,0.666666666666667,2,0.666666666666667,293.4,306.87,645.09,645.09,705.65,0,1,TRUE,"usable",""
"NOSPI2_LAURELIN","NoSpi2 + Laurelin","Harpacticoida",28,71,28,1,28,1,28,1,165.025,143.12,257.19,277.758571428571,444.11,0,0.428571428571429,TRUE,"usable",""
"NOSPI2_LAURELIN","NoSpi2 + Laurelin","Hemiptera",1671,11609,1604,0.959904248952723,1653,0.989228007181329,1587,0.949730700179533,54.4,15.8,103.22,178.778166351607,409.8,0.240705734089477,0.358538122243226,TRUE,"usable",""
"NOSPI2_LAURELIN","NoSpi2 + Laurelin","Hymenoptera",6797,25612,6680,0.982786523466235,6759,0.994409298219803,6646,0.977784316610269,0,0,27.67,72.9225789948843,194.325,0.341709298826362,0.13767679807403,TRUE,"usable",""
"NOSPI2_LAURELIN","NoSpi2 + Laurelin","Isopoda",172,1068,170,0.988372093023256,172,1,170,0.988372093023256,18.32,143.12,172.915,182.355117647059,321.023,0.0411764705882353,0.311764705882353,TRUE,"usable",""
"NOSPI2_LAURELIN","NoSpi2 + Laurelin","Ixodida",31,419,31,1,31,1,31,1,17.62,29.38,47,88.1067741935484,314.3,0.0645161290322581,0.0967741935483871,TRUE,"usable",""
"NOSPI2_LAURELIN","NoSpi2 + Laurelin","Julida",15,183,15,1,15,1,15,1,54.4,63.74,157.37,202.282666666667,307.3,0,0.333333333333333,TRUE,"usable",""
"NOSPI2_LAURELIN","NoSpi2 + Laurelin","Laurida",1,1,1,1,1,1,1,1,0,46.12,46.12,46.12,46.12,0,0,TRUE,"usable",""
"NOSPI2_LAURELIN","NoSpi2 + Laurelin","Lepidoptera",4810,15292,4783,0.994386694386694,4800,0.997920997920998,4774,0.992515592515593,0,0,0,29.6661353162967,75.3,0.665689149560117,0.037075827398408,TRUE,"usable",""
"NOSPI2_LAURELIN","NoSpi2 + Laurelin","Lithobiomorpha",112,298,110,0.982142857142857,112,1,110,0.982142857142857,54.4,0,128.2,138.329818181818,296.975,0.0272727272727273,0.109090909090909,TRUE,"usable",""
"NOSPI2_LAURELIN","NoSpi2 + Laurelin","Lithoglyptida",29,45,29,1,29,1,29,1,128.2,17.62,213.1,213.431034482759,385.678,0,0.413793103448276,TRUE,"usable",""
"NOSPI2_LAURELIN","NoSpi2 + Laurelin","Mantodea",4,4,4,1,4,1,4,1,0,0,0,545.875,1528.45,0.75,0.25,TRUE,"usable",""
"NOSPI2_LAURELIN","NoSpi2 + Laurelin","Mecoptera",7,10,7,1,7,1,7,1,84.9,0,84.9,387.271428571429,943.790000000001,0.142857142857143,0.857142857142857,TRUE,"usable",""
"NOSPI2_LAURELIN","NoSpi2 + Laurelin","Megaloptera",5,6,5,1,5,1,5,1,0,0,0,17.088,45.73,0.6,0,TRUE,"usable",""
"NOSPI2_LAURELIN","NoSpi2 + Laurelin","Mesostigmata",97,489,96,0.989690721649485,96,0.989690721649485,95,0.979381443298969,0,27.67,128.2,139.840105263158,302.2,0.210526315789474,0.294736842105263,TRUE,"usable",""
"NOSPI2_LAURELIN","NoSpi2 + Laurelin","Mysida",2,2,2,1,2,1,2,1,51.26,734.035,785.295,785.295,1290.995,0,0.5,TRUE,"usable",""
"NOSPI2_LAURELIN","NoSpi2 + Laurelin","Neelipleona",1,1,1,1,1,1,1,1,239,0,239,239,239,0,0,TRUE,"usable",""
"NOSPI2_LAURELIN","NoSpi2 + Laurelin","Neuroptera",91,368,91,1,90,0.989010989010989,90,0.989010989010989,0,0,0,11.0763333333333,29.38,0.755555555555556,0.0222222222222222,TRUE,"usable",""
"NOSPI2_LAURELIN","NoSpi2 + Laurelin","Odonata",61,130,54,0.885245901639344,61,1,54,0.885245901639344,128.2,29.38,139.3,163.032037037037,278.181,0.0185185185185185,0.148148148148148,TRUE,"usable",""
"NOSPI2_LAURELIN","NoSpi2 + Laurelin","Opilioacarida",1,1,1,1,1,1,1,1,0,220.27,220.27,220.27,220.27,0,1,TRUE,"usable",""
"NOSPI2_LAURELIN","NoSpi2 + Laurelin","Opiliones",57,686,55,0.964912280701754,55,0.964912280701754,54,0.947368421052632,128.2,17.62,168.48,239.731111111111,378.738,0,0.166666666666667,TRUE,"usable",""
"NOSPI2_LAURELIN","NoSpi2 + Laurelin","order unresolved",31884,135678,31511,0.988301342366077,31657,0.992880441600803,31299,0.981652239367708,0,0,29.38,94.4897242723418,239,0.377583948368957,0.155819674749992,TRUE,"usable",""
"NOSPI2_LAURELIN","NoSpi2 + Laurelin","Orthoptera",99,725,88,0.888888888888889,99,1,88,0.888888888888889,0,0,0,19.5423863636364,78.18,0.738636363636364,0.0795454545454545,TRUE,"usable",""
"NOSPI2_LAURELIN","NoSpi2 + Laurelin","Pantopoda",98,178,96,0.979591836734694,98,1,96,0.979591836734694,0,17.62,30.1,114.660520833333,346.56,0.260416666666667,0.239583333333333,TRUE,"usable",""
"NOSPI2_LAURELIN","NoSpi2 + Laurelin","Phasmatodea",10,27,10,1,7,0.7,7,0.7,0,63.2,63.2,77.1142857142857,143.82,0,0,TRUE,"usable",""
"NOSPI2_LAURELIN","NoSpi2 + Laurelin","Phthiraptera",3,13,3,1,3,1,3,1,4880.3,158.92,5021.6,5030.71333333333,5249.392,0,1,TRUE,"usable",""
"NOSPI2_LAURELIN","NoSpi2 + Laurelin","Plecoptera",160,546,149,0.93125,157,0.98125,146,0.9125,0,29.38,29.38,64.021301369863,155.6,0.363013698630137,0.136986301369863,TRUE,"usable",""
"NOSPI2_LAURELIN","NoSpi2 + Laurelin","Podocopida",17,24,17,1,17,1,17,1,17.62,45.9,63.52,46.7770588235294,63.52,0.235294117647059,0,TRUE,"usable",""
"NOSPI2_LAURELIN","NoSpi2 + Laurelin","Poduromorpha",46,356,46,1,46,1,46,1,0,45.29,125.5,99.639347826087,173.49,0.217391304347826,0.369565217391304,TRUE,"usable",""
"NOSPI2_LAURELIN","NoSpi2 + Laurelin","Poecilostomatoida",18,40,18,1,18,1,18,1,128.2,134.31,262.51,245.024444444444,303.25,0,0.222222222222222,TRUE,"usable",""
"NOSPI2_LAURELIN","NoSpi2 + Laurelin","Polydesmida",6,18,6,1,6,1,6,1,266.26,23.5,352.635,331.801666666667,385.735,0,0.333333333333333,TRUE,"usable",""
"NOSPI2_LAURELIN","NoSpi2 + Laurelin","Polyxenida",1,5,1,1,1,1,1,1,36.07,0,36.07,36.07,36.07,0,0,TRUE,"usable",""
"NOSPI2_LAURELIN","NoSpi2 + Laurelin","Polyzoniida",1,1,1,1,1,1,1,1,72.85,13.6,86.45,86.45,86.45,0,0,TRUE,"usable",""
"NOSPI2_LAURELIN","NoSpi2 + Laurelin","Pseudoscorpiones",15,28,15,1,15,1,15,1,239,15.8,273.12,292.101333333333,380.3,0,0,TRUE,"usable",""
"NOSPI2_LAURELIN","NoSpi2 + Laurelin","Psocoptera",193,2319,192,0.994818652849741,193,1,192,0.994818652849741,0,17.62,54.4,120.243229166667,350.507,0.229166666666667,0.25,TRUE,"usable",""
"NOSPI2_LAURELIN","NoSpi2 + Laurelin","Raphidioptera",5,6,5,1,5,1,5,1,128.2,0,128.2,134.076,145.828,0,0,TRUE,"usable",""
"NOSPI2_LAURELIN","NoSpi2 + Laurelin","Sarcoptiformes",782,2784,773,0.98849104859335,781,0.998721227621483,772,0.987212276214834,0,75.3,111.82,145.269378238342,248.32,0.130829015544041,0.439119170984456,TRUE,"usable",""
"NOSPI2_LAURELIN","NoSpi2 + Laurelin","Schizomida",2,2,2,1,2,1,2,1,2765,0,2765,2765,3361.16,0,1,TRUE,"usable",""
"NOSPI2_LAURELIN","NoSpi2 + Laurelin","Scolopendromorpha",2,2,1,0.5,2,1,1,0.5,54.4,17.62,72.02,72.02,72.02,0,0,TRUE,"usable",""
"NOSPI2_LAURELIN","NoSpi2 + Laurelin","Scorpiones",86,126,86,1,86,1,86,1,54.4,104.68,187.425,190.129186046512,343.365,0.0116279069767442,0.36046511627907,TRUE,"usable",""
"NOSPI2_LAURELIN","NoSpi2 + Laurelin","Siphonaptera",6,81,5,0.833333333333333,6,1,5,0.833333333333333,0,0,0,25.47,76.41,0.8,0.2,TRUE,"usable",""
"NOSPI2_LAURELIN","NoSpi2 + Laurelin","Siphonostomatoida",8,21,8,1,8,1,8,1,54.4,0,105.66,141.4725,255.93,0,0.375,TRUE,"usable",""
"NOSPI2_LAURELIN","NoSpi2 + Laurelin","Stomatopoda",2,2,2,1,2,1,2,1,42.45,8.81,51.26,51.26,78.172,0,0.5,TRUE,"usable",""
"NOSPI2_LAURELIN","NoSpi2 + Laurelin","Strepsiptera",1,1,1,1,1,1,1,1,633,154.62,787.62,787.62,787.62,0,1,TRUE,"usable",""
"NOSPI2_LAURELIN","NoSpi2 + Laurelin","Symphypleona",122,1070,121,0.991803278688525,121,0.991803278688525,120,0.983606557377049,0,0,0,80.4919166666667,212.25,0.516666666666667,0.2,TRUE,"usable",""
"NOSPI2_LAURELIN","NoSpi2 + Laurelin","Thysanoptera",184,1647,181,0.983695652173913,184,1,181,0.983695652173913,2418.3,15.8,2418.3,1976.41314917127,2697.95,0.00552486187845304,0.834254143646409,TRUE,"usable",""
"NOSPI2_LAURELIN","NoSpi2 + Laurelin","Trichoptera",555,1209,498,0.897297297297297,555,1,498,0.897297297297297,0,0,17.62,76.7704417670682,239,0.429718875502008,0.1285140562249,TRUE,"usable",""
"NOSPI2_LAURELIN","NoSpi2 + Laurelin","Trombidiformes",821,2407,810,0.986601705237515,817,0.995127892813642,806,0.981729598051157,0,29.38,32.51,116.318635235732,269.985,0.334987593052109,0.174937965260546,TRUE,"usable",""
"NOSPI2_LAURELIN","NoSpi2 + Laurelin","Uropygi",3,3,3,1,3,1,3,1,239,181.74,420.74,466.41,625.18,0,0.333333333333333,TRUE,"usable",""
"NOSPI2_LAURELIN","NoSpi2 + Laurelin","Zygentoma",50,60,50,1,50,1,50,1,54.4,17.62,77.46,134.6894,304.77,0,0.22,TRUE,"usable",""
"NOSPID","Spidprey","Amblypygi",3,3,3,1,3,1,3,1,713.8,0,713.8,666.333333333333,713.8,0,1,TRUE,"usable",""
"NOSPID","Spidprey","Amphipoda",376,1221,368,0.978723404255319,375,0.997340425531915,367,0.976063829787234,86.6,30.1,109,155.004713896458,298.85,0.0408719346049046,0.182561307901907,TRUE,"usable",""
"NOSPID","Spidprey","Anostraca",4,30,4,1,4,1,4,1,506.45,0,506.45,501.0375,506.45,0,1,TRUE,"usable",""
"NOSPID","Spidprey","Araneae",2981,10232,2965,0.994632673599463,2967,0.99530358939953,2951,0.989936262998994,520.4,143.6,692.6,716.189840731955,869.65,0.000338868180277872,0.999661131819722,TRUE,"usable",""
"NOSPID","Spidprey","Archaeognatha",3,47,3,1,3,1,3,1,142.4,0,142.4,142.4,142.4,0,0,TRUE,"usable",""
"NOSPID","Spidprey","Arguloida",5,10,5,1,5,1,5,1,86.6,0,86.6,131.76,299.78,0.4,0,TRUE,"usable",""
"NOSPID","Spidprey","Balanomorpha",8,13,8,1,8,1,8,1,229,30.1,259.1,298.65625,384.645,0,0.125,TRUE,"usable",""
"NOSPID","Spidprey","Blattodea",80,288,80,1,80,1,80,1,0,0,0,25.4045,125.685,0.7625,0.0875,TRUE,"usable",""
"NOSPID","Spidprey","Calanoida",99,343,97,0.97979797979798,98,0.98989898989899,97,0.97979797979798,21.65,127.35,159.08,193.394948453608,337.75,0,0.371134020618557,TRUE,"usable",""
"NOSPID","Spidprey","Chordeumatida",10,22,10,1,10,1,10,1,86.6,75.3,161.9,161.276,198.925,0,0.2,TRUE,"usable",""
"NOSPID","Spidprey","Coleoptera",2081,7281,2044,0.982220086496877,2062,0.990869774147045,2026,0.973570398846708,0,0,22.4,66.8124827245804,167.85,0.460513326752221,0.0740375123395854,TRUE,"usable",""
"NOSPID","Spidprey","Cryptophialida",6,7,6,1,6,1,6,1,229,45.9,274.9,225.673333333333,274.9,0,0,TRUE,"usable",""
"NOSPID","Spidprey","Cyclopoida",85,264,84,0.988235294117647,85,1,84,0.988235294117647,0,22.4,96.95,99.4652380952381,212.1,0.297619047619048,0.0595238095238095,TRUE,"usable",""
"NOSPID","Spidprey","Decapoda",336,948,330,0.982142857142857,336,1,330,0.982142857142857,14.47,22.4,86.6,112.839424242424,242.385,0.209090909090909,0.142424242424242,TRUE,"usable",""
"NOSPID","Spidprey","Dermaptera",2,82,2,1,2,1,2,1,0,136.225,136.225,136.225,221.125,0,0.5,TRUE,"usable",""
"NOSPID","Spidprey","Diplostraca",227,799,220,0.969162995594714,227,1,220,0.969162995594714,571.4,22.4,608.65,618.699454545455,776.95,0,0.995454545454545,TRUE,"usable",""
"NOSPID","Spidprey","Diptera",11541,83309,11388,0.986742916558357,11466,0.993501429685469,11314,0.98033099384802,0,0,0,49.7579353013955,127.35,0.555948382534913,0.0678805020328796,TRUE,"usable",""
"NOSPID","Spidprey","Entomobryomorpha",187,4396,179,0.957219251336898,182,0.973262032085562,174,0.93048128342246,0,0,93.835,140.848505747126,282.95,0.252873563218391,0.298850574712644,TRUE,"usable",""
"NOSPID","Spidprey","Ephemeroptera",134,343,119,0.888059701492537,132,0.985074626865672,117,0.873134328358209,21.65,30.1,86.6,92.1934188034188,196.89,0.162393162393162,0.128205128205128,TRUE,"usable",""
"NOSPID","Spidprey","Euphausiacea",3,10,3,1,3,1,3,1,0,125.5,125.5,136.076666666667,150.884,0,0,TRUE,"usable",""
"NOSPID","Spidprey","Geophilomorpha",6,22,6,1,6,1,6,1,484.8,75.3,560.1,480.8,666.225,0,0.833333333333333,TRUE,"usable",""
"NOSPID","Spidprey","Glomerida",3,3,2,0.666666666666667,2,0.666666666666667,2,0.666666666666667,495.625,275,770.625,770.625,829.485,0,1,TRUE,"usable",""
"NOSPID","Spidprey","Harpacticoida",28,71,28,1,28,1,28,1,86.6,125.5,222.135,221.873571428571,354.5,0,0.25,TRUE,"usable",""
"NOSPID","Spidprey","Hemiptera",1671,11609,1603,0.959305804907241,1651,0.988031119090365,1584,0.947935368043088,20.4,22.4,58.6,110.209356060606,228.715,0.200757575757576,0.116161616161616,TRUE,"usable",""
"NOSPID","Spidprey","Hymenoptera",6797,25612,6669,0.981168162424599,6744,0.992202442253936,6621,0.974106223333824,0,15.8,22.4,69.0210149524241,155.6,0.271409152695967,0.058601419725117,TRUE,"usable",""
"NOSPID","Spidprey","Isopoda",172,1068,170,0.988372093023256,172,1,170,0.988372093023256,86.6,125.5,212.1,229.309882352941,355.235,0.0705882352941176,0.341176470588235,TRUE,"usable",""
"NOSPID","Spidprey","Ixodida",31,419,31,1,31,1,31,1,21.65,0,21.65,86.2690322580645,337.75,0.0967741935483871,0.129032258064516,TRUE,"usable",""
"NOSPID","Spidprey","Julida",15,183,15,1,15,1,15,1,86.6,22.4,164.05,139.704,234.29,0.133333333333333,0.2,TRUE,"usable",""
"NOSPID","Spidprey","Laurida",1,1,1,1,1,1,1,1,0,0,0,0,0,1,0,TRUE,"usable",""
"NOSPID","Spidprey","Lepidoptera",4810,15292,4781,0.993970893970894,4800,0.997920997920998,4773,0.992307692307692,0,0,0,37.1630253509323,86.6,0.633563796354494,0.0333123821495915,TRUE,"usable",""
"NOSPID","Spidprey","Lithobiomorpha",112,298,110,0.982142857142857,112,1,110,0.982142857142857,10.825,0,75.3,124.568181818182,235.65,0.327272727272727,0.163636363636364,TRUE,"usable",""
"NOSPID","Spidprey","Lithoglyptida",29,45,29,1,29,1,29,1,86.6,22.4,229,192.653448275862,343.514,0.103448275862069,0.275862068965517,TRUE,"usable",""
"NOSPID","Spidprey","Mantodea",4,4,4,1,4,1,4,1,0,22.4,22.4,341.25,930.86,0.25,0,TRUE,"usable",""
"NOSPID","Spidprey","Mecoptera",7,10,7,1,7,1,7,1,0,0,0,204.642857142857,547.53,0.571428571428571,0.285714285714286,TRUE,"usable",""
"NOSPID","Spidprey","Megaloptera",5,6,5,1,5,1,5,1,0,22.4,30.1,49.62,100.04,0.2,0,TRUE,"usable",""
"NOSPID","Spidprey","Mesostigmata",97,489,96,0.989690721649485,96,0.989690721649485,95,0.979381443298969,86.6,15.8,125.5,174.684,479.42,0.168421052631579,0.336842105263158,TRUE,"usable",""
"NOSPID","Spidprey","Mysida",2,2,2,1,2,1,2,1,54.125,731.4,785.525,785.525,1226.345,0,0.5,TRUE,"usable",""
"NOSPID","Spidprey","Neelipleona",1,1,1,1,1,1,1,1,484.8,22.4,507.2,507.2,507.2,0,1,TRUE,"usable",""
"NOSPID","Spidprey","Neuroptera",91,368,91,1,90,0.989010989010989,90,0.989010989010989,0,0,0,33.8583333333333,109,0.577777777777778,0.0222222222222222,TRUE,"usable",""
"NOSPID","Spidprey","Odonata",61,130,54,0.885245901639344,61,1,54,0.885245901639344,142.4,0,142.4,151.297222222222,267.9,0.166666666666667,0.0925925925925926,TRUE,"usable",""
"NOSPID","Spidprey","Opilioacarida",1,1,1,1,1,1,1,1,0,202.65,202.65,202.65,202.65,0,1,TRUE,"usable",""
"NOSPID","Spidprey","Opiliones",57,686,54,0.947368421052632,55,0.964912280701754,53,0.929824561403509,86.6,22.4,142.4,213.488301886792,454,0.169811320754717,0.188679245283019,TRUE,"usable",""
"NOSPID","Spidprey","order unresolved",31884,135678,31480,0.987329067871032,31592,0.990841801530548,31216,0.97904905281646,0,15.8,30.1,100.496191376218,247.85,0.33204126089185,0.149250384418247,TRUE,"usable",""
"NOSPID","Spidprey","Orthoptera",99,725,86,0.868686868686869,98,0.98989898989899,85,0.858585858585859,0,0,0,17.7205882352941,52.5,0.717647058823529,0.0352941176470588,TRUE,"usable",""
"NOSPID","Spidprey","Pantopoda",98,178,94,0.959183673469388,98,1,94,0.959183673469388,0,15.8,86.6,131.834574468085,353.415,0.25531914893617,0.191489361702128,TRUE,"usable",""
"NOSPID","Spidprey","Phasmatodea",10,27,10,1,7,0.7,7,0.7,15.865,54,85.6,78.0471428571429,117.678,0,0,TRUE,"usable",""
"NOSPID","Spidprey","Phthiraptera",3,13,3,1,3,1,3,1,1276.8,141.3,1418.1,1244.43333333333,1418.1,0,0,TRUE,"usable",""
"NOSPID","Spidprey","Plecoptera",160,546,149,0.93125,156,0.975,145,0.90625,0,22.4,30.1,61.1491724137931,155.6,0.4,0.137931034482759,TRUE,"usable",""
"NOSPID","Spidprey","Podocopida",17,24,17,1,17,1,17,1,21.65,45.9,67.55,47.9176470588235,67.55,0.294117647058824,0,TRUE,"usable",""
"NOSPID","Spidprey","Poduromorpha",46,356,46,1,46,1,46,1,86.6,30.1,125.5,135.010869565217,244.05,0.130434782608696,0.260869565217391,TRUE,"usable",""
"NOSPID","Spidprey","Poecilostomatoida",18,40,18,1,17,0.944444444444444,17,0.944444444444444,165.5,147.9,292.15,273.395882352941,323.88,0,0.235294117647059,TRUE,"usable",""
"NOSPID","Spidprey","Polydesmida",6,18,6,1,6,1,6,1,520.4,11.2,524.625,559.205,650.39,0,1,TRUE,"usable",""
"NOSPID","Spidprey","Polyxenida",1,5,1,1,1,1,1,1,57.25,0,57.25,57.25,57.25,0,0,TRUE,"usable",""
"NOSPID","Spidprey","Polyzoniida",1,1,1,1,1,1,1,1,35.6,36,71.6,71.6,71.6,0,0,TRUE,"usable",""
"NOSPID","Spidprey","Pseudoscorpiones",15,28,15,1,15,1,15,1,484.8,15.8,544.65,557.666666666667,648.5,0,1,TRUE,"usable",""
"NOSPID","Spidprey","Psocoptera",193,2319,192,0.994818652849741,193,1,192,0.994818652849741,0,15.8,63.9,129.309166666667,305.07,0.291666666666667,0.244791666666667,TRUE,"usable",""
"NOSPID","Spidprey","Raphidioptera",5,6,5,1,5,1,5,1,142.4,0,142.4,142.4,142.4,0,0,TRUE,"usable",""
"NOSPID","Spidprey","Sarcoptiformes",782,2784,773,0.98849104859335,780,0.997442455242967,771,0.985933503836317,21.65,30.1,118.33,137.5282230869,249.55,0.159533073929961,0.27367055771725,TRUE,"usable",""
"NOSPID","Spidprey","Schizomida",2,2,2,1,2,1,2,1,484.8,11.2,496,496,504.96,0,1,TRUE,"usable",""
"NOSPID","Spidprey","Scolopendromorpha",2,2,1,0.5,2,1,1,0.5,0,22.4,22.4,22.4,22.4,0,0,TRUE,"usable",""
"NOSPID","Spidprey","Scorpiones",86,126,86,1,86,1,86,1,86.6,75.3,161.9,165.592790697674,242.2,0.0116279069767442,0.0581395348837209,TRUE,"usable",""
"NOSPID","Spidprey","Siphonaptera",6,81,5,0.833333333333333,6,1,5,0.833333333333333,0,11.2,22.4,51.75,137.33,0.4,0.2,TRUE,"usable",""
"NOSPID","Spidprey","Siphonostomatoida",8,21,8,1,8,1,8,1,86.6,22.4,109,155.1125,288.13,0,0.25,TRUE,"usable",""
"NOSPID","Spidprey","Stomatopoda",2,2,2,1,2,1,2,1,0,22.4,22.4,22.4,22.4,0,0,TRUE,"usable",""
"NOSPID","Spidprey","Strepsiptera",1,1,1,1,1,1,1,1,484.8,137,621.8,621.8,621.8,0,1,TRUE,"usable",""
"NOSPID","Spidprey","Symphypleona",122,1070,121,0.991803278688525,121,0.991803278688525,120,0.983606557377049,0,22.4,22.4,99.1009166666667,298.85,0.225,0.191666666666667,TRUE,"usable",""
"NOSPID","Spidprey","Thysanoptera",184,1647,181,0.983695652173913,184,1,181,0.983695652173913,1767.28,22.4,1800.1,1470.7464640884,2267,0.0165745856353591,0.0497237569060773,TRUE,"usable",""
"NOSPID","Spidprey","Trichoptera",555,1209,498,0.897297297297297,555,1,498,0.897297297297297,0,0,22.4,104.523574297189,484.8,0.407630522088353,0.172690763052209,TRUE,"usable",""
"NOSPID","Spidprey","Trombidiformes",821,2407,809,0.985383678440926,816,0.993909866017052,804,0.979293544457978,0,22.4,86.6,134.415932835821,329.65,0.212686567164179,0.187810945273632,TRUE,"usable",""
"NOSPID","Spidprey","Uropygi",3,3,3,1,3,1,3,1,571.4,85.6,657,703.116666666667,854.88,0,1,TRUE,"usable",""
"NOSPID","Spidprey","Zygentoma",50,60,50,1,50,1,50,1,0,22.4,58,80.9696,232.75,0.38,0.2,TRUE,"usable",""
"VERT","Vertebrate COI","Amblypygi",3,3,0,0,3,1,0,0,,282.25,,,,,,FALSE,"binding-region incomplete","Only 256/67352 centroids (0.4%) span both primer sites; penalties cannot be interpreted as taxon coverage."
"VERT","Vertebrate COI","Amphipoda",376,1221,0,0,372,0.98936170212766,0,0,,49.85,,,,,,FALSE,"binding-region incomplete","Only 256/67352 centroids (0.4%) span both primer sites; penalties cannot be interpreted as taxon coverage."
"VERT","Vertebrate COI","Anostraca",4,30,0,0,4,1,0,0,,925.7,,,,,,FALSE,"binding-region incomplete","Only 256/67352 centroids (0.4%) span both primer sites; penalties cannot be interpreted as taxon coverage."
"VERT","Vertebrate COI","Araneae",2981,10232,1,0.000335457900033546,2968,0.995639047299564,1,0.000335457900033546,123.58,131.5,231.53,231.53,231.53,0,0,FALSE,"binding-region incomplete","Only 256/67352 centroids (0.4%) span both primer sites; penalties cannot be interpreted as taxon coverage."
"VERT","Vertebrate COI","Archaeognatha",3,47,0,0,2,0.666666666666667,0,0,,269.1,,,,,,FALSE,"binding-region incomplete","Only 256/67352 centroids (0.4%) span both primer sites; penalties cannot be interpreted as taxon coverage."
"VERT","Vertebrate COI","Arguloida",5,10,0,0,5,1,0,0,,49.85,,,,,,FALSE,"binding-region incomplete","Only 256/67352 centroids (0.4%) span both primer sites; penalties cannot be interpreted as taxon coverage."
"VERT","Vertebrate COI","Balanomorpha",8,13,0,0,8,1,0,0,,269.1,,,,,,FALSE,"binding-region incomplete","Only 256/67352 centroids (0.4%) span both primer sites; penalties cannot be interpreted as taxon coverage."
"VERT","Vertebrate COI","Blattodea",80,288,40,0.5,80,1,40,0.5,84.9,31.4,116.3,119.725,146.4,0,0.925,FALSE,"binding-region incomplete","Only 256/67352 centroids (0.4%) span both primer sites; penalties cannot be interpreted as taxon coverage."
"VERT","Vertebrate COI","Calanoida",99,343,0,0,99,1,0,0,,49.85,,,,,,FALSE,"binding-region incomplete","Only 256/67352 centroids (0.4%) span both primer sites; penalties cannot be interpreted as taxon coverage."
"VERT","Vertebrate COI","Chordeumatida",10,22,0,0,10,1,0,0,,28.85,,,,,,FALSE,"binding-region incomplete","Only 256/67352 centroids (0.4%) span both primer sites; penalties cannot be interpreted as taxon coverage."
"VERT","Vertebrate COI","Coleoptera",2081,7281,19,0.00913022585295531,2052,0.986064392119174,19,0.00913022585295531,146.58,49.85,221.23,267.416842105263,414.76,0,0.473684210526316,FALSE,"binding-region incomplete","Only 256/67352 centroids (0.4%) span both primer sites; penalties cannot be interpreted as taxon coverage."
"VERT","Vertebrate COI","Cryptophialida",6,7,0,0,6,1,0,0,,292.65,,,,,,FALSE,"binding-region incomplete","Only 256/67352 centroids (0.4%) span both primer sites; penalties cannot be interpreted as taxon coverage."
"VERT","Vertebrate COI","Cyclopoida",85,264,0,0,84,0.988235294117647,0,0,,49.85,,,,,,FALSE,"binding-region incomplete","Only 256/67352 centroids (0.4%) span both primer sites; penalties cannot be interpreted as taxon coverage."
"VERT","Vertebrate COI","Decapoda",336,948,0,0,331,0.985119047619048,0,0,,49.85,,,,,,FALSE,"binding-region incomplete","Only 256/67352 centroids (0.4%) span both primer sites; penalties cannot be interpreted as taxon coverage."
"VERT","Vertebrate COI","Dermaptera",2,82,0,0,2,1,0,0,,17.075,,,,,,FALSE,"binding-region incomplete","Only 256/67352 centroids (0.4%) span both primer sites; penalties cannot be interpreted as taxon coverage."
"VERT","Vertebrate COI","Diplostraca",227,799,0,0,225,0.991189427312775,0,0,,250.35,,,,,,FALSE,"binding-region incomplete","Only 256/67352 centroids (0.4%) span both primer sites; penalties cannot be interpreted as taxon coverage."
"VERT","Vertebrate COI","Diptera",11541,83309,57,0.00493891343904341,11404,0.988129278225457,57,0.00493891343904341,109.68,31.4,135.98,140.096842105263,200.77,0,0.12280701754386,FALSE,"binding-region incomplete","Only 256/67352 centroids (0.4%) span both primer sites; penalties cannot be interpreted as taxon coverage."
"VERT","Vertebrate COI","Entomobryomorpha",187,4396,1,0.0053475935828877,181,0.967914438502674,1,0.0053475935828877,50.2,31.4,100.05,100.05,100.05,0,0,FALSE,"binding-region incomplete","Only 256/67352 centroids (0.4%) span both primer sites; penalties cannot be interpreted as taxon coverage."
"VERT","Vertebrate COI","Ephemeroptera",134,343,5,0.0373134328358209,119,0.888059701492537,5,0.0373134328358209,172,26.3,198.3,191.99,222.81,0,0.8,FALSE,"binding-region incomplete","Only 256/67352 centroids (0.4%) span both primer sites; penalties cannot be interpreted as taxon coverage."
"VERT","Vertebrate COI","Euphausiacea",3,10,0,0,3,1,0,0,,31.4,,,,,,FALSE,"binding-region incomplete","Only 256/67352 centroids (0.4%) span both primer sites; penalties cannot be interpreted as taxon coverage."
"VERT","Vertebrate COI","Geophilomorpha",6,22,0,0,6,1,0,0,,70.8,,,,,,FALSE,"binding-region incomplete","Only 256/67352 centroids (0.4%) span both primer sites; penalties cannot be interpreted as taxon coverage."
"VERT","Vertebrate COI","Glomerida",3,3,0,0,3,1,0,0,,250.35,,,,,,FALSE,"binding-region incomplete","Only 256/67352 centroids (0.4%) span both primer sites; penalties cannot be interpreted as taxon coverage."
"VERT","Vertebrate COI","Harpacticoida",28,71,0,0,28,1,0,0,,192.25,,,,,,FALSE,"binding-region incomplete","Only 256/67352 centroids (0.4%) span both primer sites; penalties cannot be interpreted as taxon coverage."
"VERT","Vertebrate COI","Hemiptera",1671,11609,13,0.00777977259126272,1603,0.959305804907241,13,0.00777977259126272,160.48,168.7,215.05,274.733076923077,494.276,0,0.615384615384615,FALSE,"binding-region incomplete","Only 256/67352 centroids (0.4%) span both primer sites; penalties cannot be interpreted as taxon coverage."
"VERT","Vertebrate COI","Hymenoptera",6797,25612,4,0.000588494924231278,6726,0.989554215094895,4,0.000588494924231278,155.4,49.85,217,245.345,358.246,0,0.5,FALSE,"binding-region incomplete","Only 256/67352 centroids (0.4%) span both primer sites; penalties cannot be interpreted as taxon coverage."
"VERT","Vertebrate COI","Isopoda",172,1068,0,0,170,0.988372093023256,0,0,,49.85,,,,,,FALSE,"binding-region incomplete","Only 256/67352 centroids (0.4%) span both primer sites; penalties cannot be interpreted as taxon coverage."
"VERT","Vertebrate COI","Ixodida",31,419,0,0,31,1,0,0,,262.55,,,,,,FALSE,"binding-region incomplete","Only 256/67352 centroids (0.4%) span both primer sites; penalties cannot be interpreted as taxon coverage."
"VERT","Vertebrate COI","Julida",15,183,0,0,15,1,0,0,,168.7,,,,,,FALSE,"binding-region incomplete","Only 256/67352 centroids (0.4%) span both primer sites; penalties cannot be interpreted as taxon coverage."
"VERT","Vertebrate COI","Laurida",1,1,0,0,1,1,0,0,,49.85,,,,,,FALSE,"binding-region incomplete","Only 256/67352 centroids (0.4%) span both primer sites; penalties cannot be interpreted as taxon coverage."
"VERT","Vertebrate COI","Lepidoptera",4810,15292,19,0.00395010395010395,4785,0.994802494802495,19,0.00395010395010395,160.48,49.85,210.33,195.41052631579,210.33,0,0.0526315789473684,FALSE,"binding-region incomplete","Only 256/67352 centroids (0.4%) span both primer sites; penalties cannot be interpreted as taxon coverage."
"VERT","Vertebrate COI","Lithobiomorpha",112,298,0,0,110,0.982142857142857,0,0,,192.25,,,,,,FALSE,"binding-region incomplete","Only 256/67352 centroids (0.4%) span both primer sites; penalties cannot be interpreted as taxon coverage."
"VERT","Vertebrate COI","Lithoglyptida",29,45,0,0,29,1,0,0,,192.25,,,,,,FALSE,"binding-region incomplete","Only 256/67352 centroids (0.4%) span both primer sites; penalties cannot be interpreted as taxon coverage."
"VERT","Vertebrate COI","Mantodea",4,4,0,0,4,1,0,0,,49.85,,,,,,FALSE,"binding-region incomplete","Only 256/67352 centroids (0.4%) span both primer sites; penalties cannot be interpreted as taxon coverage."
"VERT","Vertebrate COI","Mecoptera",7,10,1,0.142857142857143,7,1,1,0.142857142857143,146.58,49.85,196.43,196.43,196.43,0,0,FALSE,"binding-region incomplete","Only 256/67352 centroids (0.4%) span both primer sites; penalties cannot be interpreted as taxon coverage."
"VERT","Vertebrate COI","Megaloptera",5,6,2,0.4,5,1,2,0.4,121.48,49.85,159.555,159.555,189.055,0,0,FALSE,"binding-region incomplete","Only 256/67352 centroids (0.4%) span both primer sites; penalties cannot be interpreted as taxon coverage."
"VERT","Vertebrate COI","Mesostigmata",97,489,0,0,97,1,0,0,,49.85,,,,,,FALSE,"binding-region incomplete","Only 256/67352 centroids (0.4%) span both primer sites; penalties cannot be interpreted as taxon coverage."
"VERT","Vertebrate COI","Mysida",2,2,0,0,2,1,0,0,,177.2,,,,,,FALSE,"binding-region incomplete","Only 256/67352 centroids (0.4%) span both primer sites; penalties cannot be interpreted as taxon coverage."
"VERT","Vertebrate COI","Neelipleona",1,1,0,0,1,1,0,0,,39.45,,,,,,FALSE,"binding-region incomplete","Only 256/67352 centroids (0.4%) span both primer sites; penalties cannot be interpreted as taxon coverage."
"VERT","Vertebrate COI","Neuroptera",91,368,3,0.032967032967033,91,1,3,0.032967032967033,135.1,26.3,161.4,231.266666666667,329.08,0,1,FALSE,"binding-region incomplete","Only 256/67352 centroids (0.4%) span both primer sites; penalties cannot be interpreted as taxon coverage."
"VERT","Vertebrate COI","Odonata",61,130,3,0.0491803278688525,55,0.901639344262295,3,0.0491803278688525,194.58,250.65,393.63,401.203333333333,468.51,0,0.666666666666667,FALSE,"binding-region incomplete","Only 256/67352 centroids (0.4%) span both primer sites; penalties cannot be interpreted as taxon coverage."
"VERT","Vertebrate COI","Opilioacarida",1,1,0,0,1,1,0,0,,31.4,,,,,,FALSE,"binding-region incomplete","Only 256/67352 centroids (0.4%) span both primer sites; penalties cannot be interpreted as taxon coverage."
"VERT","Vertebrate COI","Opiliones",57,686,0,0,55,0.964912280701754,0,0,,192.25,,,,,,FALSE,"binding-region incomplete","Only 256/67352 centroids (0.4%) span both primer sites; penalties cannot be interpreted as taxon coverage."
"VERT","Vertebrate COI","order unresolved",31884,135678,65,0.00203864007025467,31627,0.991939530799147,65,0.00203864007025467,400.6,49.85,574.4,801.206461538461,1237.27,0,0.261538461538462,FALSE,"binding-region incomplete","Only 256/67352 centroids (0.4%) span both primer sites; penalties cannot be interpreted as taxon coverage."
"VERT","Vertebrate COI","Orthoptera",99,725,5,0.0505050505050505,89,0.898989898989899,5,0.0505050505050505,172,31.4,203.4,192.648,232.78,0,0.8,FALSE,"binding-region incomplete","Only 256/67352 centroids (0.4%) span both primer sites; penalties cannot be interpreted as taxon coverage."
"VERT","Vertebrate COI","Pantopoda",98,178,0,0,98,1,0,0,,49.85,,,,,,FALSE,"binding-region incomplete","Only 256/67352 centroids (0.4%) span both primer sites; penalties cannot be interpreted as taxon coverage."
"VERT","Vertebrate COI","Phasmatodea",10,27,4,0.4,10,1,4,0.4,3443.55,49.85,5652.8,4418.2375,6097.19,0,0.75,FALSE,"binding-region incomplete","Only 256/67352 centroids (0.4%) span both primer sites; penalties cannot be interpreted as taxon coverage."
"VERT","Vertebrate COI","Phthiraptera",3,13,0,0,3,1,0,0,,2131.3,,,,,,FALSE,"binding-region incomplete","Only 256/67352 centroids (0.4%) span both primer sites; penalties cannot be interpreted as taxon coverage."
"VERT","Vertebrate COI","Plecoptera",160,546,6,0.0375,149,0.93125,6,0.0375,172,26.3,189.075,161.033333333333,219.175,0,0.666666666666667,FALSE,"binding-region incomplete","Only 256/67352 centroids (0.4%) span both primer sites; penalties cannot be interpreted as taxon coverage."
"VERT","Vertebrate COI","Podocopida",17,24,0,0,17,1,0,0,,286.1,,,,,,FALSE,"binding-region incomplete","Only 256/67352 centroids (0.4%) span both primer sites; penalties cannot be interpreted as taxon coverage."
"VERT","Vertebrate COI","Poduromorpha",46,356,2,0.0434782608695652,46,1,2,0.0434782608695652,79.58,49.85,129.43,129.43,129.43,0,0,FALSE,"binding-region incomplete","Only 256/67352 centroids (0.4%) span both primer sites; penalties cannot be interpreted as taxon coverage."
"VERT","Vertebrate COI","Poecilostomatoida",18,40,0,0,18,1,0,0,,292.65,,,,,,FALSE,"binding-region incomplete","Only 256/67352 centroids (0.4%) span both primer sites; penalties cannot be interpreted as taxon coverage."
"VERT","Vertebrate COI","Polydesmida",6,18,0,0,6,1,0,0,,131.5,,,,,,FALSE,"binding-region incomplete","Only 256/67352 centroids (0.4%) span both primer sites; penalties cannot be interpreted as taxon coverage."
"VERT","Vertebrate COI","Polyxenida",1,5,0,0,1,1,0,0,,304.55,,,,,,FALSE,"binding-region incomplete","Only 256/67352 centroids (0.4%) span both primer sites; penalties cannot be interpreted as taxon coverage."
"VERT","Vertebrate COI","Polyzoniida",1,1,0,0,1,1,0,0,,173.8,,,,,,FALSE,"binding-region incomplete","Only 256/67352 centroids (0.4%) span both primer sites; penalties cannot be interpreted as taxon coverage."
"VERT","Vertebrate COI","Pseudoscorpiones",15,28,0,0,15,1,0,0,,131.5,,,,,,FALSE,"binding-region incomplete","Only 256/67352 centroids (0.4%) span both primer sites; penalties cannot be interpreted as taxon coverage."
"VERT","Vertebrate COI","Psocoptera",193,2319,0,0,192,0.994818652849741,0,0,,49.85,,,,,,FALSE,"binding-region incomplete","Only 256/67352 centroids (0.4%) span both primer sites; penalties cannot be interpreted as taxon coverage."
"VERT","Vertebrate COI","Raphidioptera",5,6,1,0.2,5,1,1,0.2,101,292.65,393.65,393.65,393.65,0,0,FALSE,"binding-region incomplete","Only 256/67352 centroids (0.4%) span both primer sites; penalties cannot be interpreted as taxon coverage."
"VERT","Vertebrate COI","Sarcoptiformes",782,2784,0,0,773,0.98849104859335,0,0,,31.4,,,,,,FALSE,"binding-region incomplete","Only 256/67352 centroids (0.4%) span both primer sites; penalties cannot be interpreted as taxon coverage."
"VERT","Vertebrate COI","Schizomida",2,2,0,0,2,1,0,0,,342.9,,,,,,FALSE,"binding-region incomplete","Only 256/67352 centroids (0.4%) span both primer sites; penalties cannot be interpreted as taxon coverage."
"VERT","Vertebrate COI","Scolopendromorpha",2,2,0,0,1,0.5,0,0,,168.7,,,,,,FALSE,"binding-region incomplete","Only 256/67352 centroids (0.4%) span both primer sites; penalties cannot be interpreted as taxon coverage."
"VERT","Vertebrate COI","Scorpiones",86,126,0,0,86,1,0,0,,168.7,,,,,,FALSE,"binding-region incomplete","Only 256/67352 centroids (0.4%) span both primer sites; penalties cannot be interpreted as taxon coverage."
"VERT","Vertebrate COI","Siphonaptera",6,81,0,0,6,1,0,0,,49.85,,,,,,FALSE,"binding-region incomplete","Only 256/67352 centroids (0.4%) span both primer sites; penalties cannot be interpreted as taxon coverage."
"VERT","Vertebrate COI","Siphonostomatoida",8,21,0,0,8,1,0,0,,192.25,,,,,,FALSE,"binding-region incomplete","Only 256/67352 centroids (0.4%) span both primer sites; penalties cannot be interpreted as taxon coverage."
"VERT","Vertebrate COI","Stomatopoda",2,2,0,0,2,1,0,0,,19.625,,,,,,FALSE,"binding-region incomplete","Only 256/67352 centroids (0.4%) span both primer sites; penalties cannot be interpreted as taxon coverage."
"VERT","Vertebrate COI","Strepsiptera",1,1,0,0,1,1,0,0,,297.4,,,,,,FALSE,"binding-region incomplete","Only 256/67352 centroids (0.4%) span both primer sites; penalties cannot be interpreted as taxon coverage."
"VERT","Vertebrate COI","Symphypleona",122,1070,0,0,121,0.991803278688525,0,0,,49.85,,,,,,FALSE,"binding-region incomplete","Only 256/67352 centroids (0.4%) span both primer sites; penalties cannot be interpreted as taxon coverage."
"VERT","Vertebrate COI","Thysanoptera",184,1647,0,0,182,0.989130434782609,0,0,,2127.4,,,,,,FALSE,"binding-region incomplete","Only 256/67352 centroids (0.4%) span both primer sites; penalties cannot be interpreted as taxon coverage."
"VERT","Vertebrate COI","Trichoptera",555,1209,5,0.00900900900900901,496,0.893693693693694,5,0.00900900900900901,117.2,49.85,196.43,398.792,878.34,0,0.2,FALSE,"binding-region incomplete","Only 256/67352 centroids (0.4%) span both primer sites; penalties cannot be interpreted as taxon coverage."
"VERT","Vertebrate COI","Trombidiformes",821,2407,0,0,809,0.985383678440926,0,0,,49.85,,,,,,FALSE,"binding-region incomplete","Only 256/67352 centroids (0.4%) span both primer sites; penalties cannot be interpreted as taxon coverage."
"VERT","Vertebrate COI","Uropygi",3,3,0,0,3,1,0,0,,131.5,,,,,,FALSE,"binding-region incomplete","Only 256/67352 centroids (0.4%) span both primer sites; penalties cannot be interpreted as taxon coverage."
"VERT","Vertebrate COI","Zygentoma",50,60,0,0,50,1,0,0,,192.25,,,,,,FALSE,"binding-region incomplete","Only 256/67352 centroids (0.4%) span both primer sites; penalties cannot be interpreted as taxon coverage."
"ZBJ_ART","ZBJ-Art","Amblypygi",3,3,0,0,3,1,0,0,,172.67,,,,,,FALSE,"binding-region incomplete","Only 515/67352 centroids (0.8%) span both primer sites; penalties cannot be interpreted as taxon coverage."
"ZBJ_ART","ZBJ-Art","Amphipoda",376,1221,0,0,353,0.938829787234043,0,0,,155.44,,,,,,FALSE,"binding-region incomplete","Only 515/67352 centroids (0.8%) span both primer sites; penalties cannot be interpreted as taxon coverage."
"ZBJ_ART","ZBJ-Art","Anostraca",4,30,0,0,4,1,0,0,,126.25,,,,,,FALSE,"binding-region incomplete","Only 515/67352 centroids (0.8%) span both primer sites; penalties cannot be interpreted as taxon coverage."
"ZBJ_ART","ZBJ-Art","Araneae",2981,10232,6,0.00201274740020127,2871,0.96309963099631,6,0.00201274740020127,119.55,149.4,347.3,379.383333333333,674.1,0,0.5,FALSE,"binding-region incomplete","Only 515/67352 centroids (0.8%) span both primer sites; penalties cannot be interpreted as taxon coverage."
"ZBJ_ART","ZBJ-Art","Archaeognatha",3,47,0,0,3,1,0,0,,100.4,,,,,,FALSE,"binding-region incomplete","Only 515/67352 centroids (0.8%) span both primer sites; penalties cannot be interpreted as taxon coverage."
"ZBJ_ART","ZBJ-Art","Arguloida",5,10,0,0,5,1,0,0,,278.05,,,,,,FALSE,"binding-region incomplete","Only 515/67352 centroids (0.8%) span both primer sites; penalties cannot be interpreted as taxon coverage."
"ZBJ_ART","ZBJ-Art","Balanomorpha",8,13,0,0,8,1,0,0,,205.7,,,,,,FALSE,"binding-region incomplete","Only 515/67352 centroids (0.8%) span both primer sites; penalties cannot be interpreted as taxon coverage."
"ZBJ_ART","ZBJ-Art","Blattodea",80,288,40,0.5,80,1,40,0.5,170,188.5,404.1,385.57075,489,0,0.375,FALSE,"binding-region incomplete","Only 515/67352 centroids (0.8%) span both primer sites; penalties cannot be interpreted as taxon coverage."
"ZBJ_ART","ZBJ-Art","Calanoida",99,343,0,0,94,0.94949494949495,0,0,,158.4,,,,,,FALSE,"binding-region incomplete","Only 515/67352 centroids (0.8%) span both primer sites; penalties cannot be interpreted as taxon coverage."
"ZBJ_ART","ZBJ-Art","Chordeumatida",10,22,0,0,10,1,0,0,,149.4,,,,,,FALSE,"binding-region incomplete","Only 515/67352 centroids (0.8%) span both primer sites; penalties cannot be interpreted as taxon coverage."
"ZBJ_ART","ZBJ-Art","Coleoptera",2081,7281,30,0.0144161460836136,2024,0.972609322441134,30,0.0144161460836136,89.345,96.65,224.275,365.062666666667,411.165,0,0.6,FALSE,"binding-region incomplete","Only 515/67352 centroids (0.8%) span both primer sites; penalties cannot be interpreted as taxon coverage."
"ZBJ_ART","ZBJ-Art","Cryptophialida",6,7,0,0,6,1,0,0,,133.1,,,,,,FALSE,"binding-region incomplete","Only 515/67352 centroids (0.8%) span both primer sites; penalties cannot be interpreted as taxon coverage."
"ZBJ_ART","ZBJ-Art","Cyclopoida",85,264,0,0,84,0.988235294117647,0,0,,121.675,,,,,,FALSE,"binding-region incomplete","Only 515/67352 centroids (0.8%) span both primer sites; penalties cannot be interpreted as taxon coverage."
"ZBJ_ART","ZBJ-Art","Decapoda",336,948,5,0.0148809523809524,330,0.982142857142857,5,0.0148809523809524,192.2,76.135,307.9,873.17,2204.63,0,0.8,FALSE,"binding-region incomplete","Only 515/67352 centroids (0.8%) span both primer sites; penalties cannot be interpreted as taxon coverage."
"ZBJ_ART","ZBJ-Art","Dermaptera",2,82,0,0,2,1,0,0,,198.045,,,,,,FALSE,"binding-region incomplete","Only 515/67352 centroids (0.8%) span both primer sites; penalties cannot be interpreted as taxon coverage."
"ZBJ_ART","ZBJ-Art","Diplostraca",227,799,0,0,220,0.969162995594714,0,0,,125,,,,,,FALSE,"binding-region incomplete","Only 515/67352 centroids (0.8%) span both primer sites; penalties cannot be interpreted as taxon coverage."
"ZBJ_ART","ZBJ-Art","Diptera",11541,83309,162,0.0140369118793865,11347,0.983190364786414,162,0.0140369118793865,77.36,36.35,128.15,162.225555555556,354.9,0.0740740740740741,0.271604938271605,FALSE,"binding-region incomplete","Only 515/67352 centroids (0.8%) span both primer sites; penalties cannot be interpreted as taxon coverage."
"ZBJ_ART","ZBJ-Art","Entomobryomorpha",187,4396,1,0.0053475935828877,180,0.962566844919786,1,0.0053475935828877,242.34,96.65,370.74,370.74,370.74,0,1,FALSE,"binding-region incomplete","Only 515/67352 centroids (0.8%) span both primer sites; penalties cannot be interpreted as taxon coverage."
"ZBJ_ART","ZBJ-Art","Ephemeroptera",134,343,5,0.0373134328358209,118,0.880597014925373,5,0.0373134328358209,88,134.125,202.27,213.908,311.712,0,0.8,FALSE,"binding-region incomplete","Only 515/67352 centroids (0.8%) span both primer sites; penalties cannot be interpreted as taxon coverage."
"ZBJ_ART","ZBJ-Art","Euphausiacea",3,10,0,0,3,1,0,0,,18.7,,,,,,FALSE,"binding-region incomplete","Only 515/67352 centroids (0.8%) span both primer sites; penalties cannot be interpreted as taxon coverage."
"ZBJ_ART","ZBJ-Art","Geophilomorpha",6,22,0,0,6,1,0,0,,116.6,,,,,,FALSE,"binding-region incomplete","Only 515/67352 centroids (0.8%) span both primer sites; penalties cannot be interpreted as taxon coverage."
"ZBJ_ART","ZBJ-Art","Glomerida",3,3,0,0,2,0.666666666666667,0,0,,149.9,,,,,,FALSE,"binding-region incomplete","Only 515/67352 centroids (0.8%) span both primer sites; penalties cannot be interpreted as taxon coverage."
"ZBJ_ART","ZBJ-Art","Harpacticoida",28,71,0,0,28,1,0,0,,182.35,,,,,,FALSE,"binding-region incomplete","Only 515/67352 centroids (0.8%) span both primer sites; penalties cannot be interpreted as taxon coverage."
"ZBJ_ART","ZBJ-Art","Hemiptera",1671,11609,15,0.00897666068222621,1586,0.949132256134051,15,0.00897666068222621,242.8,163.685,395.79,443.127333333333,903.83,0,0.6,FALSE,"binding-region incomplete","Only 515/67352 centroids (0.8%) span both primer sites; penalties cannot be interpreted as taxon coverage."
"ZBJ_ART","ZBJ-Art","Hymenoptera",6797,25612,32,0.00470795939385023,6621,0.974106223333824,32,0.00470795939385023,98.275,90,173.275,299.1503125,804.725,0,0.375,FALSE,"binding-region incomplete","Only 515/67352 centroids (0.8%) span both primer sites; penalties cannot be interpreted as taxon coverage."
"ZBJ_ART","ZBJ-Art","Isopoda",172,1068,0,0,170,0.988372093023256,0,0,,188.685,,,,,,FALSE,"binding-region incomplete","Only 515/67352 centroids (0.8%) span both primer sites; penalties cannot be interpreted as taxon coverage."
"ZBJ_ART","ZBJ-Art","Ixodida",31,419,0,0,31,1,0,0,,108.25,,,,,,FALSE,"binding-region incomplete","Only 515/67352 centroids (0.8%) span both primer sites; penalties cannot be interpreted as taxon coverage."
"ZBJ_ART","ZBJ-Art","Julida",15,183,0,0,15,1,0,0,,158.4,,,,,,FALSE,"binding-region incomplete","Only 515/67352 centroids (0.8%) span both primer sites; penalties cannot be interpreted as taxon coverage."
"ZBJ_ART","ZBJ-Art","Laurida",1,1,0,0,1,1,0,0,,11.55,,,,,,FALSE,"binding-region incomplete","Only 515/67352 centroids (0.8%) span both primer sites; penalties cannot be interpreted as taxon coverage."
"ZBJ_ART","ZBJ-Art","Lepidoptera",4810,15292,25,0.0051975051975052,4778,0.993347193347193,25,0.0051975051975052,0,6.45,18.45,53.5,130.22,0.44,0.24,FALSE,"binding-region incomplete","Only 515/67352 centroids (0.8%) span both primer sites; penalties cannot be interpreted as taxon coverage."
"ZBJ_ART","ZBJ-Art","Lithobiomorpha",112,298,7,0.0625,110,0.982142857142857,7,0.0625,244.4,46.45,340.85,375.414285714286,546.9,0,1,FALSE,"binding-region incomplete","Only 515/67352 centroids (0.8%) span both primer sites; penalties cannot be interpreted as taxon coverage."
"ZBJ_ART","ZBJ-Art","Lithoglyptida",29,45,0,0,27,0.931034482758621,0,0,,205.25,,,,,,FALSE,"binding-region incomplete","Only 515/67352 centroids (0.8%) span both primer sites; penalties cannot be interpreted as taxon coverage."
"ZBJ_ART","ZBJ-Art","Mantodea",4,4,0,0,4,1,0,0,,306.075,,,,,,FALSE,"binding-region incomplete","Only 515/67352 centroids (0.8%) span both primer sites; penalties cannot be interpreted as taxon coverage."
"ZBJ_ART","ZBJ-Art","Mecoptera",7,10,1,0.142857142857143,7,1,1,0.142857142857143,0,6.45,19.6,19.6,19.6,0,0,FALSE,"binding-region incomplete","Only 515/67352 centroids (0.8%) span both primer sites; penalties cannot be interpreted as taxon coverage."
"ZBJ_ART","ZBJ-Art","Megaloptera",5,6,2,0.4,5,1,2,0.4,124.25,0,127.475,127.475,229.455,0.5,0,FALSE,"binding-region incomplete","Only 515/67352 centroids (0.8%) span both primer sites; penalties cannot be interpreted as taxon coverage."
"ZBJ_ART","ZBJ-Art","Mesostigmata",97,489,0,0,97,1,0,0,,117.25,,,,,,FALSE,"binding-region incomplete","Only 515/67352 centroids (0.8%) span both primer sites; penalties cannot be interpreted as taxon coverage."
"ZBJ_ART","ZBJ-Art","Mysida",2,2,1,0.5,2,1,1,0.5,298,174.685,452.7,452.7,452.7,0,1,FALSE,"binding-region incomplete","Only 515/67352 centroids (0.8%) span both primer sites; penalties cannot be interpreted as taxon coverage."
"ZBJ_ART","ZBJ-Art","Neelipleona",1,1,0,0,1,1,0,0,,91.85,,,,,,FALSE,"binding-region incomplete","Only 515/67352 centroids (0.8%) span both primer sites; penalties cannot be interpreted as taxon coverage."
"ZBJ_ART","ZBJ-Art","Neuroptera",91,368,3,0.032967032967033,91,1,3,0.032967032967033,171.5,30.1,271.9,297.45,466.1,0,0.666666666666667,FALSE,"binding-region incomplete","Only 515/67352 centroids (0.8%) span both primer sites; penalties cannot be interpreted as taxon coverage."
"ZBJ_ART","ZBJ-Art","Odonata",61,130,4,0.0655737704918033,51,0.836065573770492,4,0.0655737704918033,215.035,109.2,246.01,272.085,376.175,0,0.25,FALSE,"binding-region incomplete","Only 515/67352 centroids (0.8%) span both primer sites; penalties cannot be interpreted as taxon coverage."
"ZBJ_ART","ZBJ-Art","Opilioacarida",1,1,0,0,1,1,0,0,,6.45,,,,,,FALSE,"binding-region incomplete","Only 515/67352 centroids (0.8%) span both primer sites; penalties cannot be interpreted as taxon coverage."
"ZBJ_ART","ZBJ-Art","Opiliones",57,686,1,0.0175438596491228,55,0.964912280701754,1,0.0175438596491228,125.9,133.2,343.62,343.62,343.62,0,0,FALSE,"binding-region incomplete","Only 515/67352 centroids (0.8%) span both primer sites; penalties cannot be interpreted as taxon coverage."
"ZBJ_ART","ZBJ-Art","order unresolved",31884,135678,141,0.00442228076778321,31380,0.984192698532179,141,0.00442228076778321,1280.35,76.25,1477.27,1320.39730496454,1964.25,0,0.858156028368794,FALSE,"binding-region incomplete","Only 515/67352 centroids (0.8%) span both primer sites; penalties cannot be interpreted as taxon coverage."
"ZBJ_ART","ZBJ-Art","Orthoptera",99,725,5,0.0505050505050505,91,0.919191919191919,5,0.0505050505050505,125.9,18.15,133.75,150.948,223.68,0,0.2,FALSE,"binding-region incomplete","Only 515/67352 centroids (0.8%) span both primer sites; penalties cannot be interpreted as taxon coverage."
"ZBJ_ART","ZBJ-Art","Pantopoda",98,178,0,0,94,0.959183673469388,0,0,,100.4,,,,,,FALSE,"binding-region incomplete","Only 515/67352 centroids (0.8%) span both primer sites; penalties cannot be interpreted as taxon coverage."
"ZBJ_ART","ZBJ-Art","Phasmatodea",10,27,4,0.4,10,1,4,0.4,4587.89,156.075,6527.59,5232.7075,7088.094,0,1,FALSE,"binding-region incomplete","Only 515/67352 centroids (0.8%) span both primer sites; penalties cannot be interpreted as taxon coverage."
"ZBJ_ART","ZBJ-Art","Phthiraptera",3,13,0,0,3,1,0,0,,3073.8,,,,,,FALSE,"binding-region incomplete","Only 515/67352 centroids (0.8%) span both primer sites; penalties cannot be interpreted as taxon coverage."
"ZBJ_ART","ZBJ-Art","Plecoptera",160,546,10,0.0625,149,0.93125,10,0.0625,102.825,133.7,227.21,239.044,394.878,0,0.7,FALSE,"binding-region incomplete","Only 515/67352 centroids (0.8%) span both primer sites; penalties cannot be interpreted as taxon coverage."
"ZBJ_ART","ZBJ-Art","Podocopida",17,24,0,0,16,0.941176470588235,0,0,,156.075,,,,,,FALSE,"binding-region incomplete","Only 515/67352 centroids (0.8%) span both primer sites; penalties cannot be interpreted as taxon coverage."
"ZBJ_ART","ZBJ-Art","Poduromorpha",46,356,2,0.0434782608695652,46,1,2,0.0434782608695652,250.25,152.67,287.1,287.1,307.18,0,0,FALSE,"binding-region incomplete","Only 515/67352 centroids (0.8%) span both primer sites; penalties cannot be interpreted as taxon coverage."
"ZBJ_ART","ZBJ-Art","Poecilostomatoida",18,40,0,0,18,1,0,0,,148.5,,,,,,FALSE,"binding-region incomplete","Only 515/67352 centroids (0.8%) span both primer sites; penalties cannot be interpreted as taxon coverage."
"ZBJ_ART","ZBJ-Art","Polydesmida",6,18,0,0,6,1,0,0,,118.675,,,,,,FALSE,"binding-region incomplete","Only 515/67352 centroids (0.8%) span both primer sites; penalties cannot be interpreted as taxon coverage."
"ZBJ_ART","ZBJ-Art","Polyxenida",1,5,0,0,1,1,0,0,,131.02,,,,,,FALSE,"binding-region incomplete","Only 515/67352 centroids (0.8%) span both primer sites; penalties cannot be interpreted as taxon coverage."
"ZBJ_ART","ZBJ-Art","Polyzoniida",1,1,0,0,1,1,0,0,,270.2,,,,,,FALSE,"binding-region incomplete","Only 515/67352 centroids (0.8%) span both primer sites; penalties cannot be interpreted as taxon coverage."
"ZBJ_ART","ZBJ-Art","Pseudoscorpiones",15,28,0,0,15,1,0,0,,115,,,,,,FALSE,"binding-region incomplete","Only 515/67352 centroids (0.8%) span both primer sites; penalties cannot be interpreted as taxon coverage."
"ZBJ_ART","ZBJ-Art","Psocoptera",193,2319,0,0,192,0.994818652849741,0,0,,105.225,,,,,,FALSE,"binding-region incomplete","Only 515/67352 centroids (0.8%) span both primer sites; penalties cannot be interpreted as taxon coverage."
"ZBJ_ART","ZBJ-Art","Raphidioptera",5,6,1,0.2,5,1,1,0.2,18.45,130.5,148.95,148.95,148.95,0,0,FALSE,"binding-region incomplete","Only 515/67352 centroids (0.8%) span both primer sites; penalties cannot be interpreted as taxon coverage."
"ZBJ_ART","ZBJ-Art","Sarcoptiformes",782,2784,0,0,774,0.989769820971867,0,0,,120.51,,,,,,FALSE,"binding-region incomplete","Only 515/67352 centroids (0.8%) span both primer sites; penalties cannot be interpreted as taxon coverage."
"ZBJ_ART","ZBJ-Art","Schizomida",2,2,0,0,2,1,0,0,,10.975,,,,,,FALSE,"binding-region incomplete","Only 515/67352 centroids (0.8%) span both primer sites; penalties cannot be interpreted as taxon coverage."
"ZBJ_ART","ZBJ-Art","Scolopendromorpha",2,2,0,0,2,1,0,0,,161.525,,,,,,FALSE,"binding-region incomplete","Only 515/67352 centroids (0.8%) span both primer sites; penalties cannot be interpreted as taxon coverage."
"ZBJ_ART","ZBJ-Art","Scorpiones",86,126,0,0,86,1,0,0,,221.435,,,,,,FALSE,"binding-region incomplete","Only 515/67352 centroids (0.8%) span both primer sites; penalties cannot be interpreted as taxon coverage."
"ZBJ_ART","ZBJ-Art","Siphonaptera",6,81,0,0,6,1,0,0,,11.55,,,,,,FALSE,"binding-region incomplete","Only 515/67352 centroids (0.8%) span both primer sites; penalties cannot be interpreted as taxon coverage."
"ZBJ_ART","ZBJ-Art","Siphonostomatoida",8,21,4,0.5,8,1,4,0.5,5198.7,135.61,5310.075,5299.4625,5370.095,0,1,FALSE,"binding-region incomplete","Only 515/67352 centroids (0.8%) span both primer sites; penalties cannot be interpreted as taxon coverage."
"ZBJ_ART","ZBJ-Art","Stomatopoda",2,2,0,0,2,1,0,0,,95.175,,,,,,FALSE,"binding-region incomplete","Only 515/67352 centroids (0.8%) span both primer sites; penalties cannot be interpreted as taxon coverage."
"ZBJ_ART","ZBJ-Art","Strepsiptera",1,1,0,0,1,1,0,0,,46,,,,,,FALSE,"binding-region incomplete","Only 515/67352 centroids (0.8%) span both primer sites; penalties cannot be interpreted as taxon coverage."
"ZBJ_ART","ZBJ-Art","Symphypleona",122,1070,0,0,121,0.991803278688525,0,0,,164,,,,,,FALSE,"binding-region incomplete","Only 515/67352 centroids (0.8%) span both primer sites; penalties cannot be interpreted as taxon coverage."
"ZBJ_ART","ZBJ-Art","Thysanoptera",184,1647,0,0,181,0.983695652173913,0,0,,3612.2,,,,,,FALSE,"binding-region incomplete","Only 515/67352 centroids (0.8%) span both primer sites; penalties cannot be interpreted as taxon coverage."
"ZBJ_ART","ZBJ-Art","Trichoptera",555,1209,6,0.0108108108108108,496,0.893693693693694,6,0.0108108108108108,66.95,36.55,129.185,184.71,345.87,0,0.166666666666667,FALSE,"binding-region incomplete","Only 515/67352 centroids (0.8%) span both primer sites; penalties cannot be interpreted as taxon coverage."
"ZBJ_ART","ZBJ-Art","Trombidiformes",821,2407,1,0.00121802679658952,801,0.97563946406821,1,0.00121802679658952,525.9,117.25,544.05,544.05,544.05,0,1,FALSE,"binding-region incomplete","Only 515/67352 centroids (0.8%) span both primer sites; penalties cannot be interpreted as taxon coverage."
"ZBJ_ART","ZBJ-Art","Uropygi",3,3,0,0,3,1,0,0,,41.35,,,,,,FALSE,"binding-region incomplete","Only 515/67352 centroids (0.8%) span both primer sites; penalties cannot be interpreted as taxon coverage."
"ZBJ_ART","ZBJ-Art","Zygentoma",50,60,1,0.02,50,1,1,0.02,128.1,98.3,238.15,238.15,238.15,0,1,FALSE,"binding-region incomplete","Only 515/67352 centroids (0.8%) span both primer sites; penalties cannot be interpreted as taxon coverage."
"ZBJ_ART_DEG","ZBJ-Art degenerate","Amblypygi",3,3,0,0,3,1,0,0,,17.65,,,,,,FALSE,"binding-region incomplete","Only 515/67352 centroids (0.8%) span both primer sites; penalties cannot be interpreted as taxon coverage."
"ZBJ_ART_DEG","ZBJ-Art degenerate","Amphipoda",376,1221,0,0,353,0.938829787234043,0,0,,12.05,,,,,,FALSE,"binding-region incomplete","Only 515/67352 centroids (0.8%) span both primer sites; penalties cannot be interpreted as taxon coverage."
"ZBJ_ART_DEG","ZBJ-Art degenerate","Anostraca",4,30,0,0,4,1,0,0,,7.85,,,,,,FALSE,"binding-region incomplete","Only 515/67352 centroids (0.8%) span both primer sites; penalties cannot be interpreted as taxon coverage."
"ZBJ_ART_DEG","ZBJ-Art degenerate","Araneae",2981,10232,6,0.00201274740020127,2871,0.96309963099631,6,0.00201274740020127,79.45,7.85,82.25,109.05,181.9,0,0,FALSE,"binding-region incomplete","Only 515/67352 centroids (0.8%) span both primer sites; penalties cannot be interpreted as taxon coverage."
"ZBJ_ART_DEG","ZBJ-Art degenerate","Archaeognatha",3,47,0,0,3,1,0,0,,0,,,,,,FALSE,"binding-region incomplete","Only 515/67352 centroids (0.8%) span both primer sites; penalties cannot be interpreted as taxon coverage."
"ZBJ_ART_DEG","ZBJ-Art degenerate","Arguloida",5,10,0,0,5,1,0,0,,7.85,,,,,,FALSE,"binding-region incomplete","Only 515/67352 centroids (0.8%) span both primer sites; penalties cannot be interpreted as taxon coverage."
"ZBJ_ART_DEG","ZBJ-Art degenerate","Balanomorpha",8,13,0,0,8,1,0,0,,15.3,,,,,,FALSE,"binding-region incomplete","Only 515/67352 centroids (0.8%) span both primer sites; penalties cannot be interpreted as taxon coverage."
"ZBJ_ART_DEG","ZBJ-Art degenerate","Blattodea",80,288,40,0.5,80,1,40,0.5,83.07,10.75,200.2,145.20775,200.2,0.05,0,FALSE,"binding-region incomplete","Only 515/67352 centroids (0.8%) span both primer sites; penalties cannot be interpreted as taxon coverage."
"ZBJ_ART_DEG","ZBJ-Art degenerate","Calanoida",99,343,0,0,94,0.94949494949495,0,0,,27.67,,,,,,FALSE,"binding-region incomplete","Only 515/67352 centroids (0.8%) span both primer sites; penalties cannot be interpreted as taxon coverage."
"ZBJ_ART_DEG","ZBJ-Art degenerate","Chordeumatida",10,22,0,0,10,1,0,0,,12.525,,,,,,FALSE,"binding-region incomplete","Only 515/67352 centroids (0.8%) span both primer sites; penalties cannot be interpreted as taxon coverage."
"ZBJ_ART_DEG","ZBJ-Art degenerate","Coleoptera",2081,7281,30,0.0144161460836136,2024,0.972609322441134,30,0.0144161460836136,0,6.45,8.825,151.349666666667,164.55,0.4,0.1,FALSE,"binding-region incomplete","Only 515/67352 centroids (0.8%) span both primer sites; penalties cannot be interpreted as taxon coverage."
"ZBJ_ART_DEG","ZBJ-Art degenerate","Cryptophialida",6,7,0,0,6,1,0,0,,43.1,,,,,,FALSE,"binding-region incomplete","Only 515/67352 centroids (0.8%) span both primer sites; penalties cannot be interpreted as taxon coverage."
"ZBJ_ART_DEG","ZBJ-Art degenerate","Cyclopoida",85,264,0,0,84,0.988235294117647,0,0,,12.325,,,,,,FALSE,"binding-region incomplete","Only 515/67352 centroids (0.8%) span both primer sites; penalties cannot be interpreted as taxon coverage."
"ZBJ_ART_DEG","ZBJ-Art degenerate","Decapoda",336,948,5,0.0148809523809524,330,0.982142857142857,5,0.0148809523809524,169.8,7.85,212.6,652.646,1764.174,0.2,0.6,FALSE,"binding-region incomplete","Only 515/67352 centroids (0.8%) span both primer sites; penalties cannot be interpreted as taxon coverage."
"ZBJ_ART_DEG","ZBJ-Art degenerate","Dermaptera",2,82,0,0,2,1,0,0,,51.72,,,,,,FALSE,"binding-region incomplete","Only 515/67352 centroids (0.8%) span both primer sites; penalties cannot be interpreted as taxon coverage."
"ZBJ_ART_DEG","ZBJ-Art degenerate","Diplostraca",227,799,0,0,220,0.969162995594714,0,0,,10.75,,,,,,FALSE,"binding-region incomplete","Only 515/67352 centroids (0.8%) span both primer sites; penalties cannot be interpreted as taxon coverage."
"ZBJ_ART_DEG","ZBJ-Art degenerate","Diptera",11541,83309,162,0.0140369118793865,11347,0.983190364786414,162,0.0140369118793865,0,0,0,13.5706790123457,31.437,0.58641975308642,0.0123456790123457,FALSE,"binding-region incomplete","Only 515/67352 centroids (0.8%) span both primer sites; penalties cannot be interpreted as taxon coverage."
"ZBJ_ART_DEG","ZBJ-Art degenerate","Entomobryomorpha",187,4396,1,0.0053475935828877,180,0.962566844919786,1,0.0053475935828877,78,0,84.45,84.45,84.45,0,0,FALSE,"binding-region incomplete","Only 515/67352 centroids (0.8%) span both primer sites; penalties cannot be interpreted as taxon coverage."
"ZBJ_ART_DEG","ZBJ-Art degenerate","Ephemeroptera",134,343,5,0.0373134328358209,118,0.880597014925373,5,0.0373134328358209,0,10.75,5.6,12.584,32.152,0.4,0,FALSE,"binding-region incomplete","Only 515/67352 centroids (0.8%) span both primer sites; penalties cannot be interpreted as taxon coverage."
"ZBJ_ART_DEG","ZBJ-Art degenerate","Euphausiacea",3,10,0,0,3,1,0,0,,0,,,,,,FALSE,"binding-region incomplete","Only 515/67352 centroids (0.8%) span both primer sites; penalties cannot be interpreted as taxon coverage."
"ZBJ_ART_DEG","ZBJ-Art degenerate","Geophilomorpha",6,22,0,0,6,1,0,0,,49.55,,,,,,FALSE,"binding-region incomplete","Only 515/67352 centroids (0.8%) span both primer sites; penalties cannot be interpreted as taxon coverage."
"ZBJ_ART_DEG","ZBJ-Art degenerate","Glomerida",3,3,0,0,2,0.666666666666667,0,0,,102.975,,,,,,FALSE,"binding-region incomplete","Only 515/67352 centroids (0.8%) span both primer sites; penalties cannot be interpreted as taxon coverage."
"ZBJ_ART_DEG","ZBJ-Art degenerate","Harpacticoida",28,71,0,0,28,1,0,0,,42.92,,,,,,FALSE,"binding-region incomplete","Only 515/67352 centroids (0.8%) span both primer sites; penalties cannot be interpreted as taxon coverage."
"ZBJ_ART_DEG","ZBJ-Art degenerate","Hemiptera",1671,11609,15,0.00897666068222621,1586,0.949132256134051,15,0.00897666068222621,0,10.2,11.2,130.726666666667,453.33,0.266666666666667,0.133333333333333,FALSE,"binding-region incomplete","Only 515/67352 centroids (0.8%) span both primer sites; penalties cannot be interpreted as taxon coverage."
"ZBJ_ART_DEG","ZBJ-Art degenerate","Hymenoptera",6797,25612,32,0.00470795939385023,6621,0.974106223333824,32,0.00470795939385023,62.95,7.85,74.15,169.3596875,554.83,0,0.3125,FALSE,"binding-region incomplete","Only 515/67352 centroids (0.8%) span both primer sites; penalties cannot be interpreted as taxon coverage."
"ZBJ_ART_DEG","ZBJ-Art degenerate","Isopoda",172,1068,0,0,170,0.988372093023256,0,0,,13.45,,,,,,FALSE,"binding-region incomplete","Only 515/67352 centroids (0.8%) span both primer sites; penalties cannot be interpreted as taxon coverage."
"ZBJ_ART_DEG","ZBJ-Art degenerate","Ixodida",31,419,0,0,31,1,0,0,,117.13,,,,,,FALSE,"binding-region incomplete","Only 515/67352 centroids (0.8%) span both primer sites; penalties cannot be interpreted as taxon coverage."
"ZBJ_ART_DEG","ZBJ-Art degenerate","Julida",15,183,0,0,15,1,0,0,,10.75,,,,,,FALSE,"binding-region incomplete","Only 515/67352 centroids (0.8%) span both primer sites; penalties cannot be interpreted as taxon coverage."
"ZBJ_ART_DEG","ZBJ-Art degenerate","Laurida",1,1,0,0,1,1,0,0,,6.45,,,,,,FALSE,"binding-region incomplete","Only 515/67352 centroids (0.8%) span both primer sites; penalties cannot be interpreted as taxon coverage."
"ZBJ_ART_DEG","ZBJ-Art degenerate","Lepidoptera",4810,15292,25,0.0051975051975052,4778,0.993347193347193,25,0.0051975051975052,0,0,0,2.028,7.29,0.84,0,FALSE,"binding-region incomplete","Only 515/67352 centroids (0.8%) span both primer sites; penalties cannot be interpreted as taxon coverage."
"ZBJ_ART_DEG","ZBJ-Art degenerate","Lithobiomorpha",112,298,7,0.0625,110,0.982142857142857,7,0.0625,187.6,6.45,187.6,207.792857142857,313.94,0,0.857142857142857,FALSE,"binding-region incomplete","Only 515/67352 centroids (0.8%) span both primer sites; penalties cannot be interpreted as taxon coverage."
"ZBJ_ART_DEG","ZBJ-Art degenerate","Lithoglyptida",29,45,0,0,27,0.931034482758621,0,0,,53,,,,,,FALSE,"binding-region incomplete","Only 515/67352 centroids (0.8%) span both primer sites; penalties cannot be interpreted as taxon coverage."
"ZBJ_ART_DEG","ZBJ-Art degenerate","Mantodea",4,4,0,0,4,1,0,0,,3.225,,,,,,FALSE,"binding-region incomplete","Only 515/67352 centroids (0.8%) span both primer sites; penalties cannot be interpreted as taxon coverage."
"ZBJ_ART_DEG","ZBJ-Art degenerate","Mecoptera",7,10,1,0.142857142857143,7,1,1,0.142857142857143,0,6.45,7.85,7.85,7.85,0,0,FALSE,"binding-region incomplete","Only 515/67352 centroids (0.8%) span both primer sites; penalties cannot be interpreted as taxon coverage."
"ZBJ_ART_DEG","ZBJ-Art degenerate","Megaloptera",5,6,2,0.4,5,1,2,0.4,0,0,3.225,3.225,5.805,0.5,0,FALSE,"binding-region incomplete","Only 515/67352 centroids (0.8%) span both primer sites; penalties cannot be interpreted as taxon coverage."
"ZBJ_ART_DEG","ZBJ-Art degenerate","Mesostigmata",97,489,0,0,97,1,0,0,,7.85,,,,,,FALSE,"binding-region incomplete","Only 515/67352 centroids (0.8%) span both primer sites; penalties cannot be interpreted as taxon coverage."
"ZBJ_ART_DEG","ZBJ-Art degenerate","Mysida",2,2,1,0.5,2,1,1,0.5,197.6,33.71,205.45,205.45,205.45,0,1,FALSE,"binding-region incomplete","Only 515/67352 centroids (0.8%) span both primer sites; penalties cannot be interpreted as taxon coverage."
"ZBJ_ART_DEG","ZBJ-Art degenerate","Neelipleona",1,1,0,0,1,1,0,0,,6.45,,,,,,FALSE,"binding-region incomplete","Only 515/67352 centroids (0.8%) span both primer sites; penalties cannot be interpreted as taxon coverage."
"ZBJ_ART_DEG","ZBJ-Art degenerate","Neuroptera",91,368,3,0.032967032967033,91,1,3,0.032967032967033,0,0,17.65,29.2166666666667,59.53,0.333333333333333,0,FALSE,"binding-region incomplete","Only 515/67352 centroids (0.8%) span both primer sites; penalties cannot be interpreted as taxon coverage."
"ZBJ_ART_DEG","ZBJ-Art degenerate","Odonata",61,130,4,0.0655737704918033,51,0.836065573770492,4,0.0655737704918033,75.25,7.85,75.25,101.2625,199.78,0,0,FALSE,"binding-region incomplete","Only 515/67352 centroids (0.8%) span both primer sites; penalties cannot be interpreted as taxon coverage."
"ZBJ_ART_DEG","ZBJ-Art degenerate","Opilioacarida",1,1,0,0,1,1,0,0,,6.45,,,,,,FALSE,"binding-region incomplete","Only 515/67352 centroids (0.8%) span both primer sites; penalties cannot be interpreted as taxon coverage."
"ZBJ_ART_DEG","ZBJ-Art degenerate","Opiliones",57,686,1,0.0175438596491228,55,0.964912280701754,1,0.0175438596491228,103.5,17.65,337.95,337.95,337.95,0,0,FALSE,"binding-region incomplete","Only 515/67352 centroids (0.8%) span both primer sites; penalties cannot be interpreted as taxon coverage."
"ZBJ_ART_DEG","ZBJ-Art degenerate","order unresolved",31884,135678,141,0.00442228076778321,31380,0.984192698532179,141,0.00442228076778321,885.05,6.45,923.6,777.237163120567,1432.38,0.0567375886524823,0.482269503546099,FALSE,"binding-region incomplete","Only 515/67352 centroids (0.8%) span both primer sites; penalties cannot be interpreted as taxon coverage."
"ZBJ_ART_DEG","ZBJ-Art degenerate","Orthoptera",99,725,5,0.0505050505050505,91,0.919191919191919,5,0.0505050505050505,14,7.85,17.62,16.594,30.13,0.2,0,FALSE,"binding-region incomplete","Only 515/67352 centroids (0.8%) span both primer sites; penalties cannot be interpreted as taxon coverage."
"ZBJ_ART_DEG","ZBJ-Art degenerate","Pantopoda",98,178,0,0,94,0.959183673469388,0,0,,6.45,,,,,,FALSE,"binding-region incomplete","Only 515/67352 centroids (0.8%) span both primer sites; penalties cannot be interpreted as taxon coverage."
"ZBJ_ART_DEG","ZBJ-Art degenerate","Phasmatodea",10,27,4,0.4,10,1,4,0.4,3353.975,12.75,5231.125,4069.0125,5572.48,0,1,FALSE,"binding-region incomplete","Only 515/67352 centroids (0.8%) span both primer sites; penalties cannot be interpreted as taxon coverage."
"ZBJ_ART_DEG","ZBJ-Art degenerate","Phthiraptera",3,13,0,0,3,1,0,0,,2157.3,,,,,,FALSE,"binding-region incomplete","Only 515/67352 centroids (0.8%) span both primer sites; penalties cannot be interpreted as taxon coverage."
"ZBJ_ART_DEG","ZBJ-Art degenerate","Plecoptera",160,546,10,0.0625,149,0.93125,10,0.0625,0,11.2,5.6,30.984,73.718,0.5,0,FALSE,"binding-region incomplete","Only 515/67352 centroids (0.8%) span both primer sites; penalties cannot be interpreted as taxon coverage."
"ZBJ_ART_DEG","ZBJ-Art degenerate","Podocopida",17,24,0,0,16,0.941176470588235,0,0,,13.45,,,,,,FALSE,"binding-region incomplete","Only 515/67352 centroids (0.8%) span both primer sites; penalties cannot be interpreted as taxon coverage."
"ZBJ_ART_DEG","ZBJ-Art degenerate","Poduromorpha",46,356,2,0.0434782608695652,46,1,2,0.0434782608695652,304.34,21.95,304.34,304.34,304.34,0,0,FALSE,"binding-region incomplete","Only 515/67352 centroids (0.8%) span both primer sites; penalties cannot be interpreted as taxon coverage."
"ZBJ_ART_DEG","ZBJ-Art degenerate","Poecilostomatoida",18,40,0,0,18,1,0,0,,7.85,,,,,,FALSE,"binding-region incomplete","Only 515/67352 centroids (0.8%) span both primer sites; penalties cannot be interpreted as taxon coverage."
"ZBJ_ART_DEG","ZBJ-Art degenerate","Polydesmida",6,18,0,0,6,1,0,0,,0,,,,,,FALSE,"binding-region incomplete","Only 515/67352 centroids (0.8%) span both primer sites; penalties cannot be interpreted as taxon coverage."
"ZBJ_ART_DEG","ZBJ-Art degenerate","Polyxenida",1,5,0,0,1,1,0,0,,46.12,,,,,,FALSE,"binding-region incomplete","Only 515/67352 centroids (0.8%) span both primer sites; penalties cannot be interpreted as taxon coverage."
"ZBJ_ART_DEG","ZBJ-Art degenerate","Polyzoniida",1,1,0,0,1,1,0,0,,315.23,,,,,,FALSE,"binding-region incomplete","Only 515/67352 centroids (0.8%) span both primer sites; penalties cannot be interpreted as taxon coverage."
"ZBJ_ART_DEG","ZBJ-Art degenerate","Pseudoscorpiones",15,28,0,0,15,1,0,0,,0,,,,,,FALSE,"binding-region incomplete","Only 515/67352 centroids (0.8%) span both primer sites; penalties cannot be interpreted as taxon coverage."
"ZBJ_ART_DEG","ZBJ-Art degenerate","Psocoptera",193,2319,0,0,192,0.994818652849741,0,0,,7.85,,,,,,FALSE,"binding-region incomplete","Only 515/67352 centroids (0.8%) span both primer sites; penalties cannot be interpreted as taxon coverage."
"ZBJ_ART_DEG","ZBJ-Art degenerate","Raphidioptera",5,6,1,0.2,5,1,1,0.2,0,0,0,0,0,1,0,FALSE,"binding-region incomplete","Only 515/67352 centroids (0.8%) span both primer sites; penalties cannot be interpreted as taxon coverage."
"ZBJ_ART_DEG","ZBJ-Art degenerate","Sarcoptiformes",782,2784,0,0,774,0.989769820971867,0,0,,13.45,,,,,,FALSE,"binding-region incomplete","Only 515/67352 centroids (0.8%) span both primer sites; penalties cannot be interpreted as taxon coverage."
"ZBJ_ART_DEG","ZBJ-Art degenerate","Schizomida",2,2,0,0,2,1,0,0,,0,,,,,,FALSE,"binding-region incomplete","Only 515/67352 centroids (0.8%) span both primer sites; penalties cannot be interpreted as taxon coverage."
"ZBJ_ART_DEG","ZBJ-Art degenerate","Scolopendromorpha",2,2,0,0,2,1,0,0,,104.65,,,,,,FALSE,"binding-region incomplete","Only 515/67352 centroids (0.8%) span both primer sites; penalties cannot be interpreted as taxon coverage."
"ZBJ_ART_DEG","ZBJ-Art degenerate","Scorpiones",86,126,0,0,86,1,0,0,,19.05,,,,,,FALSE,"binding-region incomplete","Only 515/67352 centroids (0.8%) span both primer sites; penalties cannot be interpreted as taxon coverage."
"ZBJ_ART_DEG","ZBJ-Art degenerate","Siphonaptera",6,81,0,0,6,1,0,0,,6.45,,,,,,FALSE,"binding-region incomplete","Only 515/67352 centroids (0.8%) span both primer sites; penalties cannot be interpreted as taxon coverage."
"ZBJ_ART_DEG","ZBJ-Art degenerate","Siphonostomatoida",8,21,4,0.5,8,1,4,0.5,4522.9,0,4522.9,4541.35,4601.76,0,1,FALSE,"binding-region incomplete","Only 515/67352 centroids (0.8%) span both primer sites; penalties cannot be interpreted as taxon coverage."
"ZBJ_ART_DEG","ZBJ-Art degenerate","Stomatopoda",2,2,0,0,2,1,0,0,,3.225,,,,,,FALSE,"binding-region incomplete","Only 515/67352 centroids (0.8%) span both primer sites; penalties cannot be interpreted as taxon coverage."
"ZBJ_ART_DEG","ZBJ-Art degenerate","Strepsiptera",1,1,0,0,1,1,0,0,,17.65,,,,,,FALSE,"binding-region incomplete","Only 515/67352 centroids (0.8%) span both primer sites; penalties cannot be interpreted as taxon coverage."
"ZBJ_ART_DEG","ZBJ-Art degenerate","Symphypleona",122,1070,0,0,121,0.991803278688525,0,0,,11.2,,,,,,FALSE,"binding-region incomplete","Only 515/67352 centroids (0.8%) span both primer sites; penalties cannot be interpreted as taxon coverage."
"ZBJ_ART_DEG","ZBJ-Art degenerate","Thysanoptera",184,1647,0,0,181,0.983695652173913,0,0,,2867,,,,,,FALSE,"binding-region incomplete","Only 515/67352 centroids (0.8%) span both primer sites; penalties cannot be interpreted as taxon coverage."
"ZBJ_ART_DEG","ZBJ-Art degenerate","Trichoptera",555,1209,6,0.0108108108108108,496,0.893693693693694,6,0.0108108108108108,17.8,6.45,40,50.2583333333333,94.725,0,0,FALSE,"binding-region incomplete","Only 515/67352 centroids (0.8%) span both primer sites; penalties cannot be interpreted as taxon coverage."
"ZBJ_ART_DEG","ZBJ-Art degenerate","Trombidiformes",821,2407,1,0.00121802679658952,801,0.97563946406821,1,0.00121802679658952,250.64,6.45,261.84,261.84,261.84,0,0,FALSE,"binding-region incomplete","Only 515/67352 centroids (0.8%) span both primer sites; penalties cannot be interpreted as taxon coverage."
"ZBJ_ART_DEG","ZBJ-Art degenerate","Uropygi",3,3,0,0,3,1,0,0,,7.85,,,,,,FALSE,"binding-region incomplete","Only 515/67352 centroids (0.8%) span both primer sites; penalties cannot be interpreted as taxon coverage."
"ZBJ_ART_DEG","ZBJ-Art degenerate","Zygentoma",50,60,1,0.02,50,1,1,0.02,39.45,6.025,45.9,45.9,45.9,0,0,FALSE,"binding-region incomplete","Only 515/67352 centroids (0.8%) span both primer sites; penalties cannot be interpreted as taxon coverage."
