"source","accessed_on","source_query_region","record_id","processid","specimenid","insdc_accession","bold_taxid","order","family","genus","species","identification_rank","marker_code","country","province","locality_region","latitude","longitude","coordinate_source","upload_date","sequence_characters","canonical_bases","ambiguous_bases","ambiguity_fraction","region_confirmed","species_label","pilot_sequence_qc"
"BOLD Data Portal","2026-09-23","HI_ARCH","ANICN168-10.COI-5P","ANICN168-10","1656316","HQ952582","20421","Lepidoptera","Crambidae","Nomophila","Nomophila nearctica","species","COI-5P","United States","Hawaii",,21.966,-159.574,,"2010-12-15",658,609,0,0,TRUE,TRUE,TRUE
"BOLD Data Portal","2026-09-23","HI_ARCH","ANICN169-10.COI-5P","ANICN169-10","1656317","KF392821","197671","Lepidoptera","Crambidae","Nomophila","Nomophila noctuella","species","COI-5P","United States","Hawaii",,21.966,-159.574,,"2011-08-12",658,550,0,0,TRUE,TRUE,TRUE
"BOLD Data Portal","2026-09-23","HI_ARCH","BCHHB002-19.COI-5P","BCHHB002-19","10566776",,"209796","Lepidoptera","Crambidae","Eudonia","Eudonia loxocentra","species","COI-5P","United States","Hawaii","Maui",20.807434,-156.28043,,"2019-09-24",658,658,0,0,TRUE,TRUE,TRUE
"BOLD Data Portal","2026-09-23","HI_ARCH","BCHHB013-19.COI-5P","BCHHB013-19","10566787",,"523093","Lepidoptera","Crambidae","Omiodes","Omiodes monogona","species","COI-5P","United States","Hawaii","Maui",20.807434,-156.28043,,"2019-09-24",658,658,0,0,TRUE,TRUE,TRUE
"BOLD Data Portal","2026-09-23","HI_ARCH","BCHHB014-19.COI-5P","BCHHB014-19","10566788",,"952285","Lepidoptera","Crambidae","Orthomecyna","Orthomecyna exigua","species","COI-5P","United States","Hawaii","Maui",20.807434,-156.28043,,"2019-09-24",658,658,0,0,TRUE,TRUE,TRUE
"BOLD Data Portal","2026-09-23","HI_ARCH","BCHHB016-19.COI-5P","BCHHB016-19","10566790",,"6782","Lepidoptera","Crambidae","Eudonia",,"genus","COI-5P","United States","Hawaii","Maui",20.807434,-156.28043,,"2019-09-24",658,658,0,0,TRUE,FALSE,TRUE
"BOLD Data Portal","2026-09-23","HI_ARCH","BCHHB020-19.COI-5P","BCHHB020-19","10566794",,"952285","Lepidoptera","Crambidae","Orthomecyna","Orthomecyna exigua","species","COI-5P","United States","Hawaii","Maui",20.807434,-156.28043,,"2019-09-24",633,633,0,0,TRUE,TRUE,TRUE
"BOLD Data Portal","2026-09-23","HI_ARCH","BCHHB022-19.COI-5P","BCHHB022-19","10566796",,"952285","Lepidoptera","Crambidae","Orthomecyna","Orthomecyna exigua","species","COI-5P","United States","Hawaii","Maui",20.807434,-156.28043,,"2019-09-24",658,657,1,0.00151975683890578,TRUE,TRUE,TRUE
"BOLD Data Portal","2026-09-23","HI_ARCH","BCHHB023-19.COI-5P","BCHHB023-19","10566797",,"523093","Lepidoptera","Crambidae","Omiodes","Omiodes monogona","species","COI-5P","United States","Hawaii","Maui",20.807434,-156.28043,,"2019-09-24",658,658,0,0,TRUE,TRUE,TRUE
"BOLD Data Portal","2026-09-23","HI_ARCH","BCHHB025-19.COI-5P","BCHHB025-19","10566799",,"952285","Lepidoptera","Crambidae","Orthomecyna","Orthomecyna exigua","species","COI-5P","United States","Hawaii","Maui",20.807434,-156.28043,,"2019-09-24",636,636,0,0,TRUE,TRUE,TRUE
"BOLD Data Portal","2026-09-23","HI_ARCH","BCHHB028-19.COI-5P","BCHHB028-19","10566802",,"952285","Lepidoptera","Crambidae","Orthomecyna","Orthomecyna exigua","species","COI-5P","United States","Hawaii","Maui",20.807434,-156.28043,,"2019-09-24",658,656,2,0.00303951367781155,TRUE,TRUE,TRUE
"BOLD Data Portal","2026-09-23","HI_ARCH","BCHHB029-19.COI-5P","BCHHB029-19","10566803",,"952285","Lepidoptera","Crambidae","Orthomecyna","Orthomecyna exigua","species","COI-5P","United States","Hawaii","Maui",20.807434,-156.28043,,"2019-09-24",658,658,0,0,TRUE,TRUE,TRUE
"BOLD Data Portal","2026-09-23","HI_ARCH","BCHHB033-19.COI-5P","BCHHB033-19","10566807",,"952285","Lepidoptera","Crambidae","Orthomecyna","Orthomecyna exigua","species","COI-5P","United States","Hawaii","Maui",20.76623,-156.35164,,"2019-09-24",559,559,0,0,TRUE,TRUE,TRUE
"BOLD Data Portal","2026-09-23","HI_ARCH","BCHHB064-19.COI-5P","BCHHB064-19","10566838",,"24760","Lepidoptera","Crambidae",,,"family","COI-5P","United States","Hawaii","Maui",,,,"2019-09-24",344,344,0,0,TRUE,FALSE,FALSE
"BOLD Data Portal","2026-09-23","HI_ARCH","BCHHB069-19.COI-5P","BCHHB069-19","10566843",,"6782","Lepidoptera","Crambidae","Eudonia",,"genus","COI-5P","United States","Hawaii","Maui",,,,"2019-09-24",658,658,0,0,TRUE,FALSE,TRUE
"BOLD Data Portal","2026-09-23","HI_ARCH","EPNG8281-13.COI-5P","EPNG8281-13","3534769",,"20152","Lepidoptera","Crambidae","Herpetogramma","Herpetogramma licarsisalis","species","COI-5P","United States","Hawaii","Oahu Island",21.35264,-157.85648,"Google Earth","2013-09-17",658,609,0,0,TRUE,TRUE,TRUE
"BOLD Data Portal","2026-09-23","HI_ARCH","GRAAM151-16.COI-5P","GRAAM151-16","7262121",,"209802","Lepidoptera","Crambidae","Eudonia","Eudonia venosa","species","COI-5P","United States","Hawaii","Hawaii The Big Island",19.41376,-155.23839,,"2016-09-30",658,621,0,0,TRUE,TRUE,TRUE
"BOLD Data Portal","2026-09-23","HI_ARCH","GRAAM152-16.COI-5P","GRAAM152-16","7262122",,"24760","Lepidoptera","Crambidae",,,"family","COI-5P","United States","Hawaii","Hawaii The Big Island",19.41376,-155.23839,,"2016-09-30",658,658,0,0,TRUE,FALSE,TRUE
"BOLD Data Portal","2026-09-23","HI_ARCH","GRAAM161-16.COI-5P","GRAAM161-16","7262131",,"6782","Lepidoptera","Crambidae","Eudonia",,"genus","COI-5P","United States","Hawaii","Hawaii The Big Island",19.41376,-155.23839,,"2016-09-30",658,658,0,0,TRUE,FALSE,TRUE
"BOLD Data Portal","2026-09-23","HI_ARCH","GRAAM162-16.COI-5P","GRAAM162-16","7262132",,"24760","Lepidoptera","Crambidae",,,"family","COI-5P","United States","Hawaii","Hawaii The Big Island",19.41376,-155.23839,,"2016-09-30",658,658,0,0,TRUE,FALSE,TRUE
"BOLD Data Portal","2026-09-23","HI_ARCH","GRAAM164-16.COI-5P","GRAAM164-16","7262134",,"24760","Lepidoptera","Crambidae",,,"family","COI-5P","United States","Hawaii","Hawaii The Big Island",19.43,-155.26,,"2016-09-30",658,658,0,0,TRUE,FALSE,TRUE
"BOLD Data Portal","2026-09-23","HI_ARCH","HABA001-22.COI-5P","HABA001-22","15403535",,"20152","Lepidoptera","Crambidae","Herpetogramma","Herpetogramma licarsisalis","species","COI-5P","United States","Hawaii","Hawaii County",19.6159,-155.092,"WGS84","2022-06-20",683,683,0,0,TRUE,TRUE,TRUE
"BOLD Data Portal","2026-09-23","HI_ARCH","HABA002-22.COI-5P","HABA002-22","15403536",,"23897","Lepidoptera","Crambidae","Ategumia",,"genus","COI-5P","United States","Hawaii","Hawaii County",19.6159,-155.092,"WGS84","2022-06-20",659,659,0,0,TRUE,FALSE,TRUE
"BOLD Data Portal","2026-09-23","HI_ARCH","HABA004-22.COI-5P","HABA004-22","15403538",,"20152","Lepidoptera","Crambidae","Herpetogramma","Herpetogramma licarsisalis","species","COI-5P","United States","Hawaii","Hawaii County",19.7082,-155.151,"WGS84","2022-06-20",647,647,0,0,TRUE,TRUE,TRUE
"BOLD Data Portal","2026-09-23","HI_ARCH","HABA011-22.COI-5P","HABA011-22","15403545",,"6782","Lepidoptera","Crambidae","Eudonia",,"genus","COI-5P","United States","Hawaii","Hawaii County",19.7096,-155.151,"WGS84","2022-06-20",685,685,0,0,TRUE,FALSE,TRUE
"BOLD Data Portal","2026-09-23","HI_ARCH","HABA013-22.COI-5P","HABA013-22","15403547",,"187564","Lepidoptera","Crambidae","Parapoynx","Parapoynx fluctuosalis","species","COI-5P","United States","Hawaii","Hawaii County",19.6053,-155.154,"WGS84","2022-06-20",686,686,0,0,TRUE,TRUE,TRUE
"BOLD Data Portal","2026-09-23","HI_ARCH","HABA068-22.COI-5P","HABA068-22","15409383",,"898391","Lepidoptera","Crambidae","Orthomecyna",,"genus","COI-5P","United States","Hawaii","Hawaii County",19.9326,-155.291,"WGS84","2022-06-21",676,676,0,0,TRUE,FALSE,TRUE
"BOLD Data Portal","2026-09-23","HI_ARCH","HABA097-22.COI-5P","HABA097-22","15448088",,"24760","Lepidoptera","Crambidae",,,"family","COI-5P","United States","Hawaii","Hawaii County",19.6067,-155.155,"WGS84","2022-06-21",682,682,0,0,TRUE,FALSE,TRUE
"BOLD Data Portal","2026-09-23","HI_ARCH","HABA098-22.COI-5P","HABA098-22","15448089",,"139738","Lepidoptera","Crambidae","Eudonia","Eudonia sp.","species","COI-5P","United States","Hawaii","Hawaii County",19.5267,-155.297,"WGS84","2022-06-21",674,674,0,0,TRUE,FALSE,TRUE
"BOLD Data Portal","2026-09-23","HI_ARCH","HABA099-22.COI-5P","HABA099-22","15448090",,"7518","Lepidoptera","Crambidae","Udea",,"genus","COI-5P","United States","Hawaii","Hawaii County",19.537,-155.299,"WGS84","2022-06-21",678,678,0,0,TRUE,FALSE,TRUE
"BOLD Data Portal","2026-09-23","HI_ARCH","HABA117-22.COI-5P","HABA117-22","15467367",,"898391","Lepidoptera","Crambidae","Orthomecyna",,"genus","COI-5P","United States","Hawaii","Hawaii County",19.1642,-155.566,"WGS84","2022-06-24",659,659,0,0,TRUE,FALSE,TRUE
"BOLD Data Portal","2026-09-23","HI_ARCH","HABA124-22.COI-5P","HABA124-22","15467557",,"7518","Lepidoptera","Crambidae","Udea",,"genus","COI-5P","United States","Hawaii","Hawaii County",19.5325,-155.298,"WGS84","2022-06-25",671,671,0,0,TRUE,FALSE,TRUE
"BOLD Data Portal","2026-09-23","HI_ARCH","HABA136-22.COI-5P","HABA136-22","15467569",,"523087","Lepidoptera","Crambidae","Omiodes","Omiodes anastreptoides","species","COI-5P","United States","Hawaii","Hawaii County",19.625,-155.36,"WGS84","2022-06-25",675,675,0,0,TRUE,TRUE,TRUE
"BOLD Data Portal","2026-09-23","HI_ARCH","HABA137-22.COI-5P","HABA137-22","15467570",,"209802","Lepidoptera","Crambidae","Eudonia","Eudonia venosa","species","COI-5P","United States","Hawaii","Hawaii County",19.6775,-155.29,"WGS84","2022-06-25",669,669,0,0,TRUE,TRUE,TRUE
"BOLD Data Portal","2026-09-23","HI_ARCH","HABA141-22.COI-5P","HABA141-22","15467574",,"898391","Lepidoptera","Crambidae","Orthomecyna",,"genus","COI-5P","United States","Hawaii","Hawaii County",19.6811,-155.293,"WGS84","2022-06-25",644,644,0,0,TRUE,FALSE,TRUE
"BOLD Data Portal","2026-09-23","HI_ARCH","HABA144-22.COI-5P","HABA144-22","15467577",,"793013","Lepidoptera","Crambidae","Mestolobes",,"genus","COI-5P","United States","Hawaii","Hawaii County",19.7096,-155.151,"WGS84","2022-06-25",682,681,1,0.00146627565982405,TRUE,FALSE,TRUE
"BOLD Data Portal","2026-09-23","HI_ARCH","HABA152-22.COI-5P","HABA152-22","15467585",,"7518","Lepidoptera","Crambidae","Udea",,"genus","COI-5P","United States","Hawaii","Hawaii County",19.5267,-155.297,"WGS84","2022-06-25",646,646,0,0,TRUE,FALSE,TRUE
"BOLD Data Portal","2026-09-23","HI_ARCH","HABA155-22.COI-5P","HABA155-22","15467597",,"209802","Lepidoptera","Crambidae","Eudonia","Eudonia venosa","species","COI-5P","United States","Hawaii","Hawaii County",,,,"2022-06-25",682,682,0,0,TRUE,TRUE,TRUE
"BOLD Data Portal","2026-09-23","HI_ARCH","HABA160-22.COI-5P","HABA160-22","15478179",,"20152","Lepidoptera","Crambidae","Herpetogramma","Herpetogramma licarsisalis","species","COI-5P","United States","Hawaii","Hawaii County",19.6116,-155.156,"WGS84","2022-06-25",681,681,0,0,TRUE,TRUE,TRUE
"BOLD Data Portal","2026-09-23","HI_ARCH","HABA161-22.COI-5P","HABA161-22","15478180",,"523092","Lepidoptera","Crambidae","Omiodes","Omiodes localis","species","COI-5P","United States","Hawaii","Hawaii County",19.537,-155.299,"WGS84","2022-06-25",663,663,0,0,TRUE,TRUE,TRUE
"BOLD Data Portal","2026-09-23","HI_ARCH","HABA167-22.COI-5P","HABA167-22","15484582",,"898391","Lepidoptera","Crambidae","Orthomecyna",,"genus","COI-5P","United States","Hawaii","Hawaii County",19.9328,-155.291,"WGS84","2022-06-25",671,671,0,0,TRUE,FALSE,TRUE
"BOLD Data Portal","2026-09-23","HI_ARCH","HABA168-22.COI-5P","HABA168-22","15484583",,"898391","Lepidoptera","Crambidae","Orthomecyna",,"genus","COI-5P","United States","Hawaii","Hawaii County",19.9413,-155.286,"WGS84","2022-06-25",668,668,0,0,TRUE,FALSE,TRUE
"BOLD Data Portal","2026-09-23","HI_ARCH","HABA169-22.COI-5P","HABA169-22","15484584",,"523093","Lepidoptera","Crambidae","Omiodes","Omiodes monogona","species","COI-5P","United States","Hawaii","Hawaii County",19.9413,-155.286,"WGS84","2022-06-25",672,672,0,0,TRUE,TRUE,TRUE
"BOLD Data Portal","2026-09-23","HI_ARCH","HABA170-22.COI-5P","HABA170-22","15484585",,"523085","Lepidoptera","Crambidae","Omiodes","Omiodes accepta","species","COI-5P","United States","Hawaii","Hawaii County",19.9413,-155.286,"WGS84","2022-06-25",671,671,0,0,TRUE,TRUE,TRUE
"BOLD Data Portal","2026-09-23","HI_ARCH","HABA180-22.COI-5P","HABA180-22","15484595",,"523090","Lepidoptera","Crambidae","Omiodes","Omiodes continuatalis","species","COI-5P","United States","Hawaii","Maui County",20.659,-156.357,"WGS84","2022-06-25",685,685,0,0,TRUE,TRUE,TRUE
"BOLD Data Portal","2026-09-23","HI_ARCH","HABA183-22.COI-5P","HABA183-22","15484598",,"523093","Lepidoptera","Crambidae","Omiodes","Omiodes monogona","species","COI-5P","United States","Hawaii","Maui County",20.6671,-156.343,"WGS84","2022-06-25",692,692,0,0,TRUE,TRUE,TRUE
"BOLD Data Portal","2026-09-23","HI_ARCH","HABA186-22.COI-5P","HABA186-22","15484601",,"398184","Lepidoptera","Crambidae","Uresiphita","Uresiphita polygonalis","species","COI-5P","United States","Hawaii","Maui County",20.6619,-156.351,"WGS84","2022-06-25",692,692,0,0,TRUE,TRUE,TRUE
"BOLD Data Portal","2026-09-23","HI_ARCH","HABA202-22.COI-5P","HABA202-22","15489559",,"523092","Lepidoptera","Crambidae","Omiodes","Omiodes localis","species","COI-5P","United States","Hawaii","Maui County",20.6671,-156.343,"WGS84","2022-06-25",686,686,0,0,TRUE,TRUE,TRUE
"BOLD Data Portal","2026-09-23","HI_ARCH","HABA214-22.COI-5P","HABA214-22","15489573",,"24760","Lepidoptera","Crambidae",,,"family","COI-5P","United States","Hawaii","Maui County",20.6587,-156.35,"WGS84","2022-06-25",692,692,0,0,TRUE,FALSE,TRUE
"BOLD Data Portal","2026-09-23","HI_ARCH","HABA223-22.COI-5P","HABA223-22","15489582",,"898391","Lepidoptera","Crambidae","Orthomecyna",,"genus","COI-5P","United States","Hawaii","Maui County",20.6649,-156.346,"WGS84","2022-06-25",688,688,0,0,TRUE,FALSE,TRUE
"BOLD Data Portal","2026-09-23","HI_ARCH","LMEM595-09.COI-5P","LMEM595-09","1099297","HM377552-SUPPRESSED","209794","Lepidoptera","Crambidae","Eudonia","Eudonia dactyliopa","species","COI-5P","United States","Hawaii","Hawaii Island",,,,"2009-10-02",658,658,0,0,TRUE,TRUE,TRUE
"BOLD Data Portal","2026-09-23","HI_ARCH","LMEM596-09.COI-5P","LMEM596-09","1099298",,"209793","Lepidoptera","Crambidae","Eudonia","Eudonia bucolica","subspecies","COI-5P","United States","Hawaii","Hawaii Island",,,,"2009-06-26",658,591,1,0.00168918918918919,TRUE,FALSE,TRUE
"BOLD Data Portal","2026-09-23","HI_ARCH","LMEM597-09.COI-5P","LMEM597-09","1099299",,"209793","Lepidoptera","Crambidae","Eudonia","Eudonia bucolica","subspecies","COI-5P","United States","Hawaii","Hawaii Island",,,,"2009-06-26",658,658,0,0,TRUE,FALSE,TRUE
"BOLD Data Portal","2026-09-23","HI_ARCH","LMEM598-09.COI-5P","LMEM598-09","1099300",,"209793","Lepidoptera","Crambidae","Eudonia","Eudonia bucolica","subspecies","COI-5P","United States","Hawaii","Hawaii Island",,,,"2009-06-26",658,658,0,0,TRUE,FALSE,TRUE
"BOLD Data Portal","2026-09-23","HI_ARCH","LMEM599-09.COI-5P","LMEM599-09","1099301","HM377553-SUPPRESSED","209794","Lepidoptera","Crambidae","Eudonia","Eudonia dactyliopa","species","COI-5P","United States","Hawaii","Hawaii Island",,,,"2009-10-02",658,658,0,0,TRUE,TRUE,TRUE
"BOLD Data Portal","2026-09-23","HI_ARCH","LMEM600-09.COI-5P","LMEM600-09","1099302",,"209794","Lepidoptera","Crambidae","Eudonia","Eudonia dactyliopa","species","COI-5P","United States","Hawaii","Hawaii Island",,,,"2009-06-26",658,658,0,0,TRUE,TRUE,TRUE
"BOLD Data Portal","2026-09-23","HI_ARCH","LMEM602-09.COI-5P","LMEM602-09","1099304",,"209794","Lepidoptera","Crambidae","Eudonia","Eudonia dactyliopa","species","COI-5P","United States","Hawaii","Hawaii Island",,,,"2009-06-26",658,658,0,0,TRUE,TRUE,TRUE
"BOLD Data Portal","2026-09-23","HI_ARCH","LMEM603-09.COI-5P","LMEM603-09","1099305",,"209794","Lepidoptera","Crambidae","Eudonia","Eudonia dactyliopa","species","COI-5P","United States","Hawaii","Hawaii Island",,,,"2009-06-26",658,636,0,0,TRUE,TRUE,TRUE
"BOLD Data Portal","2026-09-23","HI_ARCH","LMEM604-09.COI-5P","LMEM604-09","1099306","HM377554-SUPPRESSED","209795","Lepidoptera","Crambidae","Eudonia","Eudonia epimystis","species","COI-5P","United States","Hawaii","Hawaii Island",,,,"2009-10-02",658,658,0,0,TRUE,TRUE,TRUE
"BOLD Data Portal","2026-09-23","HI_ARCH","LMEM605-09.COI-5P","LMEM605-09","1099307","HM377555-SUPPRESSED","209795","Lepidoptera","Crambidae","Eudonia","Eudonia epimystis","species","COI-5P","United States","Hawaii","Hawaii Island",,,,"2009-10-02",658,658,0,0,TRUE,TRUE,TRUE
"BOLD Data Portal","2026-09-23","HI_ARCH","LMEM606-09.COI-5P","LMEM606-09","1099308","HM377556-SUPPRESSED","209795","Lepidoptera","Crambidae","Eudonia","Eudonia epimystis","species","COI-5P","United States","Hawaii","Hawaii Island",,,,"2009-10-02",658,658,0,0,TRUE,TRUE,TRUE
"BOLD Data Portal","2026-09-23","HI_ARCH","LMEM607-09.COI-5P","LMEM607-09","1099309",,"209795","Lepidoptera","Crambidae","Eudonia","Eudonia epimystis","species","COI-5P","United States","Hawaii","Hawaii Island",,,,"2009-10-02",658,307,0,0,TRUE,TRUE,FALSE
"BOLD Data Portal","2026-09-23","HI_ARCH","LMEM608-09.COI-5P","LMEM608-09","1099310","HM377557-SUPPRESSED","209796","Lepidoptera","Crambidae","Eudonia","Eudonia loxocentra","species","COI-5P","United States","Hawaii","Hawaii Island",,,,"2009-10-02",658,577,0,0,TRUE,TRUE,TRUE
"BOLD Data Portal","2026-09-23","HI_ARCH","LMEM609-09.COI-5P","LMEM609-09","1099311","HM377558-SUPPRESSED","209796","Lepidoptera","Crambidae","Eudonia","Eudonia loxocentra","species","COI-5P","United States","Hawaii","Hawaii Island",,,,"2009-10-02",658,658,0,0,TRUE,TRUE,TRUE
"BOLD Data Portal","2026-09-23","HI_ARCH","LMEM610-09.COI-5P","LMEM610-09","1099312","HM377559-SUPPRESSED","209796","Lepidoptera","Crambidae","Eudonia","Eudonia loxocentra","species","COI-5P","United States","Hawaii","Hawaii Island",,,,"2009-10-02",658,658,0,0,TRUE,TRUE,TRUE
"BOLD Data Portal","2026-09-23","HI_ARCH","LMEM611-09.COI-5P","LMEM611-09","1099313","HM377560-SUPPRESSED","209796","Lepidoptera","Crambidae","Eudonia","Eudonia loxocentra","species","COI-5P","United States","Hawaii","Hawaii Island",,,,"2009-10-02",658,658,0,0,TRUE,TRUE,TRUE
"BOLD Data Portal","2026-09-23","HI_ARCH","LMEM612-09.COI-5P","LMEM612-09","1099314",,"450498","Lepidoptera","Crambidae","Eudonia","Eudonia orthoria PS1","species","COI-5P","United States","Hawaii","Hawaii Island",,,,"2009-06-26",658,658,0,0,TRUE,FALSE,TRUE
"BOLD Data Portal","2026-09-23","HI_ARCH","LMEM613-09.COI-5P","LMEM613-09","1099315",,"209797","Lepidoptera","Crambidae","Eudonia","Eudonia meristis","species","COI-5P","United States","Hawaii","Hawaii Island",,,,"2009-06-26",658,658,0,0,TRUE,TRUE,TRUE
"BOLD Data Portal","2026-09-23","HI_ARCH","LMEM614-09.COI-5P","LMEM614-09","1099316",,"209797","Lepidoptera","Crambidae","Eudonia","Eudonia meristis","species","COI-5P","United States","Hawaii","Hawaii Island",,,,"2009-06-26",658,658,0,0,TRUE,TRUE,TRUE
"BOLD Data Portal","2026-09-23","HI_ARCH","LMEM615-09.COI-5P","LMEM615-09","1099317","HM377561-SUPPRESSED","209797","Lepidoptera","Crambidae","Eudonia","Eudonia meristis","species","COI-5P","United States","Hawaii","Hawaii Island",,,,"2009-10-02",658,630,0,0,TRUE,TRUE,TRUE
"BOLD Data Portal","2026-09-23","HI_ARCH","LMEM616-09.COI-5P","LMEM616-09","1099318","HM377562-SUPPRESSED","209797","Lepidoptera","Crambidae","Eudonia","Eudonia meristis","species","COI-5P","United States","Hawaii","Hawaii Island",,,,"2009-10-02",658,658,0,0,TRUE,TRUE,TRUE
"BOLD Data Portal","2026-09-23","HI_ARCH","LMEM617-09.COI-5P","LMEM617-09","1099319","HM377563-SUPPRESSED","209798","Lepidoptera","Crambidae","Eudonia","Eudonia ombrodes","species","COI-5P","United States","Hawaii","Hawaii Island",,,,"2009-10-02",658,613,1,0.00162866449511401,TRUE,TRUE,TRUE
"BOLD Data Portal","2026-09-23","HI_ARCH","LMEM618-09.COI-5P","LMEM618-09","1099320",,"209798","Lepidoptera","Crambidae","Eudonia","Eudonia ombrodes","species","COI-5P","United States","Hawaii","Hawaii Island",,,,"2009-06-26",658,658,0,0,TRUE,TRUE,TRUE
"BOLD Data Portal","2026-09-23","HI_ARCH","LMEM619-09.COI-5P","LMEM619-09","1099321","HM377564-SUPPRESSED","209798","Lepidoptera","Crambidae","Eudonia","Eudonia ombrodes","species","COI-5P","United States","Hawaii","Hawaii Island",,,,"2009-10-02",658,658,0,0,TRUE,TRUE,TRUE
"BOLD Data Portal","2026-09-23","HI_ARCH","LMEM620-09.COI-5P","LMEM620-09","1099322",,"209799","Lepidoptera","Crambidae","Eudonia","Eudonia orthoria","species","COI-5P","United States","Hawaii","Hawaii Island",,,,"2009-06-26",658,658,0,0,TRUE,TRUE,TRUE
"BOLD Data Portal","2026-09-23","HI_ARCH","LMEM621-09.COI-5P","LMEM621-09","1099323",,"209799","Lepidoptera","Crambidae","Eudonia","Eudonia orthoria","species","COI-5P","United States","Hawaii","Hawaii Island",,,,"2009-06-26",658,658,0,0,TRUE,TRUE,TRUE
"BOLD Data Portal","2026-09-23","HI_ARCH","LMEM622-09.COI-5P","LMEM622-09","1099324",,"209799","Lepidoptera","Crambidae","Eudonia","Eudonia orthoria","species","COI-5P","United States","Hawaii","Hawaii Island",,,,"2009-06-26",658,594,0,0,TRUE,TRUE,TRUE
"BOLD Data Portal","2026-09-23","HI_ARCH","LMEM623-09.COI-5P","LMEM623-09","1099325","HM377565-SUPPRESSED","209799","Lepidoptera","Crambidae","Eudonia","Eudonia orthoria","species","COI-5P","United States","Hawaii","Hawaii Island",,,,"2009-10-02",658,658,0,0,TRUE,TRUE,TRUE
"BOLD Data Portal","2026-09-23","HI_ARCH","LMEM624-09.COI-5P","LMEM624-09","1099326",,"209800","Lepidoptera","Crambidae","Eudonia","Eudonia pachysema","species","COI-5P","United States","Hawaii","Hawaii Island",,,,"2009-06-26",658,658,0,0,TRUE,TRUE,TRUE
"BOLD Data Portal","2026-09-23","HI_ARCH","LMEM625-09.COI-5P","LMEM625-09","1099327",,"209800","Lepidoptera","Crambidae","Eudonia","Eudonia pachysema","species","COI-5P","United States","Hawaii","Hawaii Island",,,,"2009-06-26",658,658,0,0,TRUE,TRUE,TRUE
"BOLD Data Portal","2026-09-23","HI_ARCH","LMEM626-09.COI-5P","LMEM626-09","1099328",,"209800","Lepidoptera","Crambidae","Eudonia","Eudonia pachysema","species","COI-5P","United States","Hawaii","Hawaii Island",,,,"2009-06-26",658,658,0,0,TRUE,TRUE,TRUE
"BOLD Data Portal","2026-09-23","HI_ARCH","LMEM627-09.COI-5P","LMEM627-09","1099329",,"209800","Lepidoptera","Crambidae","Eudonia","Eudonia pachysema","species","COI-5P","United States","Hawaii","Hawaii Island",,,,"2009-06-26",658,658,0,0,TRUE,TRUE,TRUE
"BOLD Data Portal","2026-09-23","HI_ARCH","LMEM628-09.COI-5P","LMEM628-09","1099330",,"209800","Lepidoptera","Crambidae","Eudonia","Eudonia pachysema","species","COI-5P","United States","Hawaii","Hawaii Island",,,,"2009-06-26",658,658,0,0,TRUE,TRUE,TRUE
"BOLD Data Portal","2026-09-23","HI_ARCH","LMEM629-09.COI-5P","LMEM629-09","1099331",,"209801","Lepidoptera","Crambidae","Eudonia","Eudonia tetranesa","species","COI-5P","United States","Hawaii","Hawaii Island",,,,"2009-06-26",658,658,0,0,TRUE,TRUE,TRUE
"BOLD Data Portal","2026-09-23","HI_ARCH","LMEM630-09.COI-5P","LMEM630-09","1099332",,"209801","Lepidoptera","Crambidae","Eudonia","Eudonia tetranesa","species","COI-5P","United States","Hawaii","Hawaii Island",,,,"2009-06-26",658,658,0,0,TRUE,TRUE,TRUE
"BOLD Data Portal","2026-09-23","HI_ARCH","LMEM631-09.COI-5P","LMEM631-09","1099333","HM377566-SUPPRESSED","209801","Lepidoptera","Crambidae","Eudonia","Eudonia tetranesa","species","COI-5P","United States","Hawaii","Hawaii Island",,,,"2009-10-02",658,658,0,0,TRUE,TRUE,TRUE
"BOLD Data Portal","2026-09-23","HI_ARCH","LMEM632-09.COI-5P","LMEM632-09","1099334","HM377567-SUPPRESSED","209801","Lepidoptera","Crambidae","Eudonia","Eudonia tetranesa","species","COI-5P","United States","Hawaii","Hawaii Island",,,,"2009-10-02",658,658,0,0,TRUE,TRUE,TRUE
"BOLD Data Portal","2026-09-23","HI_ARCH","LMEM633-09.COI-5P","LMEM633-09","1099335","HM377568-SUPPRESSED","209801","Lepidoptera","Crambidae","Eudonia","Eudonia tetranesa","species","COI-5P","United States","Hawaii","Hawaii Island",,,,"2009-10-02",658,658,0,0,TRUE,TRUE,TRUE
"BOLD Data Portal","2026-09-23","HI_ARCH","LMEM634-09.COI-5P","LMEM634-09","1099336",,"209802","Lepidoptera","Crambidae","Eudonia","Eudonia venosa","species","COI-5P","United States","Hawaii","Hawaii Island",,,,"2009-06-26",658,658,0,0,TRUE,TRUE,TRUE
"BOLD Data Portal","2026-09-23","HI_ARCH","LMEM635-09.COI-5P","LMEM635-09","1099337",,"209802","Lepidoptera","Crambidae","Eudonia","Eudonia venosa","species","COI-5P","United States","Hawaii","Hawaii Island",,,,"2009-06-26",658,632,0,0,TRUE,TRUE,TRUE
"BOLD Data Portal","2026-09-23","HI_ARCH","LMEM636-09.COI-5P","LMEM636-09","1099338",,"209802","Lepidoptera","Crambidae","Eudonia","Eudonia venosa","species","COI-5P","United States","Hawaii","Hawaii Island",,,,"2009-06-26",658,658,0,0,TRUE,TRUE,TRUE
"BOLD Data Portal","2026-09-23","HI_ARCH","LMEM637-09.COI-5P","LMEM637-09","1099339",,"209802","Lepidoptera","Crambidae","Eudonia","Eudonia venosa","species","COI-5P","United States","Hawaii","Hawaii Island",,,,"2009-10-02",658,307,0,0,TRUE,TRUE,FALSE
"BOLD Data Portal","2026-09-23","HI_ARCH","LMEM638-09.COI-5P","LMEM638-09","1099340",,"209802","Lepidoptera","Crambidae","Eudonia","Eudonia venosa","species","COI-5P","United States","Hawaii","Hawaii Island",,,,"2009-06-26",658,658,0,0,TRUE,TRUE,TRUE
"BOLD Data Portal","2026-09-23","HI_ARCH","LMEM639-09.COI-5P","LMEM639-09","1099341",,"209797","Lepidoptera","Crambidae","Eudonia","Eudonia meristis","species","COI-5P","United States","Hawaii","Hawaii Island",,,,"2009-06-26",658,658,0,0,TRUE,TRUE,TRUE
"BOLD Data Portal","2026-09-23","HI_ARCH","LMEM642-09.COI-5P","LMEM642-09","1099344","HM377569-SUPPRESSED","209797","Lepidoptera","Crambidae","Eudonia","Eudonia meristis","species","COI-5P","United States","Hawaii","Hawaii Island",,,,"2009-10-02",658,658,0,0,TRUE,TRUE,TRUE
"BOLD Data Portal","2026-09-23","HI_ARCH","LMEM643-09.COI-5P","LMEM643-09","1099345","HM377570-SUPPRESSED","6782","Lepidoptera","Crambidae","Eudonia",,"genus","COI-5P","United States","Hawaii","Hawaii Island",,,,"2009-10-02",658,658,0,0,TRUE,FALSE,TRUE
"BOLD Data Portal","2026-09-23","HI_ARCH","LMEM644-09.COI-5P","LMEM644-09","1099346",,"209794","Lepidoptera","Crambidae","Eudonia","Eudonia dactyliopa","species","COI-5P","United States","Hawaii","Hawaii Island",,,,"2009-06-26",658,658,0,0,TRUE,TRUE,TRUE
"BOLD Data Portal","2026-09-23","HI_ARCH","LMEM645-09.COI-5P","LMEM645-09","1099347","HM377571-SUPPRESSED","209794","Lepidoptera","Crambidae","Eudonia","Eudonia dactyliopa","species","COI-5P","United States","Hawaii","Hawaii Island",,,,"2009-10-02",658,658,0,0,TRUE,TRUE,TRUE
"BOLD Data Portal","2026-09-23","HI_ARCH","LMEM646-09.COI-5P","LMEM646-09","1099348","HM377572-SUPPRESSED","209794","Lepidoptera","Crambidae","Eudonia","Eudonia dactyliopa","species","COI-5P","United States","Hawaii","Hawaii Island",,,,"2009-10-02",658,658,0,0,TRUE,TRUE,TRUE
"BOLD Data Portal","2026-09-23","HI_ARCH","LNAUU4258-15.COI-5P","LNAUU4258-15","6503487",,"205441","Lepidoptera","Crambidae","Euchromius","Euchromius ocellea","species","COI-5P","United States","Hawaii","Maui Island",20.7714,-156.4475,"Google Earth","2016-05-25",658,407,0,0,TRUE,TRUE,FALSE
"BOLD Data Portal","2026-09-23","HI_ARCH","LNAUU4260-15.COI-5P","LNAUU4260-15","6503489",,"20152","Lepidoptera","Crambidae","Herpetogramma","Herpetogramma licarsisalis","species","COI-5P","United States","Hawaii","Maui Island",20.7714,-156.447,"Google Earth","2016-05-25",658,245,1,0.0040650406504065,TRUE,TRUE,FALSE
"BOLD Data Portal","2026-09-23","HI_ARCH","LNAUU901-15.COI-5P","LNAUU901-15","6397957",,"398184","Lepidoptera","Crambidae","Uresiphita","Uresiphita polygonalis","species","COI-5P","United States","Hawaii",,19.549,-155.755,,"2015-10-21",658,658,0,0,TRUE,TRUE,TRUE
"BOLD Data Portal","2026-09-23","HI_ARCH","LNAUV130-16.COI-5P","LNAUV130-16","7234176",,"157984","Lepidoptera","Crambidae","Chilo","Chilo suppressalis","species","COI-5P","United States","Hawaii","Kauai Island",22.0573,-159.3411,"Google Earth","2016-09-28",658,612,0,0,TRUE,TRUE,TRUE
"BOLD Data Portal","2026-09-23","HI_ARCH","LNAUX666-18.COI-5P","LNAUX666-18","9445347",,"523089","Lepidoptera","Crambidae","Omiodes","Omiodes blackburni","species","COI-5P","United States","Hawaii","Oahu Island",21.3121,-157.7939,"Google Earth","2019-10-22",658,458,200,0.303951367781155,TRUE,TRUE,FALSE
"BOLD Data Portal","2026-09-23","HI_ARCH","LNAUX667-18.COI-5P","LNAUX667-18","9445348",,"523089","Lepidoptera","Crambidae","Omiodes","Omiodes blackburni","species","COI-5P","United States","Hawaii","Kauai Island",22.0678,-159.5234,"Google Earth","2019-10-22",658,458,200,0.303951367781155,TRUE,TRUE,FALSE
"BOLD Data Portal","2026-09-23","HI_ARCH","LNAUY1006-19.COI-5P","LNAUY1006-19","10394483",,"399970","Lepidoptera","Crambidae","Asciodes","Asciodes quietalis","species","COI-5P","United States","Hawaii","Oahu Island",,,,"2019-10-09",658,407,0,0,TRUE,TRUE,FALSE
"BOLD Data Portal","2026-09-23","HI_ARCH","LNAUY362-19.CYTB","LNAUY362-19","10393839",,"73597","Lepidoptera","Crambidae","Elophila","Elophila obliteralis","species","CYTB","United States","Hawaii","Oahu Island",21.3121,-157.7939,"Google Earth","2020-01-14",658,140,0,0,TRUE,TRUE,FALSE
"BOLD Data Portal","2026-09-23","HI_ARCH","LNAUY363-19.COI-5P","LNAUY363-19","10393840",,"73597","Lepidoptera","Crambidae","Elophila","Elophila obliteralis","species","COI-5P","United States","Hawaii","Oahu Island",21.3121,-157.7939,"Google Earth","2020-01-14",658,340,318,0.483282674772036,TRUE,TRUE,FALSE
"BOLD Data Portal","2026-09-23","HI_ARCH","MBMK1568-24.COI-5P","MBMK1568-24","22878429","PV080498","6782","Lepidoptera","Crambidae","Eudonia",,"genus","COI-5P","United States","Hawaii","Maunakea",19.76421,-155.45921,"GaiaGPS App","2024-06-24",658,658,0,0,TRUE,FALSE,TRUE
"BOLD Data Portal","2026-09-23","HI_ARCH","MBMK1570-24.COI-5P","MBMK1570-24","22878431","PV079991","6782","Lepidoptera","Crambidae","Eudonia",,"genus","COI-5P","United States","Hawaii","Maunakea",19.76421,-155.45921,"GaiaGPS App","2024-06-24",658,658,0,0,TRUE,FALSE,TRUE
"BOLD Data Portal","2026-09-23","HI_ARCH","MBMK1571-24.COI-5P","MBMK1571-24","22878432","PV080114","6782","Lepidoptera","Crambidae","Eudonia",,"genus","COI-5P","United States","Hawaii","Maunakea",19.76421,-155.45921,"GaiaGPS App","2024-06-24",658,658,0,0,TRUE,FALSE,TRUE
"BOLD Data Portal","2026-09-23","HI_ARCH","MBMK1572-24.COI-5P","MBMK1572-24","22878433","PV079476","6782","Lepidoptera","Crambidae","Eudonia",,"genus","COI-5P","United States","Hawaii","Maunakea",19.76421,-155.45921,"GaiaGPS App","2024-06-24",658,658,0,0,TRUE,FALSE,TRUE
"BOLD Data Portal","2026-09-23","HI_ARCH","MBMK1573-24.COI-5P","MBMK1573-24","22878434","PV080641","6782","Lepidoptera","Crambidae","Eudonia",,"genus","COI-5P","United States","Hawaii","Maunakea",19.76421,-155.45921,"GaiaGPS App","2024-06-24",658,658,0,0,TRUE,FALSE,TRUE
"BOLD Data Portal","2026-09-23","HI_ARCH","MBMK1577-24.COI-5P","MBMK1577-24","22878438","PV080045","6782","Lepidoptera","Crambidae","Eudonia",,"genus","COI-5P","United States","Hawaii","Maunakea",19.75829,-155.4538,"GaiaGPS App","2024-06-24",658,658,0,0,TRUE,FALSE,TRUE
"BOLD Data Portal","2026-09-23","HI_ARCH","MBMK1581-24.16S","MBMK1581-24","22878442",,"898391","Lepidoptera","Crambidae","Orthomecyna",,"genus","16S","United States","Hawaii","Maunakea",19.75829,-155.4538,"GaiaGPS App","2024-06-24",350,350,0,0,TRUE,FALSE,FALSE
"BOLD Data Portal","2026-09-23","HI_ARCH","MBMK1581-24.COI-5P","MBMK1581-24","22878442","PV079113","898391","Lepidoptera","Crambidae","Orthomecyna",,"genus","COI-5P","United States","Hawaii","Maunakea",19.75829,-155.4538,"GaiaGPS App","2024-06-24",658,658,0,0,TRUE,FALSE,TRUE
"BOLD Data Portal","2026-09-23","HI_ARCH","MBMK1583-24.COI-5P","MBMK1583-24","22878444","PV079775","6782","Lepidoptera","Crambidae","Eudonia",,"genus","COI-5P","United States","Hawaii","Maunakea",19.75829,-155.4538,"GaiaGPS App","2024-06-24",658,658,0,0,TRUE,FALSE,TRUE
"BOLD Data Portal","2026-09-23","HI_ARCH","MBMK1601-24.16S","MBMK1601-24","22878462",,"898391","Lepidoptera","Crambidae","Orthomecyna",,"genus","16S","United States","Hawaii","Maunakea",19.75758,-155.45068,"GaiaGPS App","2024-06-24",352,352,0,0,TRUE,FALSE,FALSE
"BOLD Data Portal","2026-09-23","HI_ARCH","MBMK1601-24.COI-5P","MBMK1601-24","22878462","PV079087","898391","Lepidoptera","Crambidae","Orthomecyna",,"genus","COI-5P","United States","Hawaii","Maunakea",19.75758,-155.45068,"GaiaGPS App","2024-06-24",658,658,0,0,TRUE,FALSE,TRUE
"BOLD Data Portal","2026-09-23","HI_ARCH","MBMK1638-24.16S","MBMK1638-24","22878499",,"898391","Lepidoptera","Crambidae","Orthomecyna",,"genus","16S","United States","Hawaii","Maunakea",19.75477,-155.4412,"GaiaGPS App","2024-06-24",351,351,0,0,TRUE,FALSE,FALSE
"BOLD Data Portal","2026-09-23","HI_ARCH","MBMK1638-24.COI-5P","MBMK1638-24","22878499","PV078817","898391","Lepidoptera","Crambidae","Orthomecyna",,"genus","COI-5P","United States","Hawaii","Maunakea",19.75477,-155.4412,"GaiaGPS App","2024-06-24",658,658,0,0,TRUE,FALSE,TRUE
"BOLD Data Portal","2026-09-23","HI_ARCH","MBMK1709-24.COI-5P","MBMK1709-24","22878570","PV079661","6782","Lepidoptera","Crambidae","Eudonia",,"genus","COI-5P","United States","Hawaii","Maunakea",19.75449,-155.44067,"GaiaGPS App","2024-06-24",658,658,0,0,TRUE,FALSE,TRUE
"BOLD Data Portal","2026-09-23","HI_ARCH","MBMK1711-24.COI-5P","MBMK1711-24","22878572","PV079704","6782","Lepidoptera","Crambidae","Eudonia",,"genus","COI-5P","United States","Hawaii","Maunakea",19.75449,-155.44067,"GaiaGPS App","2024-06-24",658,658,0,0,TRUE,FALSE,TRUE
"BOLD Data Portal","2026-09-23","HI_ARCH","MBMK1713-24.COI-5P","MBMK1713-24","22878574","PV080015","6782","Lepidoptera","Crambidae","Eudonia",,"genus","COI-5P","United States","Hawaii","Maunakea",19.75449,-155.44067,"GaiaGPS App","2024-06-24",658,658,0,0,TRUE,FALSE,TRUE
"BOLD Data Portal","2026-09-23","HI_ARCH","MBMK1715-24.COI-5P","MBMK1715-24","22878576","PV080726","1989","Lepidoptera","Crambidae",,,"subfamily","COI-5P","United States","Hawaii","Maunakea",19.76402,-155.45882,"GaiaGPS App","2024-06-24",659,659,0,0,TRUE,FALSE,TRUE
"BOLD Data Portal","2026-09-23","HI_ARCH","MBMK1716-24.COI-5P","MBMK1716-24","22878577","PV080590","6782","Lepidoptera","Crambidae","Eudonia",,"genus","COI-5P","United States","Hawaii","Maunakea",19.75483,-155.44145,"GaiaGPS App","2024-06-24",659,659,0,0,TRUE,FALSE,TRUE
"BOLD Data Portal","2026-09-23","HI_ARCH","MBMK1764-24.16S","MBMK1764-24","22878625",,"898391","Lepidoptera","Crambidae","Orthomecyna",,"genus","16S","United States","Hawaii","Maunakea",19.76395,-155.4596,"GaiaGPS App","2024-06-24",350,350,0,0,TRUE,FALSE,FALSE
"BOLD Data Portal","2026-09-23","HI_ARCH","MBMK1764-24.COI-5P","MBMK1764-24","22878625","PV079194","898391","Lepidoptera","Crambidae","Orthomecyna",,"genus","COI-5P","United States","Hawaii","Maunakea",19.76395,-155.4596,"GaiaGPS App","2024-06-24",658,658,0,0,TRUE,FALSE,TRUE
"BOLD Data Portal","2026-09-23","HI_ARCH","MBMK1765-24.16S","MBMK1765-24","22878626",,"898391","Lepidoptera","Crambidae","Orthomecyna",,"genus","16S","United States","Hawaii","Maunakea",19.76395,-155.4596,"GaiaGPS App","2024-06-24",350,350,0,0,TRUE,FALSE,FALSE
"BOLD Data Portal","2026-09-23","HI_ARCH","MBMK1765-24.COI-5P","MBMK1765-24","22878626","PV079363","898391","Lepidoptera","Crambidae","Orthomecyna",,"genus","COI-5P","United States","Hawaii","Maunakea",19.76395,-155.4596,"GaiaGPS App","2024-06-24",658,658,0,0,TRUE,FALSE,TRUE
"BOLD Data Portal","2026-09-23","HI_ARCH","MBMK1770-24.COI-5P","MBMK1770-24","22878631","PV079644","6782","Lepidoptera","Crambidae","Eudonia",,"genus","COI-5P","United States","Hawaii","Maunakea",19.76395,-155.4596,"GaiaGPS App","2024-06-24",658,658,0,0,TRUE,FALSE,TRUE
"BOLD Data Portal","2026-09-23","HI_ARCH","MBMK1771-24.COI-5P","MBMK1771-24","22878632","PV080824","6782","Lepidoptera","Crambidae","Eudonia",,"genus","COI-5P","United States","Hawaii","Maunakea",19.76395,-155.4596,"GaiaGPS App","2024-06-24",658,658,0,0,TRUE,FALSE,TRUE
"BOLD Data Portal","2026-09-23","HI_ARCH","MBMK1776-24.COI-5P","MBMK1776-24","22878637","PV078661","898391","Lepidoptera","Crambidae","Orthomecyna",,"genus","COI-5P","United States","Hawaii","Maunakea",19.76395,-155.4596,"GaiaGPS App","2024-06-24",658,658,0,0,TRUE,FALSE,TRUE
"BOLD Data Portal","2026-09-23","HI_ARCH","MBMK1777-24.COI-5P","MBMK1777-24","22878638","PV079757","6782","Lepidoptera","Crambidae","Eudonia",,"genus","COI-5P","United States","Hawaii","Maunakea",19.75827,-155.45161,"GaiaGPS App","2024-06-24",658,658,0,0,TRUE,FALSE,TRUE
"BOLD Data Portal","2026-09-23","HI_ARCH","MBMK1778-24.COI-5P","MBMK1778-24","22878639","PV080853","6782","Lepidoptera","Crambidae","Eudonia",,"genus","COI-5P","United States","Hawaii","Maunakea",19.75473,-155.44122,"GaiaGPS App","2024-06-24",658,658,0,0,TRUE,FALSE,TRUE
"BOLD Data Portal","2026-09-23","HI_ARCH","MBMK1785-24.COI-5P","MBMK1785-24","22878646","PV080247","6782","Lepidoptera","Crambidae","Eudonia",,"genus","COI-5P","United States","Hawaii","Maunakea",19.76153,-155.45573,"GaiaGPS App","2024-06-24",658,658,0,0,TRUE,FALSE,TRUE
"BOLD Data Portal","2026-09-23","HI_ARCH","MBMK1803-24.COI-5P","MBMK1803-24","22878664","PV080166","6782","Lepidoptera","Crambidae","Eudonia",,"genus","COI-5P","United States","Hawaii","Maunakea",19.75513,-155.44139,"GaiaGPS App","2024-06-24",658,658,0,0,TRUE,FALSE,TRUE
"BOLD Data Portal","2026-09-23","HI_ARCH","MBMK1804-24.COI-5P","MBMK1804-24","22878665","PV080222","6782","Lepidoptera","Crambidae","Eudonia",,"genus","COI-5P","United States","Hawaii","Maunakea",19.75513,-155.44139,"GaiaGPS App","2024-06-24",658,658,0,0,TRUE,FALSE,TRUE
"BOLD Data Portal","2026-09-23","HI_ARCH","MBMK1816-24.16S","MBMK1816-24","22878677",,"898391","Lepidoptera","Crambidae","Orthomecyna",,"genus","16S","United States","Hawaii","Maunakea",19.75638,-155.4434,"GaiaGPS App","2024-06-24",351,351,0,0,TRUE,FALSE,FALSE
"BOLD Data Portal","2026-09-23","HI_ARCH","MBMK1816-24.COI-5P","MBMK1816-24","22878677","PV079084","898391","Lepidoptera","Crambidae","Orthomecyna",,"genus","COI-5P","United States","Hawaii","Maunakea",19.75638,-155.4434,"GaiaGPS App","2024-06-24",658,658,0,0,TRUE,FALSE,TRUE
"BOLD Data Portal","2026-09-23","HI_ARCH","MBMK1819-24.16S","MBMK1819-24","22878680",,"898391","Lepidoptera","Crambidae","Orthomecyna",,"genus","16S","United States","Hawaii","Maunakea",19.76369,-155.4598,"GaiaGPS App","2024-06-24",350,350,0,0,TRUE,FALSE,FALSE
"BOLD Data Portal","2026-09-23","HI_ARCH","MBMK1819-24.COI-5P","MBMK1819-24","22878680","PV078722","898391","Lepidoptera","Crambidae","Orthomecyna",,"genus","COI-5P","United States","Hawaii","Maunakea",19.76369,-155.4598,"GaiaGPS App","2024-06-24",658,658,0,0,TRUE,FALSE,TRUE
"BOLD Data Portal","2026-09-23","HI_ARCH","MBMK1823-24.16S","MBMK1823-24","22878684",,"898391","Lepidoptera","Crambidae","Orthomecyna",,"genus","16S","United States","Hawaii","Maunakea",19.75774,-155.44675,"GaiaGPS App","2024-06-24",352,352,0,0,TRUE,FALSE,FALSE
"BOLD Data Portal","2026-09-23","HI_ARCH","MBMK1823-24.COI-5P","MBMK1823-24","22878684","PV079100","898391","Lepidoptera","Crambidae","Orthomecyna",,"genus","COI-5P","United States","Hawaii","Maunakea",19.75774,-155.44675,"GaiaGPS App","2024-06-24",658,658,0,0,TRUE,FALSE,TRUE
"BOLD Data Portal","2026-09-23","HI_ARCH","MBMK1825-24.16S","MBMK1825-24","22878686",,"898391","Lepidoptera","Crambidae","Orthomecyna",,"genus","16S","United States","Hawaii","Maunakea",19.75634,-155.4434,"GaiaGPS App","2024-06-24",351,351,0,0,TRUE,FALSE,FALSE
"BOLD Data Portal","2026-09-23","HI_ARCH","MBMK1825-24.COI-5P","MBMK1825-24","22878686","PV078707","898391","Lepidoptera","Crambidae","Orthomecyna",,"genus","COI-5P","United States","Hawaii","Maunakea",19.75634,-155.4434,"GaiaGPS App","2024-06-24",658,658,0,0,TRUE,FALSE,TRUE
"BOLD Data Portal","2026-09-23","HI_ARCH","MBMK1826-24.16S","MBMK1826-24","22878687",,"898391","Lepidoptera","Crambidae","Orthomecyna",,"genus","16S","United States","Hawaii","Maunakea",19.75634,-155.4434,"GaiaGPS App","2024-06-24",350,350,0,0,TRUE,FALSE,FALSE
"BOLD Data Portal","2026-09-23","HI_ARCH","MBMK1826-24.COI-5P","MBMK1826-24","22878687","PV079071","898391","Lepidoptera","Crambidae","Orthomecyna",,"genus","COI-5P","United States","Hawaii","Maunakea",19.75634,-155.4434,"GaiaGPS App","2024-06-24",658,658,0,0,TRUE,FALSE,TRUE
"BOLD Data Portal","2026-09-23","HI_ARCH","MBMK1827-24.16S","MBMK1827-24","22878688",,"898391","Lepidoptera","Crambidae","Orthomecyna",,"genus","16S","United States","Hawaii","Maunakea",19.75634,-155.4434,"GaiaGPS App","2024-06-24",351,351,0,0,TRUE,FALSE,FALSE
"BOLD Data Portal","2026-09-23","HI_ARCH","MBMK1827-24.COI-5P","MBMK1827-24","22878688","PV078686","898391","Lepidoptera","Crambidae","Orthomecyna",,"genus","COI-5P","United States","Hawaii","Maunakea",19.75634,-155.4434,"GaiaGPS App","2024-06-24",658,658,0,0,TRUE,FALSE,TRUE
"BOLD Data Portal","2026-09-23","HI_ARCH","MBMK1828-24.COI-5P","MBMK1828-24","22878689","PV079464","6782","Lepidoptera","Crambidae","Eudonia",,"genus","COI-5P","United States","Hawaii","Maunakea",19.75723,-155.44962,"GaiaGPS App","2024-06-24",658,658,0,0,TRUE,FALSE,TRUE
"BOLD Data Portal","2026-09-23","HI_ARCH","MBMK1839-24.COI-5P","MBMK1839-24","22878700","PV080155","6782","Lepidoptera","Crambidae","Eudonia",,"genus","COI-5P","United States","Hawaii","Maunakea",19.76214,-155.45543,"GaiaGPS App","2024-06-24",659,659,0,0,TRUE,FALSE,TRUE
"BOLD Data Portal","2026-09-23","HI_ARCH","MBMK1868-24.16S","MBMK1868-24","22878729","PQ886400","6782","Lepidoptera","Crambidae","Eudonia",,"genus","16S","United States","Hawaii","Maunakea",19.76086,-155.45503,"GaiaGPS App","2024-06-24",351,351,0,0,TRUE,FALSE,FALSE
"BOLD Data Portal","2026-09-23","HI_ARCH","MBMK1868-24.COI-5P","MBMK1868-24","22878729","PV080491","6782","Lepidoptera","Crambidae","Eudonia",,"genus","COI-5P","United States","Hawaii","Maunakea",19.76086,-155.45503,"GaiaGPS App","2024-06-24",658,658,0,0,TRUE,FALSE,TRUE
"BOLD Data Portal","2026-09-23","HI_ARCH","MBMK2156-24.COI-5P","MBMK2156-24","22879017","PV079885","6782","Lepidoptera","Crambidae","Eudonia",,"genus","COI-5P","United States","Hawaii","Maunakea",19.75529,-155.44196,"GaiaGPS App","2024-06-24",659,659,0,0,TRUE,FALSE,TRUE
"BOLD Data Portal","2026-09-23","HI_ARCH","MBMK2157-24.COI-5P","MBMK2157-24","22879018","PV079752","6782","Lepidoptera","Crambidae","Eudonia",,"genus","COI-5P","United States","Hawaii","Maunakea",19.75529,-155.44196,"GaiaGPS App","2024-06-24",658,658,0,0,TRUE,FALSE,TRUE
"BOLD Data Portal","2026-09-23","HI_ARCH","MBMK2337-24.COI-5P","MBMK2337-24","22879198","PV079838","6782","Lepidoptera","Crambidae","Eudonia",,"genus","COI-5P","United States","Hawaii","Maunakea",19.7547,-155.4416,"GaiaGPS App","2024-06-24",658,658,0,0,TRUE,FALSE,TRUE
"BOLD Data Portal","2026-09-23","HI_ARCH","MBMK2397-24.COI-5P","MBMK2397-24","22879258","PV080623","6782","Lepidoptera","Crambidae","Eudonia",,"genus","COI-5P","United States","Hawaii","Maunakea",19.7547,-155.4416,"GaiaGPS App","2024-06-24",659,659,0,0,TRUE,FALSE,TRUE
"BOLD Data Portal","2026-09-23","HI_ARCH","MBMK2406-24.16S","MBMK2406-24","22879267",,"898391","Lepidoptera","Crambidae","Orthomecyna",,"genus","16S","United States","Hawaii","Maunakea",19.75795,-155.45157,"GaiaGPS App","2024-06-24",351,351,0,0,TRUE,FALSE,FALSE
"BOLD Data Portal","2026-09-23","HI_ARCH","MBMK2406-24.COI-5P","MBMK2406-24","22879267","PV078732","898391","Lepidoptera","Crambidae","Orthomecyna",,"genus","COI-5P","United States","Hawaii","Maunakea",19.75795,-155.45157,"GaiaGPS App","2024-06-24",658,658,0,0,TRUE,FALSE,TRUE
"BOLD Data Portal","2026-09-23","HI_ARCH","MBMK2407-24.COI-5P","MBMK2407-24","22879268","PV080448","6782","Lepidoptera","Crambidae","Eudonia",,"genus","COI-5P","United States","Hawaii","Maunakea",19.75795,-155.45157,"GaiaGPS App","2024-06-24",658,658,0,0,TRUE,FALSE,TRUE
"BOLD Data Portal","2026-09-23","HI_ARCH","MBMK2436-24.COI-5P","MBMK2436-24","22879297","PV080697","6782","Lepidoptera","Crambidae","Eudonia",,"genus","COI-5P","United States","Hawaii","Maunakea",19.7547,-155.4416,"GaiaGPS App","2024-06-24",658,658,0,0,TRUE,FALSE,TRUE
"BOLD Data Portal","2026-09-23","HI_ARCH","MBMK2508-24.16S","MBMK2508-24","22879370",,"898391","Lepidoptera","Crambidae","Orthomecyna",,"genus","16S","United States","Hawaii","Maunakea",19.75789,-155.45172,"GaiaGPS App","2024-06-24",351,351,0,0,TRUE,FALSE,FALSE
"BOLD Data Portal","2026-09-23","HI_ARCH","MBMK2508-24.COI-5P","MBMK2508-24","22879370","PV079155","898391","Lepidoptera","Crambidae","Orthomecyna",,"genus","COI-5P","United States","Hawaii","Maunakea",19.75789,-155.45172,"GaiaGPS App","2024-06-24",658,658,0,0,TRUE,FALSE,TRUE
"BOLD Data Portal","2026-09-23","HI_ARCH","MBMK2795-24.COI-5P","MBMK2795-24","22879657","PV080359","6782","Lepidoptera","Crambidae","Eudonia",,"genus","COI-5P","United States","Hawaii","Maunakea",19.75642,-155.44344,"GaiaGPS App","2024-06-24",658,658,0,0,TRUE,FALSE,TRUE
"BOLD Data Portal","2026-09-23","HI_ARCH","MBMK2796-24.COI-5P","MBMK2796-24","22879658","PV079415","6782","Lepidoptera","Crambidae","Eudonia",,"genus","COI-5P","United States","Hawaii","Maunakea",19.75642,-155.44344,"GaiaGPS App","2024-06-24",658,658,0,0,TRUE,FALSE,TRUE
"BOLD Data Portal","2026-09-23","HI_ARCH","MBMK2797-24.COI-5P","MBMK2797-24","22879659","PV080361","6782","Lepidoptera","Crambidae","Eudonia",,"genus","COI-5P","United States","Hawaii","Maunakea",19.75642,-155.44344,"GaiaGPS App","2024-06-24",658,658,0,0,TRUE,FALSE,TRUE
"BOLD Data Portal","2026-09-23","HI_ARCH","MBMK2811-24.16S","MBMK2811-24","22879673",,"898391","Lepidoptera","Crambidae","Orthomecyna",,"genus","16S","United States","Hawaii","Maunakea",19.75638,-155.4434,"GaiaGPS App","2024-06-24",353,353,0,0,TRUE,FALSE,FALSE
"BOLD Data Portal","2026-09-23","HI_ARCH","MBMK2811-24.COI-5P","MBMK2811-24","22879673","PV078781","898391","Lepidoptera","Crambidae","Orthomecyna",,"genus","COI-5P","United States","Hawaii","Maunakea",19.75638,-155.4434,"GaiaGPS App","2024-06-24",658,658,0,0,TRUE,FALSE,TRUE
"BOLD Data Portal","2026-09-23","HI_ARCH","MBMK2812-24.COI-5P","MBMK2812-24","22879674","PV079197","898391","Lepidoptera","Crambidae","Orthomecyna",,"genus","COI-5P","United States","Hawaii","Maunakea",19.75638,-155.4434,"GaiaGPS App","2024-06-24",658,658,0,0,TRUE,FALSE,TRUE
"BOLD Data Portal","2026-09-23","HI_ARCH","MBMK2813-24.16S","MBMK2813-24","22879675",,"898391","Lepidoptera","Crambidae","Orthomecyna",,"genus","16S","United States","Hawaii","Maunakea",19.75638,-155.4434,"GaiaGPS App","2024-06-24",351,351,0,0,TRUE,FALSE,FALSE
"BOLD Data Portal","2026-09-23","HI_ARCH","MBMK2813-24.COI-5P","MBMK2813-24","22879675","PV078963","898391","Lepidoptera","Crambidae","Orthomecyna",,"genus","COI-5P","United States","Hawaii","Maunakea",19.75638,-155.4434,"GaiaGPS App","2024-06-24",658,658,0,0,TRUE,FALSE,TRUE
"BOLD Data Portal","2026-09-23","HI_ARCH","MBMK2814-24.16S","MBMK2814-24","22879676",,"898391","Lepidoptera","Crambidae","Orthomecyna",,"genus","16S","United States","Hawaii","Maunakea",19.75638,-155.4434,"GaiaGPS App","2024-06-24",350,350,0,0,TRUE,FALSE,FALSE
"BOLD Data Portal","2026-09-23","HI_ARCH","MBMK2814-24.COI-5P","MBMK2814-24","22879676","PV079210","898391","Lepidoptera","Crambidae","Orthomecyna",,"genus","COI-5P","United States","Hawaii","Maunakea",19.75638,-155.4434,"GaiaGPS App","2024-06-24",658,658,0,0,TRUE,FALSE,TRUE
"BOLD Data Portal","2026-09-23","HI_ARCH","MBMK2815-24.16S","MBMK2815-24","22879677",,"898391","Lepidoptera","Crambidae","Orthomecyna",,"genus","16S","United States","Hawaii","Maunakea",19.75638,-155.4434,"GaiaGPS App","2024-06-24",353,353,0,0,TRUE,FALSE,FALSE
"BOLD Data Portal","2026-09-23","HI_ARCH","MBMK2815-24.COI-5P","MBMK2815-24","22879677","PV079299","898391","Lepidoptera","Crambidae","Orthomecyna",,"genus","COI-5P","United States","Hawaii","Maunakea",19.75638,-155.4434,"GaiaGPS App","2024-06-24",658,658,0,0,TRUE,FALSE,TRUE
"BOLD Data Portal","2026-09-23","HI_ARCH","MBMK2816-24.16S","MBMK2816-24","22879678",,"898391","Lepidoptera","Crambidae","Orthomecyna",,"genus","16S","United States","Hawaii","Maunakea",19.75638,-155.4434,"GaiaGPS App","2024-06-24",350,350,0,0,TRUE,FALSE,FALSE
"BOLD Data Portal","2026-09-23","HI_ARCH","MBMK2816-24.COI-5P","MBMK2816-24","22879678","PV078630","898391","Lepidoptera","Crambidae","Orthomecyna",,"genus","COI-5P","United States","Hawaii","Maunakea",19.75638,-155.4434,"GaiaGPS App","2024-06-24",658,658,0,0,TRUE,FALSE,TRUE
"BOLD Data Portal","2026-09-23","HI_ARCH","MBMK2817-24.16S","MBMK2817-24","22879679",,"898391","Lepidoptera","Crambidae","Orthomecyna",,"genus","16S","United States","Hawaii","Maunakea",19.75638,-155.4434,"GaiaGPS App","2024-06-24",351,351,0,0,TRUE,FALSE,FALSE
"BOLD Data Portal","2026-09-23","HI_ARCH","MBMK2817-24.COI-5P","MBMK2817-24","22879679","PV078642","898391","Lepidoptera","Crambidae","Orthomecyna",,"genus","COI-5P","United States","Hawaii","Maunakea",19.75638,-155.4434,"GaiaGPS App","2024-06-24",658,658,0,0,TRUE,FALSE,TRUE
"BOLD Data Portal","2026-09-23","HI_ARCH","MBMK2818-24.16S","MBMK2818-24","22879680",,"898391","Lepidoptera","Crambidae","Orthomecyna",,"genus","16S","United States","Hawaii","Maunakea",19.75638,-155.4434,"GaiaGPS App","2024-06-24",350,350,0,0,TRUE,FALSE,FALSE
"BOLD Data Portal","2026-09-23","HI_ARCH","MBMK2818-24.COI-5P","MBMK2818-24","22879680","PV079272","898391","Lepidoptera","Crambidae","Orthomecyna",,"genus","COI-5P","United States","Hawaii","Maunakea",19.75638,-155.4434,"GaiaGPS App","2024-06-24",658,658,0,0,TRUE,FALSE,TRUE
"BOLD Data Portal","2026-09-23","HI_ARCH","MBMK2819-24.16S","MBMK2819-24","22879681",,"898391","Lepidoptera","Crambidae","Orthomecyna",,"genus","16S","United States","Hawaii","Maunakea",19.75638,-155.4434,"GaiaGPS App","2024-06-24",351,351,0,0,TRUE,FALSE,FALSE
"BOLD Data Portal","2026-09-23","HI_ARCH","MBMK2819-24.COI-5P","MBMK2819-24","22879681","PV078725","898391","Lepidoptera","Crambidae","Orthomecyna",,"genus","COI-5P","United States","Hawaii","Maunakea",19.75638,-155.4434,"GaiaGPS App","2024-06-24",658,658,0,0,TRUE,FALSE,TRUE
"BOLD Data Portal","2026-09-23","HI_ARCH","MBMK2820-24.16S","MBMK2820-24","22879682",,"898391","Lepidoptera","Crambidae","Orthomecyna",,"genus","16S","United States","Hawaii","Maunakea",19.75638,-155.4434,"GaiaGPS App","2024-06-24",350,350,0,0,TRUE,FALSE,FALSE
"BOLD Data Portal","2026-09-23","HI_ARCH","MBMK2820-24.COI-5P","MBMK2820-24","22879682","PV078976","898391","Lepidoptera","Crambidae","Orthomecyna",,"genus","COI-5P","United States","Hawaii","Maunakea",19.75638,-155.4434,"GaiaGPS App","2024-06-24",658,658,0,0,TRUE,FALSE,TRUE
"BOLD Data Portal","2026-09-23","HI_ARCH","MBMK2821-24.16S","MBMK2821-24","22879683",,"898391","Lepidoptera","Crambidae","Orthomecyna",,"genus","16S","United States","Hawaii","Maunakea",19.75638,-155.4434,"GaiaGPS App","2024-06-24",351,351,0,0,TRUE,FALSE,FALSE
"BOLD Data Portal","2026-09-23","HI_ARCH","MBMK2821-24.COI-5P","MBMK2821-24","22879683","PV079357","898391","Lepidoptera","Crambidae","Orthomecyna",,"genus","COI-5P","United States","Hawaii","Maunakea",19.75638,-155.4434,"GaiaGPS App","2024-06-24",658,658,0,0,TRUE,FALSE,TRUE
"BOLD Data Portal","2026-09-23","HI_ARCH","MBMK2822-24.16S","MBMK2822-24","22879684",,"898391","Lepidoptera","Crambidae","Orthomecyna",,"genus","16S","United States","Hawaii","Maunakea",19.75638,-155.4434,"GaiaGPS App","2024-06-24",350,350,0,0,TRUE,FALSE,FALSE
"BOLD Data Portal","2026-09-23","HI_ARCH","MBMK2822-24.COI-5P","MBMK2822-24","22879684","PV079360","898391","Lepidoptera","Crambidae","Orthomecyna",,"genus","COI-5P","United States","Hawaii","Maunakea",19.75638,-155.4434,"GaiaGPS App","2024-06-24",658,658,0,0,TRUE,FALSE,TRUE
"BOLD Data Portal","2026-09-23","HI_ARCH","MBMK2823-24.16S","MBMK2823-24","22879685",,"898391","Lepidoptera","Crambidae","Orthomecyna",,"genus","16S","United States","Hawaii","Maunakea",19.75638,-155.4434,"GaiaGPS App","2024-06-24",350,350,0,0,TRUE,FALSE,FALSE
"BOLD Data Portal","2026-09-23","HI_ARCH","MBMK2823-24.COI-5P","MBMK2823-24","22879685","PV079086","898391","Lepidoptera","Crambidae","Orthomecyna",,"genus","COI-5P","United States","Hawaii","Maunakea",19.75638,-155.4434,"GaiaGPS App","2024-06-24",658,658,0,0,TRUE,FALSE,TRUE
"BOLD Data Portal","2026-09-23","HI_ARCH","MBMK2824-24.16S","MBMK2824-24","22879686",,"898391","Lepidoptera","Crambidae","Orthomecyna",,"genus","16S","United States","Hawaii","Maunakea",19.75638,-155.4434,"GaiaGPS App","2024-06-24",350,350,0,0,TRUE,FALSE,FALSE
"BOLD Data Portal","2026-09-23","HI_ARCH","MBMK2824-24.COI-5P","MBMK2824-24","22879686","PV078721","898391","Lepidoptera","Crambidae","Orthomecyna",,"genus","COI-5P","United States","Hawaii","Maunakea",19.75638,-155.4434,"GaiaGPS App","2024-06-24",658,658,0,0,TRUE,FALSE,TRUE
"BOLD Data Portal","2026-09-23","HI_ARCH","MBMK361-20.COI-5P","MBMK361-20","11762510","PV080878","139738","Lepidoptera","Crambidae","Eudonia","Eudonia sp.","species","COI-5P","United States","Hawaii","Maunakea",19.76,-155.455,"Gaia GPS","2024-06-24",658,658,0,0,TRUE,FALSE,TRUE
"BOLD Data Portal","2026-09-23","HI_ARCH","MBMK362-20.COI-5P","MBMK362-20","11762511","PV080263","139738","Lepidoptera","Crambidae","Eudonia","Eudonia sp.","species","COI-5P","United States","Hawaii","Maunakea",19.76,-155.455,"Gaia GPS","2024-06-24",658,658,0,0,TRUE,FALSE,TRUE
"BOLD Data Portal","2026-09-23","HI_ARCH","MBMK366-20.COI-5P","MBMK366-20","11762515","PV079777","139738","Lepidoptera","Crambidae","Eudonia","Eudonia sp.","species","COI-5P","United States","Hawaii","Maunakea",19.762,-155.457,"Gaia GPS","2024-06-24",658,658,0,0,TRUE,FALSE,TRUE
"BOLD Data Portal","2026-09-23","HI_ARCH","MBMK368-20.COI-5P","MBMK368-20","11762517","PV079657","139738","Lepidoptera","Crambidae","Eudonia","Eudonia sp.","species","COI-5P","United States","Hawaii","Maunakea",19.764,-155.459,"Gaia GPS","2024-06-24",658,658,0,0,TRUE,FALSE,TRUE
"BOLD Data Portal","2026-09-23","HI_ARCH","MBMK377-20.COI-5P","MBMK377-20","11762526","PV079699","139738","Lepidoptera","Crambidae","Eudonia","Eudonia sp.","species","COI-5P","United States","Hawaii","Maunakea",19.756,-155.45,"Gaia GPS","2024-06-24",658,658,0,0,TRUE,FALSE,TRUE
"BOLD Data Portal","2026-09-23","HI_ARCH","MBMK402-20.COI-5P","MBMK402-20","11762551","PV079746","24760","Lepidoptera","Crambidae",,,"family","COI-5P","United States","Hawaii","Maunakea",19.757,-155.452,"Gaia GPS","2024-06-24",658,658,0,0,TRUE,FALSE,TRUE
"BOLD Data Portal","2026-09-23","HI_ARCH","NIHLR005-22.COI-5P","NIHLR005-22","16787312","OQ174435","355207","Lepidoptera","Crambidae","Herpetogramma","Herpetogramma nr. stultalis","species","COI-5P","United States","Hawaii","Oahu",21.338,-157.811,,"2022-12-16",658,658,0,0,TRUE,FALSE,TRUE
"BOLD Data Portal","2026-09-23","HI_ARCH","PMANL3398-14.COI-5P","PMANL3398-14","5065423",,"22698","Lepidoptera","Crambidae","Diaphania","Diaphania nitidalis","species","COI-5P","United States","Hawaii","Oahu Island",,,,"2015-01-13",658,658,0,0,TRUE,TRUE,TRUE
"BOLD Data Portal","2026-09-23","HI_ARCH","PMANL4613-15.COI-5P","PMANL4613-15","6272146",,"58889","Lepidoptera","Crambidae","Ategumia","Ategumia matutinalis","species","COI-5P","United States","Hawaii","Oahu",,,,"2015-11-13",658,658,0,0,TRUE,TRUE,TRUE
"BOLD Data Portal","2026-09-23","HI_ARCH","PMANL5094-16.COI-5P","PMANL5094-16","6802061",,"20152","Lepidoptera","Crambidae","Herpetogramma","Herpetogramma licarsisalis","species","COI-5P","United States","Hawaii","Oahu Island",,,,"2016-04-11",658,658,0,0,TRUE,TRUE,TRUE
"BOLD Data Portal","2026-09-23","HI_ARCH","PMANL5248-16.COI-5P","PMANL5248-16","7135202",,"492723","Lepidoptera","Crambidae","Omphisa","Omphisa anastomosalis","species","COI-5P","United States","Hawaii","Oahu",21.299824,-157.81482,"Google Earth","2016-08-30",658,658,0,0,TRUE,TRUE,TRUE
"BOLD Data Portal","2026-09-23","HI_ARCH","PTA004-23.COI-5P","PTA004-23","18149109",,"2163","Lepidoptera","Crambidae",,,"subfamily","COI-5P","United States","Hawaii",,,,,"2023-08-01",658,658,0,0,TRUE,FALSE,TRUE
"BOLD Data Portal","2026-09-23","HI_ARCH","PTA008-23.COI-5P","PTA008-23","18149113",,"2163","Lepidoptera","Crambidae",,,"subfamily","COI-5P","United States","Hawaii",,,,,"2023-08-01",658,658,0,0,TRUE,FALSE,TRUE
"BOLD Data Portal","2026-09-23","HI_ARCH","PTA009-23.COI-5P","PTA009-23","18149114",,"2163","Lepidoptera","Crambidae",,,"subfamily","COI-5P","United States","Hawaii",,,,,"2023-08-01",658,658,0,0,TRUE,FALSE,TRUE
"BOLD Data Portal","2026-09-23","HI_ARCH","PTA010-23.COI-5P","PTA010-23","18149115",,"2163","Lepidoptera","Crambidae",,,"subfamily","COI-5P","United States","Hawaii",,,,,"2023-08-01",658,658,0,0,TRUE,FALSE,TRUE
"BOLD Data Portal","2026-09-23","HI_ARCH","PTA011-23.COI-5P","PTA011-23","18149116",,"2163","Lepidoptera","Crambidae",,,"subfamily","COI-5P","United States","Hawaii",,,,,"2023-08-01",658,658,0,0,TRUE,FALSE,TRUE
"BOLD Data Portal","2026-09-23","HI_ARCH","PTA012-23.COI-5P","PTA012-23","18149117",,"2163","Lepidoptera","Crambidae",,,"subfamily","COI-5P","United States","Hawaii",,,,,"2023-08-01",658,658,0,0,TRUE,FALSE,TRUE
"BOLD Data Portal","2026-09-23","HI_ARCH","PTA013-23.COI-5P","PTA013-23","18149118",,"2163","Lepidoptera","Crambidae",,,"subfamily","COI-5P","United States","Hawaii",,,,,"2023-08-01",658,658,0,0,TRUE,FALSE,TRUE
"BOLD Data Portal","2026-09-23","HI_ARCH","PTA015-23.COI-5P","PTA015-23","18149120",,"2163","Lepidoptera","Crambidae",,,"subfamily","COI-5P","United States","Hawaii",,,,,"2023-08-01",658,658,0,0,TRUE,FALSE,TRUE
"BOLD Data Portal","2026-09-23","HI_ARCH","PTA061-23.COI-5P","PTA061-23","18149166",,"2163","Lepidoptera","Crambidae",,,"subfamily","COI-5P","United States","Hawaii",,,,,"2023-08-01",633,633,0,0,TRUE,FALSE,TRUE
"BOLD Data Portal","2026-09-23","HI_ARCH","PTA062-23.COI-5P","PTA062-23","18149167",,"2143","Lepidoptera","Crambidae",,,"subfamily","COI-5P","United States","Hawaii",,,,,"2023-08-01",658,658,0,0,TRUE,FALSE,TRUE
"BOLD Data Portal","2026-09-23","HI_ARCH","PTA064-23.COI-5P","PTA064-23","18149169",,"2163","Lepidoptera","Crambidae",,,"subfamily","COI-5P","United States","Hawaii",,,,,"2023-08-01",658,658,0,0,TRUE,FALSE,TRUE
"BOLD Data Portal","2026-09-23","HI_ARCH","PTA066-23.COI-5P","PTA066-23","18149171",,"2163","Lepidoptera","Crambidae",,,"subfamily","COI-5P","United States","Hawaii",,,,,"2023-08-01",658,658,0,0,TRUE,FALSE,TRUE
"BOLD Data Portal","2026-09-23","HI_ARCH","PTA074-23.COI-5P","PTA074-23","18149179",,"1989","Lepidoptera","Crambidae",,,"subfamily","COI-5P","United States","Hawaii",,,,,"2023-08-01",658,658,0,0,TRUE,FALSE,TRUE
"BOLD Data Portal","2026-09-23","HI_ARCH","PTA077-23.COI-5P","PTA077-23","18149182",,"1989","Lepidoptera","Crambidae",,,"subfamily","COI-5P","United States","Hawaii",,,,,"2023-08-01",658,658,0,0,TRUE,FALSE,TRUE
"BOLD Data Portal","2026-09-23","HI_ARCH","PTA081-23.COI-5P","PTA081-23","18149186",,"1989","Lepidoptera","Crambidae",,,"subfamily","COI-5P","United States","Hawaii",,,,,"2023-08-01",641,641,0,0,TRUE,FALSE,TRUE
"BOLD Data Portal","2026-09-23","HI_ARCH","PTA085-23.COI-5P","PTA085-23","18149190",,"1989","Lepidoptera","Crambidae",,,"subfamily","COI-5P","United States","Hawaii",,,,,"2023-08-01",614,614,0,0,TRUE,FALSE,TRUE
"BOLD Data Portal","2026-09-23","HI_ARCH","PTA132-23.COI-5P","PTA132-23","18149237",,"1989","Lepidoptera","Crambidae",,,"subfamily","COI-5P","United States","Hawaii",,,,,"2023-07-28",658,658,0,0,TRUE,FALSE,TRUE
"BOLD Data Portal","2026-09-23","HI_ARCH","PTA155-23.COI-5P","PTA155-23","18149260",,"1989","Lepidoptera","Crambidae",,,"subfamily","COI-5P","United States","Hawaii",,,,,"2023-07-28",658,658,0,0,TRUE,FALSE,TRUE
"BOLD Data Portal","2026-09-23","HI_ARCH","PTA171-23.COI-5P","PTA171-23","18149276",,"1989","Lepidoptera","Crambidae",,,"subfamily","COI-5P","United States","Hawaii",,,,,"2023-07-28",658,658,0,0,TRUE,FALSE,TRUE
"BOLD Data Portal","2026-09-23","HI_ARCH","SICOC936-18.COI-5P","SICOC936-18","9569339","MN344709","898391","Lepidoptera","Crambidae","Orthomecyna",,"genus","COI-5P","United States","Hawaii","Hawaii Island",19.9071,-155.44,,"2019-03-07",658,658,0,0,TRUE,FALSE,TRUE
"BOLD Data Portal","2026-09-23","HI_ARCH","SICOC937-18.COI-5P","SICOC937-18","9569340","MN345296","898391","Lepidoptera","Crambidae","Orthomecyna",,"genus","COI-5P","United States","Hawaii","Hawaii Island",19.9071,-155.44,,"2019-03-07",658,658,0,0,TRUE,FALSE,TRUE
"BOLD Data Portal","2026-09-23","HI_ARCH","SML577-23.COI-5P","SML577-23","18137270",,"157984","Lepidoptera","Crambidae","Chilo","Chilo suppressalis","species","COI-5P","United States","Hawaii","Kauai",,,,"2023-08-03",658,657,1,0.00151975683890578,TRUE,TRUE,TRUE
"BOLD Data Portal","2026-09-23","HI_ARCH","SML578-23.COI-5P","SML578-23","18137271",,"20423","Lepidoptera","Crambidae","Maruca","Maruca vitrata","species","COI-5P","United States","Hawaii","Oahu",,,,"2023-08-03",658,658,0,0,TRUE,TRUE,TRUE
"BOLD Data Portal","2026-09-23","HI_ARCH","SML643-23.COI-5P","SML643-23","18137336",,"20152","Lepidoptera","Crambidae","Herpetogramma","Herpetogramma licarsisalis","species","COI-5P","United States","Hawaii","Oahu Island",,,,"2023-08-03",658,658,0,0,TRUE,TRUE,TRUE
"BOLD Data Portal","2026-09-23","HI_ARCH","SML644-23.COI-5P","SML644-23","18137337",,"492723","Lepidoptera","Crambidae","Omphisa","Omphisa anastomosalis","species","COI-5P","United States","Hawaii",,,,,"2023-08-03",658,658,0,0,TRUE,TRUE,TRUE
"BOLD Data Portal","2026-09-23","HI_ARCH","ZYCRL005-11.COI-5P","ZYCRL005-11","2159155",,"523118","Lepidoptera","Crambidae","Uresiphita","Uresiphita polygonalis","subspecies","COI-5P","United States","Hawaii",,,,,"2011-10-12",658,658,0,0,TRUE,FALSE,TRUE
"BOLD Data Portal","2026-09-23","HI_ARCH","ZYCRL007-11.COI-5P","ZYCRL007-11","2159157",,"523118","Lepidoptera","Crambidae","Uresiphita","Uresiphita polygonalis","subspecies","COI-5P","United States","Hawaii",,,,,"2011-10-12",658,307,0,0,TRUE,FALSE,FALSE
"BOLD Data Portal","2026-09-23","HI_ARCH","ZYCRL008-11.COI-5P","ZYCRL008-11","2159158",,"523118","Lepidoptera","Crambidae","Uresiphita","Uresiphita polygonalis","subspecies","COI-5P","United States","Hawaii",,,,,"2011-10-12",658,307,0,0,TRUE,FALSE,FALSE
"BOLD Data Portal","2026-09-23","HI_ARCH","ZYCRL009-11.COI-5P","ZYCRL009-11","2159159",,"523118","Lepidoptera","Crambidae","Uresiphita","Uresiphita polygonalis","subspecies","COI-5P","United States","Hawaii",,,,,"2011-10-12",658,658,0,0,TRUE,FALSE,TRUE
"BOLD Data Portal","2026-09-23","HI_ARCH","ZYCRL010-11.COI-5P","ZYCRL010-11","2159160",,"523118","Lepidoptera","Crambidae","Uresiphita","Uresiphita polygonalis","subspecies","COI-5P","United States","Hawaii",,,,,"2011-10-12",658,307,0,0,TRUE,FALSE,FALSE
"BOLD Data Portal","2026-09-23","HI_ARCH","ZYCRL011-11.COI-5P","ZYCRL011-11","2159161",,"523118","Lepidoptera","Crambidae","Uresiphita","Uresiphita polygonalis","subspecies","COI-5P","United States","Hawaii",,,,,"2011-10-12",658,658,0,0,TRUE,FALSE,TRUE
"BOLD Data Portal","2026-09-23","HI_ARCH","ZYCRL012-11.COI-5P","ZYCRL012-11","2159162",,"523118","Lepidoptera","Crambidae","Uresiphita","Uresiphita polygonalis","subspecies","COI-5P","United States","Hawaii",,,,,"2011-10-12",658,307,0,0,TRUE,FALSE,FALSE
"BOLD Data Portal","2026-09-23","HI_ARCH","ZYCRL014-11.COI-5P","ZYCRL014-11","2159164",,"523118","Lepidoptera","Crambidae","Uresiphita","Uresiphita polygonalis","subspecies","COI-5P","United States","Hawaii",,,,,"2011-10-12",658,307,0,0,TRUE,FALSE,FALSE
"BOLD Data Portal","2026-09-23","HI_ARCH","ZYCRL017-11.COI-5P","ZYCRL017-11","2159167",,"523118","Lepidoptera","Crambidae","Uresiphita","Uresiphita polygonalis","subspecies","COI-5P","United States","Hawaii",,,,,"2011-10-12",658,657,1,0.00151975683890578,TRUE,FALSE,TRUE
"BOLD Data Portal","2026-09-23","HI_ARCH","ZYCRL018-11.COI-5P","ZYCRL018-11","2159168",,"523118","Lepidoptera","Crambidae","Uresiphita","Uresiphita polygonalis","subspecies","COI-5P","United States","Hawaii",,,,,"2011-10-12",658,307,0,0,TRUE,FALSE,FALSE
"BOLD Data Portal","2026-09-23","HI_ARCH","ZYCRL019-11.COI-5P","ZYCRL019-11","2159169",,"523118","Lepidoptera","Crambidae","Uresiphita","Uresiphita polygonalis","subspecies","COI-5P","United States","Hawaii",,,,,"2011-10-12",658,307,0,0,TRUE,FALSE,FALSE
"BOLD Data Portal","2026-09-23","HI_ARCH","ZYCRL020-11.COI-5P","ZYCRL020-11","2159170",,"523118","Lepidoptera","Crambidae","Uresiphita","Uresiphita polygonalis","subspecies","COI-5P","United States","Hawaii",,,,,"2011-10-12",658,307,0,0,TRUE,FALSE,FALSE
"BOLD Data Portal","2026-09-23","HI_ARCH","ZYCRL021-11.COI-5P","ZYCRL021-11","2159171",,"523118","Lepidoptera","Crambidae","Uresiphita","Uresiphita polygonalis","subspecies","COI-5P","United States","Hawaii",,,,,"2011-10-12",658,658,0,0,TRUE,FALSE,TRUE
"BOLD Data Portal","2026-09-23","HI_ARCH","ZYCRL022-11.COI-5P","ZYCRL022-11","2159172",,"523118","Lepidoptera","Crambidae","Uresiphita","Uresiphita polygonalis","subspecies","COI-5P","United States","Hawaii",,,,,"2011-10-12",658,658,0,0,TRUE,FALSE,TRUE
"BOLD Data Portal","2026-09-23","HI_ARCH","ZYCRL024-11.COI-5P","ZYCRL024-11","2159174",,"523118","Lepidoptera","Crambidae","Uresiphita","Uresiphita polygonalis","subspecies","COI-5P","United States","Hawaii",,,,,"2011-10-12",658,658,0,0,TRUE,FALSE,TRUE
"BOLD Data Portal","2026-09-23","HI_ARCH","ZYCRL025-11.COI-5P","ZYCRL025-11","2159175",,"523118","Lepidoptera","Crambidae","Uresiphita","Uresiphita polygonalis","subspecies","COI-5P","United States","Hawaii",,,,,"2011-10-12",658,657,1,0.00151975683890578,TRUE,FALSE,TRUE
"BOLD Data Portal","2026-09-23","HI_ARCH","ZYCRL026-11.COI-5P","ZYCRL026-11","2159176",,"523118","Lepidoptera","Crambidae","Uresiphita","Uresiphita polygonalis","subspecies","COI-5P","United States","Hawaii",,,,,"2011-10-12",658,307,0,0,TRUE,FALSE,FALSE
"BOLD Data Portal","2026-09-23","HI_ARCH","ZYCRL027-11.COI-5P","ZYCRL027-11","2159177",,"523118","Lepidoptera","Crambidae","Uresiphita","Uresiphita polygonalis","subspecies","COI-5P","United States","Hawaii",,,,,"2011-10-12",658,658,0,0,TRUE,FALSE,TRUE
"BOLD Data Portal","2026-09-23","HI_ARCH","ZYCRL028-11.COI-5P","ZYCRL028-11","2159178",,"523118","Lepidoptera","Crambidae","Uresiphita","Uresiphita polygonalis","subspecies","COI-5P","United States","Hawaii",,,,,"2011-10-12",658,307,0,0,TRUE,FALSE,FALSE
"BOLD Data Portal","2026-09-23","HI_ARCH","ZYCRL030-11.COI-5P","ZYCRL030-11","2159180",,"523118","Lepidoptera","Crambidae","Uresiphita","Uresiphita polygonalis","subspecies","COI-5P","United States","Hawaii",,,,,"2011-10-12",658,658,0,0,TRUE,FALSE,TRUE
"BOLD Data Portal","2026-09-23","HI_ARCH","ZYCRL031-11.COI-5P","ZYCRL031-11","2159181",,"523118","Lepidoptera","Crambidae","Uresiphita","Uresiphita polygonalis","subspecies","COI-5P","United States","Hawaii",,,,,"2011-10-12",658,307,0,0,TRUE,FALSE,FALSE
"BOLD Data Portal","2026-09-23","HI_ARCH","ZYCRL033-11.COI-5P","ZYCRL033-11","2159183",,"523118","Lepidoptera","Crambidae","Uresiphita","Uresiphita polygonalis","subspecies","COI-5P","United States","Hawaii",,,,,"2011-10-12",658,307,0,0,TRUE,FALSE,FALSE
"BOLD Data Portal","2026-09-23","HI_ARCH","ZYCRL034-11.COI-5P","ZYCRL034-11","2159184",,"523118","Lepidoptera","Crambidae","Uresiphita","Uresiphita polygonalis","subspecies","COI-5P","United States","Hawaii",,,,,"2011-10-12",658,658,0,0,TRUE,FALSE,TRUE
"BOLD Data Portal","2026-09-23","HI_ARCH","ZYCRL035-11.COI-5P","ZYCRL035-11","2159185",,"523118","Lepidoptera","Crambidae","Uresiphita","Uresiphita polygonalis","subspecies","COI-5P","United States","Hawaii",,,,,"2011-10-12",658,307,0,0,TRUE,FALSE,FALSE
"BOLD Data Portal","2026-09-23","HI_ARCH","ZYCRL039-11.COI-5P","ZYCRL039-11","2159189",,"523118","Lepidoptera","Crambidae","Uresiphita","Uresiphita polygonalis","subspecies","COI-5P","United States","Hawaii",,,,,"2011-10-12",658,307,0,0,TRUE,FALSE,FALSE
"BOLD Data Portal","2026-09-23","HI_ARCH","ZYCRL040-11.COI-5P","ZYCRL040-11","2159190",,"523118","Lepidoptera","Crambidae","Uresiphita","Uresiphita polygonalis","subspecies","COI-5P","United States","Hawaii",,,,,"2011-10-12",658,307,0,0,TRUE,FALSE,FALSE
"BOLD Data Portal","2026-09-23","HI_ARCH","ZYCRL043-11.COI-5P","ZYCRL043-11","2159193",,"523118","Lepidoptera","Crambidae","Uresiphita","Uresiphita polygonalis","subspecies","COI-5P","United States","Hawaii",,,,,"2011-10-12",658,658,0,0,TRUE,FALSE,TRUE
"BOLD Data Portal","2026-09-23","HI_ARCH","ZYCRL044-11.COI-5P","ZYCRL044-11","2159194",,"523118","Lepidoptera","Crambidae","Uresiphita","Uresiphita polygonalis","subspecies","COI-5P","United States","Hawaii",,,,,"2011-10-12",658,658,0,0,TRUE,FALSE,TRUE
"BOLD Data Portal","2026-09-23","HI_ARCH","ZYCRL045-11.COI-5P","ZYCRL045-11","2159195",,"523118","Lepidoptera","Crambidae","Uresiphita","Uresiphita polygonalis","subspecies","COI-5P","United States","Hawaii",,,,,"2011-10-12",658,658,0,0,TRUE,FALSE,TRUE
"BOLD Data Portal","2026-09-23","HI_ARCH","ZYCRL061-11.COI-5P","ZYCRL061-11","2163345",,"399102","Lepidoptera","Crambidae","Udea","Udea psychropa","species","COI-5P","United States","Hawaii",,,,,"2011-10-31",658,656,2,0.00303951367781155,TRUE,TRUE,TRUE
"BOLD Data Portal","2026-09-23","HI_ARCH","ZYCRL062-11.COI-5P","ZYCRL062-11","2163346",,"399102","Lepidoptera","Crambidae","Udea","Udea psychropa","species","COI-5P","United States","Hawaii",,,,,"2011-10-31",658,407,0,0,TRUE,TRUE,FALSE
"BOLD Data Portal","2026-09-23","HI_ARCH","ZYCRL066-11.COI-5P","ZYCRL066-11","2163350",,"399105","Lepidoptera","Crambidae","Udea","Udea despecta","species","COI-5P","United States","Hawaii",,,,,"2011-10-31",658,658,0,0,TRUE,TRUE,TRUE
"BOLD Data Portal","2026-09-23","HI_ARCH","ZYCRL071-11.COI-5P","ZYCRL071-11","2163355",,"399107","Lepidoptera","Crambidae","Udea","Udea calliastra","species","COI-5P","United States","Hawaii",,,,,"2011-10-31",658,658,0,0,TRUE,TRUE,TRUE
"BOLD Data Portal","2026-09-23","HI_ARCH","ZYCRL072-11.COI-5P","ZYCRL072-11","2163356",,"399107","Lepidoptera","Crambidae","Udea","Udea calliastra","species","COI-5P","United States","Hawaii",,,,,"2011-10-31",658,658,0,0,TRUE,TRUE,TRUE
"BOLD Data Portal","2026-09-23","HI_ARCH","ZYCRL073-11.COI-5P","ZYCRL073-11","2163357",,"399108","Lepidoptera","Crambidae","Udea","Udea sp. 5ZYCRL","species","COI-5P","United States","Hawaii",,,,,"2011-10-31",658,307,0,0,TRUE,FALSE,FALSE
"BOLD Data Portal","2026-09-23","HI_ARCH","ZYCRL074-11.COI-5P","ZYCRL074-11","2163358",,"399108","Lepidoptera","Crambidae","Udea","Udea sp. 5ZYCRL","species","COI-5P","United States","Hawaii",,,,,"2011-10-31",658,307,0,0,TRUE,FALSE,FALSE
"BOLD Data Portal","2026-09-23","HI_ARCH","ZYCRL077-11.COI-5P","ZYCRL077-11","2163361",,"399111","Lepidoptera","Crambidae","Udea","Udea nigrescens","species","COI-5P","United States","Hawaii",,,,,"2011-10-31",658,658,0,0,TRUE,TRUE,TRUE
"BOLD Data Portal","2026-09-23","HI_ARCH","ZYCRL080-11.COI-5P","ZYCRL080-11","2163364",,"399112","Lepidoptera","Crambidae","Udea","Udea ennychioides","species","COI-5P","United States","Hawaii",,,,,"2011-10-31",658,307,0,0,TRUE,TRUE,FALSE
"BOLD Data Portal","2026-09-23","HI_ARCH","ZYCRL081-11.COI-5P","ZYCRL081-11","2163365",,"399112","Lepidoptera","Crambidae","Udea","Udea ennychioides","species","COI-5P","United States","Hawaii",,,,,"2011-10-31",658,657,1,0.00151975683890578,TRUE,TRUE,TRUE
"BOLD Data Portal","2026-09-23","HI_ARCH","ZYCRL082-11.COI-5P","ZYCRL082-11","2163366",,"399112","Lepidoptera","Crambidae","Udea","Udea ennychioides","species","COI-5P","United States","Hawaii",,,,,"2011-10-31",658,307,0,0,TRUE,TRUE,FALSE
"BOLD Data Portal","2026-09-23","HI_ARCH","ZYCRL083-11.COI-5P","ZYCRL083-11","2163367",,"399113","Lepidoptera","Crambidae","Udea","Udea argoscelis","species","COI-5P","United States","Hawaii",,,,,"2011-10-31",658,658,0,0,TRUE,TRUE,TRUE
"BOLD Data Portal","2026-09-23","HI_ARCH","ZYCRL084-11.COI-5P","ZYCRL084-11","2163368",,"406947","Lepidoptera","Crambidae","Udea","Udea argoscelis CS","species","COI-5P","United States","Hawaii",,,,,"2011-10-31",658,307,0,0,TRUE,FALSE,FALSE
"BOLD Data Portal","2026-09-23","HI_ARCH","ZYCRL088-11.COI-5P","ZYCRL088-11","2163372",,"399115","Lepidoptera","Crambidae","Udea","Udea sp. 6ZYCRL","species","COI-5P","United States","Hawaii",,,,,"2011-10-31",658,658,0,0,TRUE,FALSE,TRUE
"BOLD Data Portal","2026-09-23","HI_ARCH","ZYCRL089-11.COI-5P","ZYCRL089-11","2163373",,"399115","Lepidoptera","Crambidae","Udea","Udea sp. 6ZYCRL","species","COI-5P","United States","Hawaii",,,,,"2011-10-31",658,307,0,0,TRUE,FALSE,FALSE
"BOLD Data Portal","2026-09-23","HI_ARCH","ZYCRL090-11.COI-5P","ZYCRL090-11","2163374",,"399115","Lepidoptera","Crambidae","Udea","Udea sp. 6ZYCRL","species","COI-5P","United States","Hawaii",,,,,"2011-10-31",658,658,0,0,TRUE,FALSE,TRUE
"BOLD Data Portal","2026-09-23","HI_ARCH","ZYCRL095-11.COI-5P","ZYCRL095-11","2163379",,"399117","Lepidoptera","Crambidae","Udea","Udea stellata","species","COI-5P","United States","Hawaii",,,,,"2011-10-31",658,658,0,0,TRUE,TRUE,TRUE
"BOLD Data Portal","2026-09-23","HI_ARCH","ZYCRL096-11.COI-5P","ZYCRL096-11","2163380",,"399118","Lepidoptera","Crambidae","Udea","Udea liopis","subspecies","COI-5P","United States","Hawaii",,,,,"2011-10-31",658,307,0,0,TRUE,FALSE,FALSE
"BOLD Data Portal","2026-09-23","HI_ARCH","ZYCRL097-11.COI-5P","ZYCRL097-11","2163381",,"399118","Lepidoptera","Crambidae","Udea","Udea liopis","subspecies","COI-5P","United States","Hawaii",,,,,"2011-10-31",658,658,0,0,TRUE,FALSE,TRUE
"BOLD Data Portal","2026-09-23","HI_ARCH","ZYCRL099-11.COI-5P","ZYCRL099-11","2163383",,"399119","Lepidoptera","Crambidae","Udea","Udea swezeyi","species","COI-5P","United States","Hawaii",,,,,"2011-10-31",658,658,0,0,TRUE,TRUE,TRUE
"BOLD Data Portal","2026-09-23","HI_ARCH","ZYCRL100-11.COI-5P","ZYCRL100-11","2163384",,"399119","Lepidoptera","Crambidae","Udea","Udea swezeyi","species","COI-5P","United States","Hawaii",,,,,"2011-10-31",658,307,0,0,TRUE,TRUE,FALSE
"BOLD Data Portal","2026-09-23","HI_ARCH","ZYCRL101-11.COI-5P","ZYCRL101-11","2163385",,"399119","Lepidoptera","Crambidae","Udea","Udea swezeyi","species","COI-5P","United States","Hawaii",,,,,"2011-10-31",658,658,0,0,TRUE,TRUE,TRUE
"BOLD Data Portal","2026-09-23","HI_ARCH","ZYCRL102-11.COI-5P","ZYCRL102-11","2165222",,"399269","Lepidoptera","Crambidae","Udea","Udea helioxantha","species","COI-5P","United States","Hawaii",,,,,"2011-10-11",658,370,0,0,TRUE,TRUE,FALSE
"BOLD Data Portal","2026-09-23","HI_ARCH","ZYCRL104-11.COI-5P","ZYCRL104-11","2165224",,"7518","Lepidoptera","Crambidae","Udea",,"genus","COI-5P","United States","Hawaii",,,,,"2011-10-11",658,361,0,0,TRUE,FALSE,FALSE
"BOLD Data Portal","2026-09-23","MG_COUNTRY","AFROC008-20.COI-5P","AFROC008-20","12510023","MZ563328","1022005","Lepidoptera","Crambidae","Sebrus","Sebrus amandus","species","COI-5P","Madagascar",,,-18.95,48.41667,,"2021-07-13",648,634,14,0.0216049382716049,TRUE,TRUE,FALSE
"BOLD Data Portal","2026-09-23","MG_COUNTRY","BETAM174-17.COI-5P","BETAM174-17","8358237",,"956748","Lepidoptera","Crambidae","Parthenodes","Parthenodes ankasokalis","species","COI-5P","Madagascar","Toamasina",,-18.94789,48.420036,,"2019-08-09",655,655,0,0,TRUE,TRUE,TRUE
"BOLD Data Portal","2026-09-23","MG_COUNTRY","BETAM288-17.COI-5P","BETAM288-17","8358351",,"1157544","Lepidoptera","Crambidae","Cirrhochrista","Cirrhochrista sp. ACS8021","species","COI-5P","Madagascar","Toamasina",,-17.9307,49.203316,,"2019-08-09",654,654,0,0,TRUE,FALSE,TRUE
"BOLD Data Portal","2026-09-23","MG_COUNTRY","BETAM291-17.COI-5P","BETAM291-17","8358354",,"762464","Lepidoptera","Crambidae","Eretmopteryx","Eretmopteryx flabelligera","species","COI-5P","Madagascar","Toamasina",,-17.913918,49.20689,,"2019-08-09",653,653,0,0,TRUE,TRUE,TRUE
"BOLD Data Portal","2026-09-23","MG_COUNTRY","BETAM298-17.COI-5P","BETAM298-17","8358361",,"956811","Lepidoptera","Crambidae","Obtusipalpis","Obtusipalpis rubricostalis","species","COI-5P","Madagascar","Toamasina",,-17.913918,49.20689,,"2019-08-09",654,654,0,0,TRUE,TRUE,TRUE
"BOLD Data Portal","2026-09-23","MG_COUNTRY","BETAM464-17.COI-5P","BETAM464-17","8358527",,"956847","Lepidoptera","Crambidae","Botyodes","Botyodes andrinalis","species","COI-5P","Madagascar","Toamasina",,-17.9307,49.203316,,"2019-08-09",651,651,0,0,TRUE,TRUE,TRUE
"BOLD Data Portal","2026-09-23","MG_COUNTRY","BETAM465-17.COI-5P","BETAM465-17","8358528",,"92744","Lepidoptera","Crambidae","Stemorrhages","Stemorrhages sericea","species","COI-5P","Madagascar","Toamasina",,-18.94789,48.420036,,"2019-08-09",652,652,0,0,TRUE,TRUE,TRUE
"BOLD Data Portal","2026-09-23","MG_COUNTRY","BETAM466-17.COI-5P","BETAM466-17","8358529",,"448473","Lepidoptera","Crambidae","Ghesquierellana","Ghesquierellana hirtusalis","species","COI-5P","Madagascar","Toamasina",,-17.9307,49.203316,,"2019-08-09",641,641,0,0,TRUE,TRUE,TRUE
"BOLD Data Portal","2026-09-23","MG_COUNTRY","BETAM467-17.COI-5P","BETAM467-17","8358530",,"956848","Lepidoptera","Crambidae","Glauconoe","Glauconoe subflavalis","species","COI-5P","Madagascar","Toamasina",,-18.927254,48.414932,,"2019-11-07",605,460,0,0,TRUE,TRUE,FALSE
"BOLD Data Portal","2026-09-23","MG_COUNTRY","BETAM468-17.COI-5P","BETAM468-17","8358531",,"956849","Lepidoptera","Crambidae","Glyphodes","Glyphodes paramicalis","species","COI-5P","Madagascar","Toamasina",,-17.9307,49.203316,,"2019-08-09",641,641,0,0,TRUE,TRUE,TRUE
"BOLD Data Portal","2026-09-23","MG_COUNTRY","BETAM469-17.COI-5P","BETAM469-17","8358532",,"701054","Lepidoptera","Crambidae","Cadarena","Cadarena pudoraria","species","COI-5P","Madagascar","Toamasina",,-17.9307,49.203316,,"2019-08-09",654,654,0,0,TRUE,TRUE,TRUE
"BOLD Data Portal","2026-09-23","MG_COUNTRY","BETAM470-17.COI-5P","BETAM470-17","8358533",,"956850","Lepidoptera","Crambidae","Lamprosema","Lamprosema ochrimarginalis","species","COI-5P","Madagascar","Toamasina",,-17.9307,49.203316,,"2019-08-09",643,643,0,0,TRUE,TRUE,TRUE
"BOLD Data Portal","2026-09-23","MG_COUNTRY","BETAM471-17.COI-5P","BETAM471-17","8358534",,"956851","Lepidoptera","Crambidae","Viettessa","Viettessa bethalis","species","COI-5P","Madagascar","Toamasina",,-17.9307,49.203316,,"2019-08-09",653,653,0,0,TRUE,TRUE,TRUE
"BOLD Data Portal","2026-09-23","MG_COUNTRY","BETAM472-17.COI-5P","BETAM472-17","8358535",,"2669975","Lepidoptera","Crambidae","Alytana","Alytana calligrammalis","species","COI-5P","Madagascar","Toamasina",,-17.9307,49.203316,,"2019-08-09",653,653,0,0,TRUE,TRUE,TRUE
"BOLD Data Portal","2026-09-23","MG_COUNTRY","BETAM473-17.COI-5P","BETAM473-17","8358536",,"956963","Lepidoptera","Crambidae","Syllepte","Syllepte griseolineata","species","COI-5P","Madagascar","Toamasina",,-17.9307,49.203316,,"2019-08-09",654,654,0,0,TRUE,TRUE,TRUE
"BOLD Data Portal","2026-09-23","MG_COUNTRY","BETAM474-17.COI-5P","BETAM474-17","8358537",,"956852","Lepidoptera","Crambidae","Ulopeza","Ulopeza crocifrontalis","species","COI-5P","Madagascar","Toamasina",,-17.9307,49.203316,,"2019-08-09",654,654,0,0,TRUE,TRUE,TRUE
"BOLD Data Portal","2026-09-23","MG_COUNTRY","BETAM481-17.COI-5P","BETAM481-17","8358544",,"956856","Lepidoptera","Crambidae","Filodes","Filodes baltealis","species","COI-5P","Madagascar","Toamasina",,-17.9307,49.203316,,"2019-08-09",653,653,0,0,TRUE,TRUE,TRUE
"BOLD Data Portal","2026-09-23","MG_COUNTRY","BETAM482-17.COI-5P","BETAM482-17","8358545",,"677594","Lepidoptera","Crambidae","Glyphodes","Glyphodes shafferorum","species","COI-5P","Madagascar","Toamasina",,-18.927254,48.414932,,"2019-08-09",654,654,0,0,TRUE,TRUE,TRUE
"BOLD Data Portal","2026-09-23","MG_COUNTRY","BETAM483-17.COI-5P","BETAM483-17","8358546",,"908901","Lepidoptera","Crambidae","Dicepolia",,"genus","COI-5P","Madagascar","Toamasina",,-17.9307,49.2033,,"2019-08-09",656,656,0,0,TRUE,FALSE,TRUE
"BOLD Data Portal","2026-09-23","MG_COUNTRY","BETAM484-17.COI-5P","BETAM484-17","8358547",,"956857","Lepidoptera","Crambidae","Syllepte","Syllepte lanatalis","species","COI-5P","Madagascar","Toamasina",,-17.9307,49.203316,,"2019-08-09",656,656,0,0,TRUE,TRUE,TRUE
"BOLD Data Portal","2026-09-23","MG_COUNTRY","BETAM486-17.COI-5P","BETAM486-17","8358549",,"956859","Lepidoptera","Crambidae","Coptobasoides","Coptobasoides pauliani","species","COI-5P","Madagascar","Toamasina",,-18.927254,48.414932,,"2019-08-09",654,654,0,0,TRUE,TRUE,TRUE
"BOLD Data Portal","2026-09-23","MG_COUNTRY","BETAM487-17.COI-5P","BETAM487-17","8358550",,"956852","Lepidoptera","Crambidae","Ulopeza","Ulopeza crocifrontalis","species","COI-5P","Madagascar","Toamasina",,-17.9307,49.203316,,"2019-08-09",662,662,0,0,TRUE,TRUE,TRUE
"BOLD Data Portal","2026-09-23","MG_COUNTRY","BETAM488-17.COI-5P","BETAM488-17","8358551",,"956860","Lepidoptera","Crambidae","Ulopeza","Ulopeza macilentalis","species","COI-5P","Madagascar","Toamasina",,-18.927254,48.414932,,"2019-08-09",656,656,0,0,TRUE,TRUE,TRUE
"BOLD Data Portal","2026-09-23","MG_COUNTRY","BETAM489-17.COI-5P","BETAM489-17","8358552",,"956862","Lepidoptera","Crambidae","Euphyciodes","Euphyciodes albotessulalis","species","COI-5P","Madagascar","Toamasina",,-17.9307,49.203316,,"2019-08-09",654,654,0,0,TRUE,TRUE,TRUE
"BOLD Data Portal","2026-09-23","MG_COUNTRY","BETAM490-17.COI-5P","BETAM490-17","8358553",,"956863","Lepidoptera","Crambidae","Dichocrocis","Dichocrocis tigridalis","species","COI-5P","Madagascar","Toamasina",,-17.9307,49.203316,,"2019-08-09",654,654,0,0,TRUE,TRUE,TRUE
"BOLD Data Portal","2026-09-23","MG_COUNTRY","BETAM491-17.COI-5P","BETAM491-17","8358554",,"317373","Lepidoptera","Crambidae","Palpita","Palpita vitrealis","species","COI-5P","Madagascar","Toamasina",,-17.9307,49.203316,,"2019-08-09",655,655,0,0,TRUE,TRUE,TRUE
"BOLD Data Portal","2026-09-23","MG_COUNTRY","BETAM492-17.COI-5P","BETAM492-17","8358555",,"317373","Lepidoptera","Crambidae","Palpita","Palpita vitrealis","species","COI-5P","Madagascar","Toamasina",,-18.927254,48.414932,,"2019-08-09",653,653,0,0,TRUE,TRUE,TRUE
"BOLD Data Portal","2026-09-23","MG_COUNTRY","BETAM493-17.COI-5P","BETAM493-17","8358556",,"224877","Lepidoptera","Crambidae","Uresiphita","Uresiphita gilvata","species","COI-5P","Madagascar","Toamasina",,-17.9307,49.203316,,"2019-08-09",654,654,0,0,TRUE,TRUE,TRUE
"BOLD Data Portal","2026-09-23","MG_COUNTRY","BETAM494-17.COI-5P","BETAM494-17","8358557",,"55505","Lepidoptera","Crambidae","Diaphania","Diaphania indica","species","COI-5P","Madagascar","Toamasina",,-18.94789,48.420036,,"2019-08-09",653,653,0,0,TRUE,TRUE,TRUE
"BOLD Data Portal","2026-09-23","MG_COUNTRY","BETAM495-17.COI-5P","BETAM495-17","8358558",,"956965","Lepidoptera","Crambidae","Agrioglypta","Agrioglypta toulgoetalis","species","COI-5P","Madagascar","Toamasina",,-17.913918,49.20689,,"2019-08-09",655,655,0,0,TRUE,TRUE,TRUE
"BOLD Data Portal","2026-09-23","MG_COUNTRY","BETAM498-17.COI-5P","BETAM498-17","8358561",,"20423","Lepidoptera","Crambidae","Maruca","Maruca vitrata","species","COI-5P","Madagascar","Toamasina",,-17.9307,49.203316,,"2019-08-09",655,655,0,0,TRUE,TRUE,TRUE
"BOLD Data Portal","2026-09-23","MG_COUNTRY","BETAM499-17.COI-5P","BETAM499-17","8358562",,"2143","Lepidoptera","Crambidae",,,"subfamily","COI-5P","Madagascar","Toamasina",,-17.9307,49.203316,,"2019-08-09",654,654,0,0,TRUE,FALSE,TRUE
"BOLD Data Portal","2026-09-23","MG_COUNTRY","BETAM500-17.COI-5P","BETAM500-17","8358563",,"7498","Lepidoptera","Crambidae","Herpetogramma",,"genus","COI-5P","Madagascar","Toamasina",,-17.9307,49.203316,,"2019-08-09",653,653,0,0,TRUE,FALSE,TRUE
"BOLD Data Portal","2026-09-23","MG_COUNTRY","BETAM501-17.COI-5P","BETAM501-17","8358564",,"285814","Lepidoptera","Crambidae","Synclera","Synclera traducalis","species","COI-5P","Madagascar","Toamasina",,-18.927254,48.414932,,"2019-08-09",654,654,0,0,TRUE,TRUE,TRUE
"BOLD Data Portal","2026-09-23","MG_COUNTRY","BETAM502-17.COI-5P","BETAM502-17","8358565",,"956865","Lepidoptera","Crambidae","Agrotera","Agrotera atalis","species","COI-5P","Madagascar","Toamasina",,-18.927254,48.414932,,"2019-08-09",654,654,0,0,TRUE,TRUE,TRUE
"BOLD Data Portal","2026-09-23","MG_COUNTRY","BETAM503-17.COI-5P","BETAM503-17","8358566",,"7498","Lepidoptera","Crambidae","Herpetogramma",,"genus","COI-5P","Madagascar","Toamasina",,-17.9307,49.203316,,"2019-08-09",654,654,0,0,TRUE,FALSE,TRUE
"BOLD Data Portal","2026-09-23","MG_COUNTRY","BETAM504-17.COI-5P","BETAM504-17","8358567",,"20427","Lepidoptera","Crambidae","Spoladea","Spoladea recurvalis","species","COI-5P","Madagascar","Toamasina",,-17.9307,49.203316,,"2019-08-09",654,654,0,0,TRUE,TRUE,TRUE
"BOLD Data Portal","2026-09-23","MG_COUNTRY","BETAM505-17.COI-5P","BETAM505-17","8358568",,"7455","Lepidoptera","Crambidae","Syllepte",,"genus","COI-5P","Madagascar","Toamasina",,-17.9307,49.203316,,"2019-08-09",654,654,0,0,TRUE,FALSE,TRUE
"BOLD Data Portal","2026-09-23","MG_COUNTRY","BETAM506-17.COI-5P","BETAM506-17","8358569",,"64615","Lepidoptera","Crambidae","Notarcha","Notarcha quaternalis","species","COI-5P","Madagascar","Toamasina",,-17.9307,49.203316,,"2019-08-09",652,652,0,0,TRUE,TRUE,TRUE
"BOLD Data Portal","2026-09-23","MG_COUNTRY","BETAM508-17.COI-5P","BETAM508-17","8358571",,"7498","Lepidoptera","Crambidae","Herpetogramma",,"genus","COI-5P","Madagascar","Toamasina",,-17.913918,49.20689,,"2019-08-09",654,654,0,0,TRUE,FALSE,TRUE
"BOLD Data Portal","2026-09-23","MG_COUNTRY","BETAM509-17.COI-5P","BETAM509-17","8358572",,"956969","Lepidoptera","Crambidae","Omiodes","Omiodes rakotalis","species","COI-5P","Madagascar","Toamasina",,-17.9307,49.203316,,"2019-08-09",654,654,0,0,TRUE,TRUE,TRUE
"BOLD Data Portal","2026-09-23","MG_COUNTRY","BETAM510-17.COI-5P","BETAM510-17","8358573",,"50550","Lepidoptera","Crambidae","Sameodes","Sameodes cancellalis","species","COI-5P","Madagascar","Toamasina",,-17.9307,49.203316,,"2019-08-09",654,654,0,0,TRUE,TRUE,TRUE
"BOLD Data Portal","2026-09-23","MG_COUNTRY","BETAM511-17.COI-5P","BETAM511-17","8358574",,"956970","Lepidoptera","Crambidae","Bocchoris","Bocchoris gallienalis","species","COI-5P","Madagascar","Toamasina",,-17.913918,49.20689,,"2019-08-09",656,656,0,0,TRUE,TRUE,TRUE
"BOLD Data Portal","2026-09-23","MG_COUNTRY","BETAM512-17.COI-5P","BETAM512-17","8358575",,"235166","Lepidoptera","Crambidae","Isocentris","Isocentris filalis","species","COI-5P","Madagascar","Toamasina",,-17.9307,49.203316,,"2019-08-09",655,655,0,0,TRUE,TRUE,TRUE
"BOLD Data Portal","2026-09-23","MG_COUNTRY","BETAM513-17.COI-5P","BETAM513-17","8358576",,"92780","Lepidoptera","Crambidae","Clupeosoma",,"genus","COI-5P","Madagascar","Toamasina",,-17.9307,49.2033,,"2019-08-09",654,654,0,0,TRUE,FALSE,TRUE
"BOLD Data Portal","2026-09-23","MG_COUNTRY","BETAM514-17.COI-5P","BETAM514-17","8358577",,"24760","Lepidoptera","Crambidae",,,"family","COI-5P","Madagascar","Toamasina",,-17.9307,49.203316,,"2019-08-09",656,656,0,0,TRUE,FALSE,TRUE
"BOLD Data Portal","2026-09-23","MG_COUNTRY","BETAM515-17.COI-5P","BETAM515-17","8358578",,"956973","Lepidoptera","Crambidae","Thliptoceras","Thliptoceras longicornalis","species","COI-5P","Madagascar","Toamasina",,-17.9307,49.203316,,"2019-08-09",655,655,0,0,TRUE,TRUE,TRUE
"BOLD Data Portal","2026-09-23","MG_COUNTRY","BETAM516-17.COI-5P","BETAM516-17","8358579",,"163273","Lepidoptera","Crambidae","Bocchoris","Bocchoris inspersalis","species","COI-5P","Madagascar","Toamasina",,-17.9307,49.203316,,"2019-08-09",653,653,0,0,TRUE,TRUE,TRUE
"BOLD Data Portal","2026-09-23","MG_COUNTRY","BETAM517-17.COI-5P","BETAM517-17","8358580",,"20482","Lepidoptera","Crambidae","Cnaphalocrocis","Cnaphalocrocis poeyalis","species","COI-5P","Madagascar","Toamasina",,-18.927254,48.414932,,"2019-08-09",654,654,0,0,TRUE,TRUE,TRUE
"BOLD Data Portal","2026-09-23","MG_COUNTRY","BETAM518-17.COI-5P","BETAM518-17","8358581",,"956974","Lepidoptera","Crambidae","Glyphodella","Glyphodella vadonalis","species","COI-5P","Madagascar","Toamasina",,-17.9307,49.203316,,"2019-08-09",654,654,0,0,TRUE,TRUE,TRUE
"BOLD Data Portal","2026-09-23","MG_COUNTRY","BETAM519-17.COI-5P","BETAM519-17","8358582",,"957459","Lepidoptera","Crambidae","Orphanostigma","Orphanostigma haemorrhoidalis","species","COI-5P","Madagascar","Toamasina",,-17.9307,49.203316,,"2019-08-09",655,655,0,0,TRUE,TRUE,TRUE
"BOLD Data Portal","2026-09-23","MG_COUNTRY","BETAM520-17.COI-5P","BETAM520-17","8358583",,"956975","Lepidoptera","Crambidae","Lygropia","Lygropia leucophanalis","species","COI-5P","Madagascar","Toamasina",,-17.9307,49.203316,,"2019-08-09",655,655,0,0,TRUE,TRUE,TRUE
"BOLD Data Portal","2026-09-23","MG_COUNTRY","BETAM523-17.COI-5P","BETAM523-17","8358586",,"956976","Lepidoptera","Crambidae","Cnaphalocrocis","Cnaphalocrocis trebiusalis","species","COI-5P","Madagascar","Toamasina",,-17.9307,49.203316,,"2019-08-09",656,656,0,0,TRUE,TRUE,TRUE
"BOLD Data Portal","2026-09-23","MG_COUNTRY","BETAM524-17.COI-5P","BETAM524-17","8358587",,"956977","Lepidoptera","Crambidae","Placosaris","Placosaris labordalis","species","COI-5P","Madagascar","Toamasina",,-17.9307,49.203316,,"2019-08-09",654,654,0,0,TRUE,TRUE,TRUE
"BOLD Data Portal","2026-09-23","MG_COUNTRY","BETAM525-17.COI-5P","BETAM525-17","8358588",,"2143","Lepidoptera","Crambidae",,,"subfamily","COI-5P","Madagascar","Toamasina",,-17.9307,49.203316,,"2019-08-09",654,654,0,0,TRUE,FALSE,TRUE
"BOLD Data Portal","2026-09-23","MG_COUNTRY","BETAM526-17.COI-5P","BETAM526-17","8358589",,"7542","Lepidoptera","Crambidae","Cnaphalocrocis",,"genus","COI-5P","Madagascar","Toamasina",,-18.94789,48.420036,,"2019-08-09",654,654,0,0,TRUE,FALSE,TRUE
"BOLD Data Portal","2026-09-23","MG_COUNTRY","BETAM527-17.COI-5P","BETAM527-17","8358590",,"77051","Lepidoptera","Crambidae","Nymphicula",,"genus","COI-5P","Madagascar","Toamasina",,-18.927254,48.414932,,"2019-08-09",655,655,0,0,TRUE,FALSE,TRUE
"BOLD Data Portal","2026-09-23","MG_COUNTRY","BETAM528-17.COI-5P","BETAM528-17","8358591",,"956978","Lepidoptera","Crambidae","Ambia","Ambia nosivalis","species","COI-5P","Madagascar","Toamasina",,-17.9307,49.203316,,"2019-08-09",655,655,0,0,TRUE,TRUE,TRUE
"BOLD Data Portal","2026-09-23","MG_COUNTRY","BETAM529-17.COI-5P","BETAM529-17","8358592",,"50548","Lepidoptera","Crambidae","Metoeca","Metoeca foedalis","species","COI-5P","Madagascar","Toamasina",,-17.913918,49.20689,,"2019-08-09",654,654,0,0,TRUE,TRUE,TRUE
"BOLD Data Portal","2026-09-23","MG_COUNTRY","BETAM532-17.COI-5P","BETAM532-17","8358595",,"908901","Lepidoptera","Crambidae","Dicepolia",,"genus","COI-5P","Madagascar","Toamasina",,-17.9307,49.2033,,"2019-08-09",656,656,0,0,TRUE,FALSE,TRUE
"BOLD Data Portal","2026-09-23","MG_COUNTRY","BETAM534-17.COI-5P","BETAM534-17","8358597",,"908901","Lepidoptera","Crambidae","Dicepolia",,"genus","COI-5P","Madagascar","Toamasina",,-17.9307,49.2033,,"2019-08-09",654,654,0,0,TRUE,FALSE,TRUE
"BOLD Data Portal","2026-09-23","MG_COUNTRY","BETAM544-17.COI-5P","BETAM544-17","8358607",,"956981","Lepidoptera","Crambidae","Obtusipalpis","Obtusipalpis brunneata","species","COI-5P","Madagascar","Toamasina",,-18.94789,48.420036,,"2019-08-09",654,654,0,0,TRUE,TRUE,TRUE
"BOLD Data Portal","2026-09-23","MG_COUNTRY","BETAM545-17.COI-5P","BETAM545-17","8358608",,"187564","Lepidoptera","Crambidae","Parapoynx","Parapoynx fluctuosalis","species","COI-5P","Madagascar","Toamasina",,-17.9307,49.203316,,"2019-08-09",652,652,0,0,TRUE,TRUE,TRUE
"BOLD Data Portal","2026-09-23","MG_COUNTRY","BETAM546-17.COI-5P","BETAM546-17","8358609",,"466755","Lepidoptera","Crambidae","Angustalius","Angustalius malacellus","species","COI-5P","Madagascar","Toamasina",,-17.9307,49.203316,,"2019-08-09",655,655,0,0,TRUE,TRUE,TRUE
"BOLD Data Portal","2026-09-23","MG_COUNTRY","BETAM564-17.COI-5P","BETAM564-17","8358627",,"24760","Lepidoptera","Crambidae",,,"family","COI-5P","Madagascar","Toamasina",,-17.9307,49.203316,,"2019-08-09",654,654,0,0,TRUE,FALSE,TRUE
"BOLD Data Portal","2026-09-23","MG_COUNTRY","BETAM590-17.COI-5P","BETAM590-17","8358653",,"963352","Lepidoptera","Crambidae","Dicepolia","Dicepolia marionalis","species","COI-5P","Madagascar","Toamasina",,-17.913918,49.20689,,"2019-08-09",654,654,0,0,TRUE,TRUE,TRUE
"BOLD Data Portal","2026-09-23","MG_COUNTRY","BETAM735-17.COI-5P","BETAM735-17","8358798",,"956897","Lepidoptera","Crambidae","Euclasta","Euclasta whalleyi","species","COI-5P","Madagascar","Toamasina",,-18.94789,48.420036,,"2019-08-09",654,654,0,0,TRUE,TRUE,TRUE
"BOLD Data Portal","2026-09-23","MG_COUNTRY","BETAM736-17.COI-5P","BETAM736-17","8358799",,"963360","Lepidoptera","Crambidae","Pilocrocis","Pilocrocis rectilinealis","species","COI-5P","Madagascar","Toamasina",,-18.94789,48.420036,,"2019-08-09",655,655,0,0,TRUE,TRUE,TRUE
"BOLD Data Portal","2026-09-23","MG_COUNTRY","BETAM737-17.COI-5P","BETAM737-17","8358800",,"273306","Lepidoptera","Crambidae","Patania",,"genus","COI-5P","Madagascar","Toamasina",,-18.94789,48.420036,,"2019-08-09",655,655,0,0,TRUE,FALSE,TRUE
"BOLD Data Portal","2026-09-23","MG_COUNTRY","BETAM738-17.COI-5P","BETAM738-17","8358801",,"956985","Lepidoptera","Crambidae","Coptobasoides","Coptobasoides ochrocristalis","species","COI-5P","Madagascar","Toamasina",,-17.913918,49.20689,,"2019-08-09",654,654,0,0,TRUE,TRUE,TRUE
"BOLD Data Portal","2026-09-23","MG_COUNTRY","BETAM739-17.COI-5P","BETAM739-17","8358802",,"50543","Lepidoptera","Crambidae","Dichocrocis",,"genus","COI-5P","Madagascar","Toamasina",,-18.94789,48.420036,,"2019-08-09",656,656,0,0,TRUE,FALSE,TRUE
"BOLD Data Portal","2026-09-23","MG_COUNTRY","BETAM741-17.COI-5P","BETAM741-17","8358804",,"956986","Lepidoptera","Crambidae","Polythlipta","Polythlipta annulifera","species","COI-5P","Madagascar","Toamasina",,-17.913918,49.20689,,"2019-08-09",654,654,0,0,TRUE,TRUE,TRUE
"BOLD Data Portal","2026-09-23","MG_COUNTRY","BETAM743-17.COI-5P","BETAM743-17","8358806",,"956987","Lepidoptera","Crambidae","Zagiridia",,"genus","COI-5P","Madagascar","Toamasina",,-17.913918,49.20689,,"2019-08-09",655,655,0,0,TRUE,FALSE,TRUE
"BOLD Data Portal","2026-09-23","MG_COUNTRY","BETAM744-17.COI-5P","BETAM744-17","8358807",,"762464","Lepidoptera","Crambidae","Eretmopteryx","Eretmopteryx flabelligera","species","COI-5P","Madagascar","Toamasina",,-17.913918,49.20689,,"2019-08-09",655,655,0,0,TRUE,TRUE,TRUE
"BOLD Data Portal","2026-09-23","MG_COUNTRY","BETAM745-17.COI-5P","BETAM745-17","8358808",,"956811","Lepidoptera","Crambidae","Obtusipalpis","Obtusipalpis rubricostalis","species","COI-5P","Madagascar","Toamasina",,-17.913918,49.20689,,"2019-08-09",653,653,0,0,TRUE,TRUE,TRUE
"BOLD Data Portal","2026-09-23","MG_COUNTRY","BETAM749-17.COI-5P","BETAM749-17","8358812",,"956898","Lepidoptera","Crambidae","Dichocrocis","Dichocrocis catalalis","species","COI-5P","Madagascar","Toamasina",,-17.9307,49.203316,,"2019-08-09",656,656,0,0,TRUE,TRUE,TRUE
"BOLD Data Portal","2026-09-23","MG_COUNTRY","BETAM751-17.COI-5P","BETAM751-17","8358814",,"956989","Lepidoptera","Crambidae","Dicepolia","Dicepolia rufeolalis","species","COI-5P","Madagascar","Toamasina",,-17.9307,49.203316,,"2019-08-09",657,657,0,0,TRUE,TRUE,TRUE
"BOLD Data Portal","2026-09-23","MG_COUNTRY","BETAM752-17.COI-5P","BETAM752-17","8358815",,"20152","Lepidoptera","Crambidae","Herpetogramma","Herpetogramma licarsisalis","species","COI-5P","Madagascar","Toamasina",,-18.94789,48.420036,,"2019-08-09",658,658,0,0,TRUE,TRUE,TRUE
"BOLD Data Portal","2026-09-23","MG_COUNTRY","BETAM753-17.COI-5P","BETAM753-17","8358816",,"20415","Lepidoptera","Crambidae","Hymenia","Hymenia perspectalis","species","COI-5P","Madagascar","Toamasina",,-18.94789,48.420036,,"2019-08-09",655,655,0,0,TRUE,TRUE,TRUE
"BOLD Data Portal","2026-09-23","MG_COUNTRY","BETAM754-17.COI-5P","BETAM754-17","8358817",,"7436","Lepidoptera","Crambidae","Glyphodes",,"genus","COI-5P","Madagascar","Toamasina",,-17.9307,49.203316,,"2019-08-09",657,657,0,0,TRUE,FALSE,TRUE
"BOLD Data Portal","2026-09-23","MG_COUNTRY","BETAM757-17.COI-5P","BETAM757-17","8358820",,"280499","Lepidoptera","Crambidae","Agrotera","Agrotera citrina","species","COI-5P","Madagascar","Toamasina",,-17.9307,49.203316,,"2019-08-09",656,656,0,0,TRUE,TRUE,TRUE
"BOLD Data Portal","2026-09-23","MG_COUNTRY","BETAM766-17.COI-5P","BETAM766-17","8358829",,"957768","Lepidoptera","Crambidae","Culladia","Culladia achroellum","species","COI-5P","Madagascar","Toamasina",,-18.9273,48.4149,,"2019-11-07",605,605,0,0,TRUE,TRUE,TRUE
"BOLD Data Portal","2026-09-23","MG_COUNTRY","BETAM787-17.COI-5P","BETAM787-17","8358850",,"956902","Lepidoptera","Crambidae","Syllepte","Syllepte sarronalis","species","COI-5P","Madagascar","Toamasina",,-17.913918,49.20689,,"2019-08-09",652,652,0,0,TRUE,TRUE,TRUE
"BOLD Data Portal","2026-09-23","MG_COUNTRY","BETAM788-17.COI-5P","BETAM788-17","8358851",,"273306","Lepidoptera","Crambidae","Patania",,"genus","COI-5P","Madagascar","Toamasina",,-17.9307,49.203316,,"2019-08-09",652,652,0,0,TRUE,FALSE,TRUE
"BOLD Data Portal","2026-09-23","MG_COUNTRY","BETAM789-17.COI-5P","BETAM789-17","8358852",,"182192","Lepidoptera","Crambidae","Hendecasis",,"genus","COI-5P","Madagascar","Toamasina",,-17.913918,49.20689,,"2019-08-09",640,640,0,0,TRUE,FALSE,TRUE
"BOLD Data Portal","2026-09-23","MG_COUNTRY","BETAM791-17.COI-5P","BETAM791-17","8358854",,"187564","Lepidoptera","Crambidae","Parapoynx","Parapoynx fluctuosalis","species","COI-5P","Madagascar","Toamasina",,-17.9307,49.203316,,"2019-08-09",653,653,0,0,TRUE,TRUE,TRUE
"BOLD Data Portal","2026-09-23","MG_COUNTRY","BETAM794-17.COI-5P","BETAM794-17","8358857",,"956994","Lepidoptera","Crambidae","Syllepte","Syllepte pauperalis","species","COI-5P","Madagascar","Toamasina",,-17.913918,49.20689,,"2019-08-09",653,653,0,0,TRUE,TRUE,TRUE
"BOLD Data Portal","2026-09-23","MG_COUNTRY","BETAM795-17.COI-5P","BETAM795-17","8358858",,"956995","Lepidoptera","Crambidae","Syllepte","Syllepte kenrickalis","species","COI-5P","Madagascar","Toamasina",,-17.913918,49.20689,,"2019-08-09",647,647,0,0,TRUE,TRUE,TRUE
"BOLD Data Portal","2026-09-23","MG_COUNTRY","BETAM796-17.COI-5P","BETAM796-17","8358859",,"24760","Lepidoptera","Crambidae",,,"family","COI-5P","Madagascar","Toamasina",,-17.913918,49.20689,,"2019-08-09",653,653,0,0,TRUE,FALSE,TRUE
"BOLD Data Portal","2026-09-23","MG_COUNTRY","BETAM799-17.COI-5P","BETAM799-17","8358862",,"24760","Lepidoptera","Crambidae",,,"family","COI-5P","Madagascar","Toamasina",,-17.913918,49.20689,,"2019-08-09",654,654,0,0,TRUE,FALSE,TRUE
"BOLD Data Portal","2026-09-23","MG_COUNTRY","BETAM800-17.COI-5P","BETAM800-17","8358863",,"956970","Lepidoptera","Crambidae","Bocchoris","Bocchoris gallienalis","species","COI-5P","Madagascar","Toamasina",,-17.913918,49.20689,,"2019-08-09",643,643,0,0,TRUE,TRUE,TRUE
"BOLD Data Portal","2026-09-23","MG_COUNTRY","BETAM801-17.COI-5P","BETAM801-17","8358864",,"77051","Lepidoptera","Crambidae","Nymphicula",,"genus","COI-5P","Madagascar","Toamasina",,-18.94789,48.420036,,"2019-08-09",653,653,0,0,TRUE,FALSE,TRUE
"BOLD Data Portal","2026-09-23","MG_COUNTRY","BETAM803-17.COI-5P","BETAM803-17","8358866",,"180367","Lepidoptera","Crambidae","Thliptoceras",,"genus","COI-5P","Madagascar","Toamasina",,-17.913918,49.20689,,"2019-08-09",655,655,0,0,TRUE,FALSE,TRUE
"BOLD Data Portal","2026-09-23","MG_COUNTRY","BETAM804-17.COI-5P","BETAM804-17","8358867",,"956996","Lepidoptera","Crambidae","Cirrhochrista","Cirrhochrista metisalis","species","COI-5P","Madagascar","Toamasina",,-17.913918,49.20689,,"2019-08-09",653,653,0,0,TRUE,TRUE,TRUE
"BOLD Data Portal","2026-09-23","MG_COUNTRY","BETAM806-17.COI-5P","BETAM806-17","8358869",,"182192","Lepidoptera","Crambidae","Hendecasis",,"genus","COI-5P","Madagascar","Toamasina",,-17.9307,49.203316,,"2019-08-09",640,640,0,0,TRUE,FALSE,TRUE
"BOLD Data Portal","2026-09-23","MG_COUNTRY","BETAM807-17.COI-5P","BETAM807-17","8358870",,"24760","Lepidoptera","Crambidae",,,"family","COI-5P","Madagascar","Toamasina",,-17.9307,49.203316,,"2019-08-09",653,653,0,0,TRUE,FALSE,TRUE
"BOLD Data Portal","2026-09-23","MG_COUNTRY","BETAM808-17.COI-5P","BETAM808-17","8358871",,"180367","Lepidoptera","Crambidae","Thliptoceras",,"genus","COI-5P","Madagascar","Toamasina",,-17.913918,49.20689,,"2019-08-09",654,654,0,0,TRUE,FALSE,TRUE
"BOLD Data Portal","2026-09-23","MG_COUNTRY","BETAM810-17.COI-5P","BETAM810-17","8358873",,"957768","Lepidoptera","Crambidae","Culladia","Culladia achroellum","species","COI-5P","Madagascar","Toamasina",,-18.9479,48.42,,"2019-08-09",653,653,0,0,TRUE,TRUE,TRUE
"BOLD Data Portal","2026-09-23","MG_COUNTRY","BETAM898-17.COI-5P","BETAM898-17","8358961",,"1989","Lepidoptera","Crambidae",,,"subfamily","COI-5P","Madagascar","Toamasina",,-17.9307,49.203316,,"2019-08-09",657,657,0,0,TRUE,FALSE,TRUE
"BOLD Data Portal","2026-09-23","MG_COUNTRY","BETAM916-17.COI-5P","BETAM916-17","8358979",,"187564","Lepidoptera","Crambidae","Parapoynx","Parapoynx fluctuosalis","species","COI-5P","Madagascar","Toamasina",,-17.913918,49.20689,,"2019-08-09",657,657,0,0,TRUE,TRUE,TRUE
"BOLD Data Portal","2026-09-23","MG_COUNTRY","BETAM920-17.COI-5P","BETAM920-17","8358983",,"956748","Lepidoptera","Crambidae","Parthenodes","Parthenodes ankasokalis","species","COI-5P","Madagascar","Toamasina",,-18.927254,48.414932,,"2019-08-09",656,656,0,0,TRUE,TRUE,TRUE
"BOLD Data Portal","2026-09-23","MG_COUNTRY","CWLMA255-15.COI-5P","CWLMA255-15","6412335","MH416333","317402","Lepidoptera","Crambidae","Aethaloessa",,"genus","COI-5P","Madagascar","Antsiranana",,-13.379,48.224,,"2015-10-22",658,658,0,0,TRUE,FALSE,TRUE
"BOLD Data Portal","2026-09-23","MG_COUNTRY","DAL171-12.COI-5P","DAL171-12","2846200",,"92742","Lepidoptera","Crambidae","Parotis","Parotis prasinalis","species","COI-5P","Madagascar","Fianarantsoa",,-21.289,47.404,,"2012-11-14",658,658,0,0,TRUE,TRUE,TRUE
"BOLD Data Portal","2026-09-23","MG_COUNTRY","DAL172-12.COI-5P","DAL172-12","2846201",,"92742","Lepidoptera","Crambidae","Parotis","Parotis prasinalis","species","COI-5P","Madagascar","Toliara",,-12.38,49.11,"Google Earth","2012-11-14",658,307,0,0,TRUE,TRUE,FALSE
"BOLD Data Portal","2026-09-23","MG_COUNTRY","DAL173-12.COI-5P","DAL173-12","2846202",,"92742","Lepidoptera","Crambidae","Parotis","Parotis prasinalis","species","COI-5P","Madagascar","Toliara",,-12.38,49.11,"Google Earth","2012-11-14",658,658,0,0,TRUE,TRUE,TRUE
"BOLD Data Portal","2026-09-23","MG_COUNTRY","EPNG10202-17.COI-5P","EPNG10202-17","8365931",,"77165","Lepidoptera","Crambidae","Palpita","Palpita sp.","species","COI-5P","Madagascar","Fianarantsoa",,-21.289,47.404,,"2018-01-26",658,658,0,0,TRUE,FALSE,TRUE
"BOLD Data Portal","2026-09-23","MG_COUNTRY","EPNG10203-17.COI-5P","EPNG10203-17","8365932",,"64644","Lepidoptera","Crambidae","Palpita","Palpita unionalis","species","COI-5P","Madagascar","Fianarantsoa",,-21.289,47.404,,"2018-01-26",658,658,0,0,TRUE,TRUE,TRUE
"BOLD Data Portal","2026-09-23","MG_COUNTRY","EPNG8692-14.COI-5P","EPNG8692-14","4785877",,"448122","Lepidoptera","Crambidae","Ulopeza",,"genus","COI-5P","Madagascar","Fianarantsoa",,-21.289,47.404,,"2014-09-16",658,658,0,0,TRUE,FALSE,TRUE
"BOLD Data Portal","2026-09-23","MG_COUNTRY","EPNG8693-14.COI-5P","EPNG8693-14","4785878",,"448122","Lepidoptera","Crambidae","Ulopeza",,"genus","COI-5P","Madagascar","Fianarantsoa",,-21.289,47.404,,"2014-09-16",658,658,0,0,TRUE,FALSE,TRUE
"BOLD Data Portal","2026-09-23","MG_COUNTRY","GBGL41922-19.COI-5P","GBGL41922-19","9782301","MG947367","24760","Lepidoptera","Crambidae",,,"family","COI-5P","Madagascar",,,-15.4972,49.7626,,"2019-02-07",685,685,0,0,TRUE,FALSE,TRUE
"BOLD Data Portal","2026-09-23","MG_COUNTRY","GBGL41923-19.COI-5P","GBGL41923-19","9782302","MG947370","24760","Lepidoptera","Crambidae",,,"family","COI-5P","Madagascar",,,-15.4972,49.7626,,"2019-02-07",678,678,0,0,TRUE,FALSE,TRUE
"BOLD Data Portal","2026-09-23","MG_COUNTRY","GMMDA545-15.COI-5P","GMMDA545-15","5381352","MH418145","102533","Lepidoptera","Crambidae","Glaucocharis",,"genus","COI-5P","Madagascar","Toamasina","Andasibe-Mantadia National Park",-18.9457,48.4196,"GPS","2015-02-09",627,564,0,0,TRUE,FALSE,TRUE
"BOLD Data Portal","2026-09-23","MG_COUNTRY","GMMDB962-15.COI-5P","GMMDB962-15","5395682","MH417503","102533","Lepidoptera","Crambidae","Glaucocharis",,"genus","COI-5P","Madagascar","Toamasina","Andasibe-Mantadia National Park",-18.9484,48.4256,"GPS","2015-02-09",627,564,0,0,TRUE,FALSE,TRUE
"BOLD Data Portal","2026-09-23","MG_COUNTRY","GMMDC140-15.COI-5P","GMMDC140-15","5422373","MH418248","2143","Lepidoptera","Crambidae",,,"subfamily","COI-5P","Madagascar","Toamasina","Andasibe-Mantadia National Park",-18.9484,48.4256,"GPS","2015-04-16",641,557,4,0.0071301247771836,TRUE,FALSE,TRUE
"BOLD Data Portal","2026-09-23","MG_COUNTRY","GMMDC2137-15.COI-5P","GMMDC2137-15","5424370","MH416108","24760","Lepidoptera","Crambidae",,,"family","COI-5P","Madagascar","Toamasina","Andasibe-Mantadia National Park",-18.9484,48.4256,"GPS","2015-02-18",636,633,0,0,TRUE,FALSE,TRUE
"BOLD Data Portal","2026-09-23","MG_COUNTRY","GMMDC2269-15.COI-5P","GMMDC2269-15","5424502","MH417662","7498","Lepidoptera","Crambidae","Herpetogramma",,"genus","COI-5P","Madagascar","Toamasina","Andasibe-Mantadia National Park",-18.9484,48.4256,"GPS","2015-02-18",636,588,0,0,TRUE,FALSE,TRUE
"BOLD Data Portal","2026-09-23","MG_COUNTRY","GMMDC2281-15.COI-5P","GMMDC2281-15","5424514","MH416665","102533","Lepidoptera","Crambidae","Glaucocharis",,"genus","COI-5P","Madagascar","Toamasina","Andasibe-Mantadia National Park",-18.9484,48.4256,"GPS","2015-02-18",636,561,0,0,TRUE,FALSE,TRUE
"BOLD Data Portal","2026-09-23","MG_COUNTRY","GMMDC2451-15.COI-5P","GMMDC2451-15","5424684","MH416424","24760","Lepidoptera","Crambidae",,,"family","COI-5P","Madagascar","Toamasina","Andasibe-Mantadia National Park",-18.9484,48.4256,"GPS","2015-04-16",641,610,0,0,TRUE,FALSE,TRUE
"BOLD Data Portal","2026-09-23","MG_COUNTRY","GMMDC2459-15.COI-5P","GMMDC2459-15","5424692","MH417289","2143","Lepidoptera","Crambidae",,,"subfamily","COI-5P","Madagascar","Toamasina","Andasibe-Mantadia National Park",-18.9484,48.4256,"GPS","2015-04-07",627,591,0,0,TRUE,FALSE,TRUE
"BOLD Data Portal","2026-09-23","MG_COUNTRY","GMMDD123-15.COI-5P","GMMDD123-15","5445157","MH416481","7542","Lepidoptera","Crambidae","Cnaphalocrocis",,"genus","COI-5P","Madagascar","Toamasina","Andasibe-Mantadia National Park",-18.9484,48.4256,"GPS","2015-04-07",627,579,0,0,TRUE,FALSE,TRUE
"BOLD Data Portal","2026-09-23","MG_COUNTRY","GMMDD124-15.COI-5P","GMMDD124-15","5445158","MH417614","7498","Lepidoptera","Crambidae","Herpetogramma",,"genus","COI-5P","Madagascar","Toamasina","Andasibe-Mantadia National Park",-18.9484,48.4256,"GPS","2015-04-07",627,564,0,0,TRUE,FALSE,TRUE
"BOLD Data Portal","2026-09-23","MG_COUNTRY","GMMDD129-15.COI-5P","GMMDD129-15","5445163","MH417654","7542","Lepidoptera","Crambidae","Cnaphalocrocis",,"genus","COI-5P","Madagascar","Toamasina","Andasibe-Mantadia National Park",-18.9484,48.4256,"GPS","2015-04-07",627,564,0,0,TRUE,FALSE,TRUE
"BOLD Data Portal","2026-09-23","MG_COUNTRY","GMMDE058-15.COI-5P","GMMDE058-15","5467705","MH415634","2143","Lepidoptera","Crambidae",,,"subfamily","COI-5P","Madagascar","Toamasina","Andasibe-Mantadia National Park",-18.9484,48.4256,"GPS","2015-04-07",627,588,0,0,TRUE,FALSE,TRUE
"BOLD Data Portal","2026-09-23","MG_COUNTRY","GMMDF014-15.COI-5P","GMMDF014-15","5482048","MH415524","7498","Lepidoptera","Crambidae","Herpetogramma",,"genus","COI-5P","Madagascar","Toamasina","Andasibe-Mantadia National Park",-18.9484,48.4256,"GPS","2015-04-07",627,589,0,0,TRUE,FALSE,TRUE
"BOLD Data Portal","2026-09-23","MG_COUNTRY","GMMDF022-15.COI-5P","GMMDF022-15","5482056","MH417552","70753","Lepidoptera","Crambidae",,,"subfamily","COI-5P","Madagascar","Toamasina","Andasibe-Mantadia National Park",-18.9484,48.4256,"GPS","2015-04-07",627,565,0,0,TRUE,FALSE,TRUE
"BOLD Data Portal","2026-09-23","MG_COUNTRY","GMMDG063-15.COI-5P","GMMDG063-15","5502230","MH416407","2143","Lepidoptera","Crambidae",,,"subfamily","COI-5P","Madagascar","Toamasina","Andasibe-Mantadia National Park",-18.9484,48.4256,"GPS","2015-04-07",627,591,0,0,TRUE,FALSE,TRUE
"BOLD Data Portal","2026-09-23","MG_COUNTRY","GMMDG981-15.COI-5P","GMMDG981-15","5503148","MH416707","102533","Lepidoptera","Crambidae","Glaucocharis",,"genus","COI-5P","Madagascar","Toamasina","Andasibe-Mantadia National Park",-18.9484,48.4256,"GPS","2015-04-30",640,632,0,0,TRUE,FALSE,TRUE
"BOLD Data Portal","2026-09-23","MG_COUNTRY","GMMDH107-15.COI-5P","GMMDH107-15","5516248","MH415857","7498","Lepidoptera","Crambidae","Herpetogramma",,"genus","COI-5P","Madagascar","Toamasina","Andasibe-Mantadia National Park",-18.9439,48.4316,"GPS","2015-04-07",627,576,0,0,TRUE,FALSE,TRUE
"BOLD Data Portal","2026-09-23","MG_COUNTRY","GMMDH111-15.COI-5P","GMMDH111-15","5516252","MH416386","7498","Lepidoptera","Crambidae","Herpetogramma",,"genus","COI-5P","Madagascar","Toamasina","Andasibe-Mantadia National Park",-18.9439,48.4316,"GPS","2015-04-07",627,588,0,0,TRUE,FALSE,TRUE
"BOLD Data Portal","2026-09-23","MG_COUNTRY","GMMDH116-15.COI-5P","GMMDH116-15","5516257","MH417153","2143","Lepidoptera","Crambidae",,,"subfamily","COI-5P","Madagascar","Toamasina","Andasibe-Mantadia National Park",-18.9439,48.4316,"GPS","2015-04-07",627,588,0,0,TRUE,FALSE,TRUE
"BOLD Data Portal","2026-09-23","MG_COUNTRY","GMMDH120-15.COI-5P","GMMDH120-15","5516261","MH418308","2143","Lepidoptera","Crambidae",,,"subfamily","COI-5P","Madagascar","Toamasina","Andasibe-Mantadia National Park",-18.9439,48.4316,"GPS","2015-04-07",627,582,0,0,TRUE,FALSE,TRUE
"BOLD Data Portal","2026-09-23","MG_COUNTRY","GMMDH1619-15.COI-5P","GMMDH1619-15","5517760","MH416583","102533","Lepidoptera","Crambidae","Glaucocharis",,"genus","COI-5P","Madagascar","Toamasina","Andasibe-Mantadia National Park",-18.9439,48.4316,"GPS","2015-03-31",636,591,0,0,TRUE,FALSE,TRUE
"BOLD Data Portal","2026-09-23","MG_COUNTRY","GMMDH1627-15.COI-5P","GMMDH1627-15","5517768","MH415721","102533","Lepidoptera","Crambidae","Glaucocharis",,"genus","COI-5P","Madagascar","Toamasina","Andasibe-Mantadia National Park",-18.9439,48.4316,"GPS","2015-03-31",636,588,0,0,TRUE,FALSE,TRUE
"BOLD Data Portal","2026-09-23","MG_COUNTRY","GMMDH186-15.COI-5P","GMMDH186-15","5516327","MH416140","7542","Lepidoptera","Crambidae","Cnaphalocrocis",,"genus","COI-5P","Madagascar","Toamasina","Andasibe-Mantadia National Park",-18.9439,48.4316,"GPS","2015-04-07",627,591,0,0,TRUE,FALSE,TRUE
"BOLD Data Portal","2026-09-23","MG_COUNTRY","GMMDI027-15.COI-5P","GMMDI027-15","5530969","MH417341","2143","Lepidoptera","Crambidae",,,"subfamily","COI-5P","Madagascar","Toamasina","Andasibe-Mantadia National Park",-18.9439,48.4316,"GPS","2015-04-07",627,579,0,0,TRUE,FALSE,TRUE
"BOLD Data Portal","2026-09-23","MG_COUNTRY","GMMDI034-15.COI-5P","GMMDI034-15","5530976","MH415831","7498","Lepidoptera","Crambidae","Herpetogramma",,"genus","COI-5P","Madagascar","Toamasina","Andasibe-Mantadia National Park",-18.9439,48.4316,"GPS","2015-04-07",627,588,0,0,TRUE,FALSE,TRUE
"BOLD Data Portal","2026-09-23","MG_COUNTRY","GMMDI035-15.COI-5P","GMMDI035-15","5530977","MH416595","70753","Lepidoptera","Crambidae",,,"subfamily","COI-5P","Madagascar","Toamasina","Andasibe-Mantadia National Park",-18.9439,48.4316,"GPS","2015-04-07",627,582,0,0,TRUE,FALSE,TRUE
"BOLD Data Portal","2026-09-23","MG_COUNTRY","GMMDI064-15.COI-5P","GMMDI064-15","5531006","MH417020","7542","Lepidoptera","Crambidae","Cnaphalocrocis",,"genus","COI-5P","Madagascar","Toamasina","Andasibe-Mantadia National Park",-18.9439,48.4316,"GPS","2015-04-07",627,548,1,0.00182149362477231,TRUE,FALSE,TRUE
"BOLD Data Portal","2026-09-23","MG_COUNTRY","GMMDI1226-15.COI-5P","GMMDI1226-15","5532168","MH416868","102533","Lepidoptera","Crambidae","Glaucocharis",,"genus","COI-5P","Madagascar","Toamasina","Andasibe-Mantadia National Park",-18.9439,48.4316,"GPS","2015-03-31",636,588,0,0,TRUE,FALSE,TRUE
"BOLD Data Portal","2026-09-23","MG_COUNTRY","GMMDI1236-15.COI-5P","GMMDI1236-15","5532178","MH417989","102533","Lepidoptera","Crambidae","Glaucocharis",,"genus","COI-5P","Madagascar","Toamasina","Andasibe-Mantadia National Park",-18.9439,48.4316,"GPS","2015-03-31",636,588,0,0,TRUE,FALSE,TRUE
"BOLD Data Portal","2026-09-23","MG_COUNTRY","GMMDI1387-15.COI-5P","GMMDI1387-15","5532329","MH417590","7542","Lepidoptera","Crambidae","Cnaphalocrocis",,"genus","COI-5P","Madagascar","Toamasina","Andasibe-Mantadia National Park",-18.9439,48.4316,"GPS","2015-03-24",639,591,0,0,TRUE,FALSE,TRUE
"BOLD Data Portal","2026-09-23","MG_COUNTRY","GMMDI1389-15.COI-5P","GMMDI1389-15","5532331","MH418069","102533","Lepidoptera","Crambidae","Glaucocharis",,"genus","COI-5P","Madagascar","Toamasina","Andasibe-Mantadia National Park",-18.9439,48.4316,"GPS","2015-03-24",639,576,0,0,TRUE,FALSE,TRUE
"BOLD Data Portal","2026-09-23","MG_COUNTRY","GMMDI1392-15.COI-5P","GMMDI1392-15","5532334","MH417242","7542","Lepidoptera","Crambidae","Cnaphalocrocis",,"genus","COI-5P","Madagascar","Toamasina","Andasibe-Mantadia National Park",-18.9439,48.4316,"GPS","2015-03-24",639,591,0,0,TRUE,FALSE,TRUE
"BOLD Data Portal","2026-09-23","MG_COUNTRY","GMMDI1393-15.COI-5P","GMMDI1393-15","5532335","MH415683","7542","Lepidoptera","Crambidae","Cnaphalocrocis",,"genus","COI-5P","Madagascar","Toamasina","Andasibe-Mantadia National Park",-18.9439,48.4316,"GPS","2015-03-24",639,591,0,0,TRUE,FALSE,TRUE
"BOLD Data Portal","2026-09-23","MG_COUNTRY","GMMDI1395-15.COI-5P","GMMDI1395-15","5532337","MH416367","7542","Lepidoptera","Crambidae","Cnaphalocrocis",,"genus","COI-5P","Madagascar","Toamasina","Andasibe-Mantadia National Park",-18.9439,48.4316,"GPS","2015-03-24",639,580,0,0,TRUE,FALSE,TRUE
"BOLD Data Portal","2026-09-23","MG_COUNTRY","GMMDI1401-15.COI-5P","GMMDI1401-15","5532343","MH415690","7542","Lepidoptera","Crambidae","Cnaphalocrocis",,"genus","COI-5P","Madagascar","Toamasina","Andasibe-Mantadia National Park",-18.9439,48.4316,"GPS","2015-03-24",639,633,0,0,TRUE,FALSE,TRUE
"BOLD Data Portal","2026-09-23","MG_COUNTRY","GMMDJ1137-15.COI-5P","GMMDJ1137-15","5561037","MH417924","2143","Lepidoptera","Crambidae",,,"subfamily","COI-5P","Madagascar","Toamasina","Andasibe-Mantadia National Park",-18.9439,48.4316,"GPS","2015-03-24",639,585,0,0,TRUE,FALSE,TRUE
"BOLD Data Portal","2026-09-23","MG_COUNTRY","GMMDJ1142-15.COI-5P","GMMDJ1142-15","5561042","MH416410","2143","Lepidoptera","Crambidae",,,"subfamily","COI-5P","Madagascar","Toamasina","Andasibe-Mantadia National Park",-18.9439,48.4316,"GPS","2015-03-24",639,591,0,0,TRUE,FALSE,TRUE
"BOLD Data Portal","2026-09-23","MG_COUNTRY","GMMDJ1146-15.COI-5P","GMMDJ1146-15","5561046","MH417109","7542","Lepidoptera","Crambidae","Cnaphalocrocis",,"genus","COI-5P","Madagascar","Toamasina","Andasibe-Mantadia National Park",-18.9439,48.4316,"GPS","2015-03-24",639,591,0,0,TRUE,FALSE,TRUE
"BOLD Data Portal","2026-09-23","MG_COUNTRY","GMMDJ1194-15.COI-5P","GMMDJ1194-15","5561094","MH417466","7542","Lepidoptera","Crambidae","Cnaphalocrocis",,"genus","COI-5P","Madagascar","Toamasina","Andasibe-Mantadia National Park",-18.9439,48.4316,"GPS","2015-03-24",639,633,0,0,TRUE,FALSE,TRUE
"BOLD Data Portal","2026-09-23","MG_COUNTRY","GMMDJ1202-15.COI-5P","GMMDJ1202-15","5561102","MH418135","7542","Lepidoptera","Crambidae","Cnaphalocrocis",,"genus","COI-5P","Madagascar","Toamasina","Andasibe-Mantadia National Park",-18.9439,48.4316,"GPS","2015-03-24",639,591,0,0,TRUE,FALSE,TRUE
"BOLD Data Portal","2026-09-23","MG_COUNTRY","GMMDJ1203-15.COI-5P","GMMDJ1203-15","5561103","MH416600","7542","Lepidoptera","Crambidae","Cnaphalocrocis",,"genus","COI-5P","Madagascar","Toamasina","Andasibe-Mantadia National Park",-18.9439,48.4316,"GPS","2015-03-24",639,588,0,0,TRUE,FALSE,TRUE
"BOLD Data Portal","2026-09-23","MG_COUNTRY","GMMDJ1204-15.COI-5P","GMMDJ1204-15","5561104","MH418350","7542","Lepidoptera","Crambidae","Cnaphalocrocis",,"genus","COI-5P","Madagascar","Toamasina","Andasibe-Mantadia National Park",-18.9439,48.4316,"GPS","2015-03-24",639,576,0,0,TRUE,FALSE,TRUE
"BOLD Data Portal","2026-09-23","MG_COUNTRY","GMMDJ1212-15.COI-5P","GMMDJ1212-15","5561112","MH417586","7542","Lepidoptera","Crambidae","Cnaphalocrocis",,"genus","COI-5P","Madagascar","Toamasina","Andasibe-Mantadia National Park",-18.9439,48.4316,"GPS","2015-03-24",639,591,0,0,TRUE,FALSE,TRUE
"BOLD Data Portal","2026-09-23","MG_COUNTRY","GMMDK007-15.COI-5P","GMMDK007-15","5578314","MH417326","7542","Lepidoptera","Crambidae","Cnaphalocrocis",,"genus","COI-5P","Madagascar","Toamasina","Andasibe-Mantadia National Park",-18.9439,48.4316,"GPS","2015-03-24",639,591,0,0,TRUE,FALSE,TRUE
"BOLD Data Portal","2026-09-23","MG_COUNTRY","GMMDK010-15.COI-5P","GMMDK010-15","5578317","MH416300","7542","Lepidoptera","Crambidae","Cnaphalocrocis",,"genus","COI-5P","Madagascar","Toamasina","Andasibe-Mantadia National Park",-18.9439,48.4316,"GPS","2015-03-24",639,636,0,0,TRUE,FALSE,TRUE
"BOLD Data Portal","2026-09-23","MG_COUNTRY","GMMDK042-15.COI-5P","GMMDK042-15","5578349","MH418335","7498","Lepidoptera","Crambidae","Herpetogramma",,"genus","COI-5P","Madagascar","Toamasina","Andasibe-Mantadia National Park",-18.9439,48.4316,"GPS","2015-03-24",639,591,0,0,TRUE,FALSE,TRUE
"BOLD Data Portal","2026-09-23","MG_COUNTRY","GMMDK1779-15.COI-5P","GMMDK1779-15","5621489","MH415927","7498","Lepidoptera","Crambidae","Herpetogramma",,"genus","COI-5P","Madagascar","Toamasina","Andasibe-Mantadia National Park",-18.9439,48.4316,"GPS","2015-04-22",636,584,1,0.00170940170940171,TRUE,FALSE,TRUE
"BOLD Data Portal","2026-09-23","MG_COUNTRY","GMMDK1795-15.COI-5P","GMMDK1795-15","5621505","MH418253","7542","Lepidoptera","Crambidae","Cnaphalocrocis",,"genus","COI-5P","Madagascar","Toamasina","Andasibe-Mantadia National Park",-18.9439,48.4316,"GPS","2015-04-22",636,576,0,0,TRUE,FALSE,TRUE
"BOLD Data Portal","2026-09-23","MG_COUNTRY","GMMDK1796-15.COI-5P","GMMDK1796-15","5621506","MH417029","7542","Lepidoptera","Crambidae","Cnaphalocrocis",,"genus","COI-5P","Madagascar","Toamasina","Andasibe-Mantadia National Park",-18.9439,48.4316,"GPS","2015-04-22",636,546,0,0,TRUE,FALSE,TRUE
"BOLD Data Portal","2026-09-23","MG_COUNTRY","GMMDK1804-15.COI-5P","GMMDK1804-15","5621514","MH417746","7542","Lepidoptera","Crambidae","Cnaphalocrocis",,"genus","COI-5P","Madagascar","Toamasina","Andasibe-Mantadia National Park",-18.9439,48.4316,"GPS","2015-04-22",636,567,0,0,TRUE,FALSE,TRUE
"BOLD Data Portal","2026-09-23","MG_COUNTRY","GMMDK1807-15.COI-5P","GMMDK1807-15","5621517","MH417221","7542","Lepidoptera","Crambidae","Cnaphalocrocis",,"genus","COI-5P","Madagascar","Toamasina","Andasibe-Mantadia National Park",-18.9439,48.4316,"GPS","2015-04-22",636,555,0,0,TRUE,FALSE,TRUE
"BOLD Data Portal","2026-09-23","MG_COUNTRY","GMMDK1808-15.COI-5P","GMMDK1808-15","5621518","MH416076","7542","Lepidoptera","Crambidae","Cnaphalocrocis",,"genus","COI-5P","Madagascar","Toamasina","Andasibe-Mantadia National Park",-18.9439,48.4316,"GPS","2015-04-22",636,588,0,0,TRUE,FALSE,TRUE
"BOLD Data Portal","2026-09-23","MG_COUNTRY","GMMDK1814-15.COI-5P","GMMDK1814-15","5621524","MH415679","7542","Lepidoptera","Crambidae","Cnaphalocrocis",,"genus","COI-5P","Madagascar","Toamasina","Andasibe-Mantadia National Park",-18.9439,48.4316,"GPS","2015-04-22",636,564,0,0,TRUE,FALSE,TRUE
"BOLD Data Portal","2026-09-23","MG_COUNTRY","GMMDK1817-15.COI-5P","GMMDK1817-15","5621527","MH415747","7498","Lepidoptera","Crambidae","Herpetogramma",,"genus","COI-5P","Madagascar","Toamasina","Andasibe-Mantadia National Park",-18.9439,48.4316,"GPS","2015-04-22",636,588,0,0,TRUE,FALSE,TRUE
"BOLD Data Portal","2026-09-23","MG_COUNTRY","GMMDK1826-15.COI-5P","GMMDK1826-15","5621536","MH416030","7542","Lepidoptera","Crambidae","Cnaphalocrocis",,"genus","COI-5P","Madagascar","Toamasina","Andasibe-Mantadia National Park",-18.9439,48.4316,"GPS","2015-04-22",636,576,0,0,TRUE,FALSE,TRUE
"BOLD Data Portal","2026-09-23","MG_COUNTRY","GMMDK183-15.COI-5P","GMMDK183-15","5578490","MH417982","7498","Lepidoptera","Crambidae","Herpetogramma",,"genus","COI-5P","Madagascar","Toamasina","Andasibe-Mantadia National Park",-18.9439,48.4316,"GPS","2015-03-24",639,588,0,0,TRUE,FALSE,TRUE
"BOLD Data Portal","2026-09-23","MG_COUNTRY","GMMDK1835-15.COI-5P","GMMDK1835-15","5621545","MH416704","7542","Lepidoptera","Crambidae","Cnaphalocrocis",,"genus","COI-5P","Madagascar","Toamasina","Andasibe-Mantadia National Park",-18.9439,48.4316,"GPS","2015-04-22",636,576,0,0,TRUE,FALSE,TRUE
"BOLD Data Portal","2026-09-23","MG_COUNTRY","GMMDK1837-15.COI-5P","GMMDK1837-15","5621547","MH416907","7542","Lepidoptera","Crambidae","Cnaphalocrocis",,"genus","COI-5P","Madagascar","Toamasina","Andasibe-Mantadia National Park",-18.9439,48.4316,"GPS","2015-04-22",636,579,0,0,TRUE,FALSE,TRUE
"BOLD Data Portal","2026-09-23","MG_COUNTRY","GMMDK1839-15.COI-5P","GMMDK1839-15","5621549","MH415829","7542","Lepidoptera","Crambidae","Cnaphalocrocis",,"genus","COI-5P","Madagascar","Toamasina","Andasibe-Mantadia National Park",-18.9439,48.4316,"GPS","2015-04-22",636,546,0,0,TRUE,FALSE,TRUE
"BOLD Data Portal","2026-09-23","MG_COUNTRY","GMMDK189-15.COI-5P","GMMDK189-15","5578496","MH417048","7455","Lepidoptera","Crambidae","Syllepte",,"genus","COI-5P","Madagascar","Toamasina","Andasibe-Mantadia National Park",-18.9439,48.4316,"GPS","2015-03-24",639,576,0,0,TRUE,FALSE,TRUE
"BOLD Data Portal","2026-09-23","MG_COUNTRY","GMMDK2830-15.COI-5P","GMMDK2830-15","5622540","MH417648","102533","Lepidoptera","Crambidae","Glaucocharis",,"genus","COI-5P","Madagascar","Toamasina","Andasibe-Mantadia National Park",-18.9439,48.4316,"GPS","2015-05-04",639,582,0,0,TRUE,FALSE,TRUE
"BOLD Data Portal","2026-09-23","MG_COUNTRY","GMMDK2888-15.COI-5P","GMMDK2888-15","5622598","MH417291","24760","Lepidoptera","Crambidae",,,"family","COI-5P","Madagascar","Toamasina","Andasibe-Mantadia National Park",-18.9439,48.4316,"GPS","2015-05-04",639,534,0,0,TRUE,FALSE,TRUE
"BOLD Data Portal","2026-09-23","MG_COUNTRY","GMMDK2917-15.COI-5P","GMMDK2917-15","5622627","MH418226","102533","Lepidoptera","Crambidae","Glaucocharis",,"genus","COI-5P","Madagascar","Toamasina","Andasibe-Mantadia National Park",-18.9439,48.4316,"GPS","2015-05-04",639,576,3,0.00518134715025907,TRUE,FALSE,TRUE
"BOLD Data Portal","2026-09-23","MG_COUNTRY","GMMDL015-15.COI-5P","GMMDL015-15","5695052","MH417531","7542","Lepidoptera","Crambidae","Cnaphalocrocis",,"genus","COI-5P","Madagascar","Toamasina","Andasibe-Mantadia National Park",-18.9439,48.4316,"GPS","2015-05-04",639,555,0,0,TRUE,FALSE,TRUE
"BOLD Data Portal","2026-09-23","MG_COUNTRY","GMMDL019-15.COI-5P","GMMDL019-15","5695056","MH418043","7542","Lepidoptera","Crambidae","Cnaphalocrocis",,"genus","COI-5P","Madagascar","Toamasina","Andasibe-Mantadia National Park",-18.9439,48.4316,"GPS","2015-05-04",639,579,0,0,TRUE,FALSE,TRUE
"BOLD Data Portal","2026-09-23","MG_COUNTRY","GMMDL023-15.COI-5P","GMMDL023-15","5695060","MH417025","7542","Lepidoptera","Crambidae","Cnaphalocrocis",,"genus","COI-5P","Madagascar","Toamasina","Andasibe-Mantadia National Park",-18.9439,48.4316,"GPS","2015-05-04",639,588,0,0,TRUE,FALSE,TRUE
"BOLD Data Portal","2026-09-23","MG_COUNTRY","GMMDL300-15.COI-5P","GMMDL300-15","5695337",,"7498","Lepidoptera","Crambidae","Herpetogramma",,"genus","COI-5P","Madagascar","Toamasina","Andasibe-Mantadia National Park",-18.9439,48.4316,"GPS","2015-04-24",633,612,0,0,TRUE,FALSE,TRUE
"BOLD Data Portal","2026-09-23","MG_COUNTRY","GMMDL359-15.COI-5P","GMMDL359-15","5695396",,"2163","Lepidoptera","Crambidae",,,"subfamily","COI-5P","Madagascar","Toamasina","Andasibe-Mantadia National Park",-18.9439,48.4316,"GPS","2015-04-24",633,612,0,0,TRUE,FALSE,TRUE
"BOLD Data Portal","2026-09-23","MG_COUNTRY","GMMDL366-15.COI-5P","GMMDL366-15","5695403",,"2163","Lepidoptera","Crambidae",,,"subfamily","COI-5P","Madagascar","Toamasina","Andasibe-Mantadia National Park",-18.9439,48.4316,"GPS","2015-04-24",633,625,0,0,TRUE,FALSE,TRUE
"BOLD Data Portal","2026-09-23","MG_COUNTRY","GMMDL375-15.COI-5P","GMMDL375-15","5695412",,"2143","Lepidoptera","Crambidae",,,"subfamily","COI-5P","Madagascar","Toamasina","Andasibe-Mantadia National Park",-18.9439,48.4316,"GPS","2015-04-24",633,614,0,0,TRUE,FALSE,TRUE
"BOLD Data Portal","2026-09-23","MG_COUNTRY","GMMDM647-15.COI-5P","GMMDM647-15","5709188","MH415477","466755","Lepidoptera","Crambidae","Angustalius","Angustalius malacellus","species","COI-5P","Madagascar","Toamasina","Andasibe-Mantadia National Park",-18.9439,48.4316,"GPS","2015-05-06",636,582,0,0,TRUE,TRUE,TRUE
"BOLD Data Portal","2026-09-23","MG_COUNTRY","GMMDM664-15.COI-5P","GMMDM664-15","5709205","MH416627","102533","Lepidoptera","Crambidae","Glaucocharis",,"genus","COI-5P","Madagascar","Toamasina","Andasibe-Mantadia National Park",-18.9439,48.4316,"GPS","2015-05-06",636,591,0,0,TRUE,FALSE,TRUE
"BOLD Data Portal","2026-09-23","MG_COUNTRY","GMMDN1527-15.COI-5P","GMMDN1527-15","5740028","MH416303","7498","Lepidoptera","Crambidae","Herpetogramma",,"genus","COI-5P","Madagascar","Toamasina","Andasibe-Mantadia National Park",-18.9439,48.4316,"GPS","2015-04-22",636,537,0,0,TRUE,FALSE,TRUE
"BOLD Data Portal","2026-09-23","MG_COUNTRY","GMMDN1543-15.COI-5P","GMMDN1543-15","5740044","MH417978","9631","Lepidoptera","Crambidae","Bradina","Bradina admixtalis","species","COI-5P","Madagascar","Toamasina","Andasibe-Mantadia National Park",-18.9439,48.4316,"GPS","2015-04-22",636,564,0,0,TRUE,TRUE,TRUE
"BOLD Data Portal","2026-09-23","MG_COUNTRY","GMMDN1641-15.COI-5P","GMMDN1641-15","5740142","MH418014","7542","Lepidoptera","Crambidae","Cnaphalocrocis",,"genus","COI-5P","Madagascar","Toamasina","Andasibe-Mantadia National Park",-18.9439,48.4316,"GPS","2015-04-22",636,555,0,0,TRUE,FALSE,TRUE
"BOLD Data Portal","2026-09-23","MG_COUNTRY","GMMDN1655-15.COI-5P","GMMDN1655-15","5740156","MH418270","24760","Lepidoptera","Crambidae",,,"family","COI-5P","Madagascar","Toamasina","Andasibe-Mantadia National Park",-18.9439,48.4316,"GPS","2015-04-22",636,533,1,0.00187265917602996,TRUE,FALSE,TRUE
"BOLD Data Portal","2026-09-23","MG_COUNTRY","GMMDN2754-15.COI-5P","GMMDN2754-15","5741255","MH416960","102533","Lepidoptera","Crambidae","Glaucocharis",,"genus","COI-5P","Madagascar","Toamasina","Andasibe-Mantadia National Park",-18.9439,48.4316,"GPS","2015-05-15",636,555,0,0,TRUE,FALSE,TRUE
"BOLD Data Portal","2026-09-23","MG_COUNTRY","GMMDN2792-15.COI-5P","GMMDN2792-15","5741293","MH417881","102533","Lepidoptera","Crambidae","Glaucocharis",,"genus","COI-5P","Madagascar","Toamasina","Andasibe-Mantadia National Park",-18.9439,48.4316,"GPS","2015-05-15",636,588,0,0,TRUE,FALSE,TRUE
"BOLD Data Portal","2026-09-23","MG_COUNTRY","GMMDN2846-15.COI-5P","GMMDN2846-15","5741347","MH416963","7542","Lepidoptera","Crambidae","Cnaphalocrocis",,"genus","COI-5P","Madagascar","Toamasina","Andasibe-Mantadia National Park",-18.9439,48.4316,"GPS","2015-05-15",636,570,0,0,TRUE,FALSE,TRUE
"BOLD Data Portal","2026-09-23","MG_COUNTRY","GMMDN3028-15.COI-5P","GMMDN3028-15","5741529","MH415555","7542","Lepidoptera","Crambidae","Cnaphalocrocis",,"genus","COI-5P","Madagascar","Toamasina","Andasibe-Mantadia National Park",-18.9439,48.4316,"GPS","2015-06-02",639,588,0,0,TRUE,FALSE,TRUE
"BOLD Data Portal","2026-09-23","MG_COUNTRY","GMMDN3032-15.COI-5P","GMMDN3032-15","5741533","MH418134","7542","Lepidoptera","Crambidae","Cnaphalocrocis",,"genus","COI-5P","Madagascar","Toamasina","Andasibe-Mantadia National Park",-18.9439,48.4316,"GPS","2015-06-02",639,561,3,0.00531914893617021,TRUE,FALSE,TRUE
"BOLD Data Portal","2026-09-23","MG_COUNTRY","GMMDN3033-15.COI-5P","GMMDN3033-15","5741534","MH418032","7542","Lepidoptera","Crambidae","Cnaphalocrocis",,"genus","COI-5P","Madagascar","Toamasina","Andasibe-Mantadia National Park",-18.9439,48.4316,"GPS","2015-06-02",639,588,0,0,TRUE,FALSE,TRUE
"BOLD Data Portal","2026-09-23","MG_COUNTRY","GMMDN3053-15.COI-5P","GMMDN3053-15","5741554","MH415559","7542","Lepidoptera","Crambidae","Cnaphalocrocis",,"genus","COI-5P","Madagascar","Toamasina","Andasibe-Mantadia National Park",-18.9439,48.4316,"GPS","2016-11-08",658,658,0,0,TRUE,FALSE,TRUE
"BOLD Data Portal","2026-09-23","MG_COUNTRY","GMMDN3057-15.COI-5P","GMMDN3057-15","5741558","MH418212","7542","Lepidoptera","Crambidae","Cnaphalocrocis",,"genus","COI-5P","Madagascar","Toamasina","Andasibe-Mantadia National Park",-18.9439,48.4316,"GPS","2016-11-08",658,658,0,0,TRUE,FALSE,TRUE
"BOLD Data Portal","2026-09-23","MG_COUNTRY","GMMDN3064-15.COI-5P","GMMDN3064-15","5741565","MH416631","7542","Lepidoptera","Crambidae","Cnaphalocrocis",,"genus","COI-5P","Madagascar","Toamasina","Andasibe-Mantadia National Park",-18.9439,48.4316,"GPS","2015-06-02",639,588,0,0,TRUE,FALSE,TRUE
"BOLD Data Portal","2026-09-23","MG_COUNTRY","GWOSC797-10.COI-5P","GWOSC797-10","1590174",,"24760","Lepidoptera","Crambidae",,,"family","COI-5P","Madagascar",,,-18.93,48.41,,"2011-11-30",658,658,0,0,TRUE,FALSE,TRUE
"BOLD Data Portal","2026-09-23","MG_COUNTRY","GWOSF487-10.COI-5P","GWOSF487-10","1708488","JF850284-SUPPRESSED","24760","Lepidoptera","Crambidae",,,"family","COI-5P","Madagascar",,"Central",-18.93,48.41,,"2011-01-21",658,658,0,0,TRUE,FALSE,TRUE
"BOLD Data Portal","2026-09-23","MG_COUNTRY","GWOTS292-17.COI-5P","GWOTS292-17","7510680",,"957768","Lepidoptera","Crambidae","Culladia","Culladia achroellum","species","COI-5P","Madagascar","Antsiranana",,-13.33333,48.25,,"2017-01-31",658,658,0,0,TRUE,TRUE,TRUE
"BOLD Data Portal","2026-09-23","MG_COUNTRY","IBLPY106-11.COI-5P","IBLPY106-11","2369474",,"273308","Lepidoptera","Crambidae","Filodes",,"genus","COI-5P","Madagascar",,"Alaotra-Mangoro, Moramanga District",-18.92778,48.41444,,"2011-12-21",658,658,0,0,TRUE,FALSE,TRUE
"BOLD Data Portal","2026-09-23","MG_COUNTRY","LNAUY872-19.COI-5P","LNAUY872-19","10394349",,"2143","Lepidoptera","Crambidae",,,"subfamily","COI-5P","Madagascar",,"Tamatava",,,,"2019-10-02",407,407,0,0,TRUE,FALSE,FALSE
"BOLD Data Portal","2026-09-23","MG_COUNTRY","LNAUZ1297-22.COI-5P","LNAUZ1297-22","16463794",,"956862","Lepidoptera","Crambidae","Euphyciodes","Euphyciodes albotessulalis","species","COI-5P","Madagascar","Fianarantsoa",,,,,"2024-05-15",658,658,0,0,TRUE,TRUE,TRUE
"BOLD Data Portal","2026-09-23","MG_COUNTRY","LNAUZ1298-22.COI-5P","LNAUZ1298-22","16463795",,"2143","Lepidoptera","Crambidae",,,"subfamily","COI-5P","Madagascar","Fianarantsoa",,,,,"2024-05-15",658,658,0,0,TRUE,FALSE,TRUE
"BOLD Data Portal","2026-09-23","MG_COUNTRY","LNAUZ1299-22.COI-5P","LNAUZ1299-22","16463796",,"956852","Lepidoptera","Crambidae","Ulopeza","Ulopeza crocifrontalis","species","COI-5P","Madagascar","Fianarantsoa",,,,,"2024-05-15",407,407,0,0,TRUE,TRUE,FALSE
"BOLD Data Portal","2026-09-23","MG_COUNTRY","LNAUZ4455-24.COI-5P","LNAUZ4455-24","22137348",,"2143","Lepidoptera","Crambidae",,,"subfamily","COI-5P","Madagascar","Fianarantsoa",,,,,"2024-09-18",658,658,0,0,TRUE,FALSE,TRUE
"BOLD Data Portal","2026-09-23","MG_COUNTRY","LNAUZ4478-24.COI-5P","LNAUZ4478-24","22137812",,"235166","Lepidoptera","Crambidae","Isocentris","Isocentris filalis","species","COI-5P","Madagascar","Fianarantsoa",,,,,"2024-10-11",658,658,0,0,TRUE,TRUE,TRUE
"BOLD Data Portal","2026-09-23","MG_COUNTRY","LNOUD2450-12.COI-5P","LNOUD2450-12","2453816","MH418251","102457","Lepidoptera","Crambidae","Diasemiopsis","Diasemiopsis ramburialis","species","COI-5P","Madagascar","Fianarantsoa",,-22.15,46.949,,"2012-03-20",658,658,0,0,TRUE,TRUE,TRUE
"BOLD Data Portal","2026-09-23","MG_COUNTRY","LPGEN17827-24.COI-5P","LPGEN17827-24","20519844",,"2143","Lepidoptera","Crambidae",,,"subfamily","COI-5P","Madagascar",,,-24.024303,43.73871,,"2024-02-26",654,654,0,0,TRUE,FALSE,TRUE
"BOLD Data Portal","2026-09-23","MG_COUNTRY","LPGEN21685-24.COI-5P","LPGEN21685-24","20536239",,"1989","Lepidoptera","Crambidae",,,"subfamily","COI-5P","Madagascar",,,-12.520037,49.180695,,"2024-02-26",654,654,0,0,TRUE,FALSE,TRUE
"BOLD Data Portal","2026-09-23","MG_COUNTRY","LPGEN21835-24.COI-5P","LPGEN21835-24","20536389",,"24760","Lepidoptera","Crambidae",,,"family","COI-5P","Madagascar",,,-12.520037,49.180695,,"2024-02-26",653,653,0,0,TRUE,FALSE,TRUE
"BOLD Data Portal","2026-09-23","MG_COUNTRY","LPGEN22959-24.COI-5P","LPGEN22959-24","20545992",,"317364","Lepidoptera","Crambidae","Hodebertia",,"genus","COI-5P","Madagascar",,,-24.024303,43.73871,,"2024-02-26",654,654,0,0,TRUE,FALSE,TRUE
"BOLD Data Portal","2026-09-23","MG_COUNTRY","LPGEO15498-24.COI-5P","LPGEO15498-24","20890111",,"2143","Lepidoptera","Crambidae",,,"subfamily","COI-5P","Madagascar",,,-22.887108,44.69299,,"2024-04-01",658,658,0,0,TRUE,FALSE,TRUE
"BOLD Data Portal","2026-09-23","MG_COUNTRY","LPGEO15565-24.COI-5P","LPGEO15565-24","20890178",,"24760","Lepidoptera","Crambidae",,,"family","COI-5P","Madagascar",,,-16.323078,46.823837,,"2024-04-01",658,658,0,0,TRUE,FALSE,TRUE
"BOLD Data Portal","2026-09-23","MG_COUNTRY","LPGEO16633-24.COI-5P","LPGEO16633-24","20891246",,"24760","Lepidoptera","Crambidae",,,"family","COI-5P","Madagascar",,,-16.323053,46.823807,,"2024-03-19",658,658,0,0,TRUE,FALSE,TRUE
"BOLD Data Portal","2026-09-23","MG_COUNTRY","LPGEO29772-24.COI-5P","LPGEO29772-24","20964708",,"24760","Lepidoptera","Crambidae",,,"family","COI-5P","Madagascar",,,-16.322933,46.823803,,"2024-03-28",658,658,0,0,TRUE,FALSE,TRUE
"BOLD Data Portal","2026-09-23","MG_COUNTRY","LPGEO42816-24.COI-5P","LPGEO42816-24","21016089",,"24760","Lepidoptera","Crambidae",,,"family","COI-5P","Madagascar",,,-16.323042,46.82382,,"2024-04-02",657,657,0,0,TRUE,FALSE,TRUE
"BOLD Data Portal","2026-09-23","MG_COUNTRY","LPGEO45175-24.COI-5P","LPGEO45175-24","21027721",,"24760","Lepidoptera","Crambidae",,,"family","COI-5P","Madagascar",,,-16.323055,46.823895,,"2024-04-16",658,658,0,0,TRUE,FALSE,TRUE
"BOLD Data Portal","2026-09-23","MG_COUNTRY","LPGEO8033-24.COI-5P","LPGEO8033-24","20834907",,"24760","Lepidoptera","Crambidae",,,"family","COI-5P","Madagascar",,,-16.323053,46.823807,,"2024-03-19",658,658,0,0,TRUE,FALSE,TRUE
"BOLD Data Portal","2026-09-23","MG_COUNTRY","LPMDA11756-24.COI-5P","LPMDA11756-24","24131899","PZ679846","24760","Lepidoptera","Crambidae",,,"family","COI-5P","Madagascar",,,-15.3615,49.4394,,"2024-09-11",658,658,0,0,TRUE,FALSE,TRUE
"BOLD Data Portal","2026-09-23","MG_COUNTRY","LPMDA13076-24.COI-5P","LPMDA13076-24","24133219","PZ679885","24760","Lepidoptera","Crambidae",,,"family","COI-5P","Madagascar",,,-15.3615,49.4394,,"2024-09-19",658,658,0,0,TRUE,FALSE,TRUE
"BOLD Data Portal","2026-09-23","MG_COUNTRY","LPMDA18903-24.COI-5P","LPMDA18903-24","24146516",,"24760","Lepidoptera","Crambidae",,,"family","COI-5P","Madagascar",,,-16.063618,45.260433,,"2024-09-12",658,658,0,0,TRUE,FALSE,TRUE
"BOLD Data Portal","2026-09-23","MG_COUNTRY","LPMDA22510-24.COI-5P","LPMDA22510-24","24199137","PZ679935","24760","Lepidoptera","Crambidae",,,"family","COI-5P","Madagascar",,,-15.3615,49.4394,,"2024-09-19",658,658,0,0,TRUE,FALSE,TRUE
"BOLD Data Portal","2026-09-23","MG_COUNTRY","LPMDA22511-24.COI-5P","LPMDA22511-24","24199138","PZ679916","24760","Lepidoptera","Crambidae",,,"family","COI-5P","Madagascar",,,-15.3615,49.4394,,"2024-09-19",658,658,0,0,TRUE,FALSE,TRUE
"BOLD Data Portal","2026-09-23","MG_COUNTRY","LPMDA24069-24.COI-5P","LPMDA24069-24","24259008",,"24760","Lepidoptera","Crambidae",,,"family","COI-5P","Madagascar",,,-16.063524,45.260418,,"2024-09-20",658,658,0,0,TRUE,FALSE,TRUE
"BOLD Data Portal","2026-09-23","MG_COUNTRY","LPMDA24895-24.COI-5P","LPMDA24895-24","24259834",,"24760","Lepidoptera","Crambidae",,,"family","COI-5P","Madagascar",,,-15.3615,49.4394,,"2024-09-13",658,658,0,0,TRUE,FALSE,TRUE
"BOLD Data Portal","2026-09-23","MG_COUNTRY","LPMDA26976-24.COI-5P","LPMDA26976-24","24261915","PZ679456","2143","Lepidoptera","Crambidae",,,"subfamily","COI-5P","Madagascar",,,-15.3615,49.4394,,"2024-09-19",658,658,0,0,TRUE,FALSE,TRUE
"BOLD Data Portal","2026-09-23","MG_COUNTRY","LPMDA27295-24.COI-5P","LPMDA27295-24","24270248",,"24760","Lepidoptera","Crambidae",,,"family","COI-5P","Madagascar",,,-23.18732,47.719147,,"2024-09-19",658,658,0,0,TRUE,FALSE,TRUE
"BOLD Data Portal","2026-09-23","MG_COUNTRY","LPMDA279-24.COI-5P","LPMDA279-24","24084965",,"24760","Lepidoptera","Crambidae",,,"family","COI-5P","Madagascar",,,-16.063562,45.26042,,"2024-09-12",658,658,0,0,TRUE,FALSE,TRUE
"BOLD Data Portal","2026-09-23","MG_COUNTRY","LPMDA30862-24.COI-5P","LPMDA30862-24","24273934",,"24760","Lepidoptera","Crambidae",,,"family","COI-5P","Madagascar",,,-24.024303,43.73871,,"2024-09-19",658,658,0,0,TRUE,FALSE,TRUE
"BOLD Data Portal","2026-09-23","MG_COUNTRY","LPMDA32102-24.COI-5P","LPMDA32102-24","24280899",,"24760","Lepidoptera","Crambidae",,,"family","COI-5P","Madagascar",,,-16.063543,45.260418,,"2024-09-19",658,658,0,0,TRUE,FALSE,TRUE
"BOLD Data Portal","2026-09-23","MG_COUNTRY","LPMDA32223-24.COI-5P","LPMDA32223-24","24281020",,"24760","Lepidoptera","Crambidae",,,"family","COI-5P","Madagascar",,,-16.06353,45.260433,,"2024-09-19",658,658,0,0,TRUE,FALSE,TRUE
"BOLD Data Portal","2026-09-23","MG_COUNTRY","LPMDA33648-24.COI-5P","LPMDA33648-24","24282445",,"2163","Lepidoptera","Crambidae",,,"subfamily","COI-5P","Madagascar",,,-24.024303,43.73871,,"2024-10-03",658,658,0,0,TRUE,FALSE,TRUE
"BOLD Data Portal","2026-09-23","MG_COUNTRY","LPMDA33651-24.COI-5P","LPMDA33651-24","24282448",,"2143","Lepidoptera","Crambidae",,,"subfamily","COI-5P","Madagascar",,,-24.024303,43.73871,,"2024-10-03",658,658,0,0,TRUE,FALSE,TRUE
"BOLD Data Portal","2026-09-23","MG_COUNTRY","LPMDA33652-24.COI-5P","LPMDA33652-24","24282449",,"24760","Lepidoptera","Crambidae",,,"family","COI-5P","Madagascar",,,-24.024303,43.73871,,"2024-10-03",658,658,0,0,TRUE,FALSE,TRUE
"BOLD Data Portal","2026-09-23","MG_COUNTRY","LPMDA33705-24.COI-5P","LPMDA33705-24","24282502",,"317364","Lepidoptera","Crambidae","Hodebertia",,"genus","COI-5P","Madagascar",,,-24.024303,43.73871,,"2024-10-03",658,658,0,0,TRUE,FALSE,TRUE
"BOLD Data Portal","2026-09-23","MG_COUNTRY","LPMDA33769-24.COI-5P","LPMDA33769-24","24282566",,"2143","Lepidoptera","Crambidae",,,"subfamily","COI-5P","Madagascar",,,-24.024303,43.73871,,"2024-10-03",657,657,0,0,TRUE,FALSE,TRUE
"BOLD Data Portal","2026-09-23","MG_COUNTRY","LPMDA33770-24.COI-5P","LPMDA33770-24","24282567",,"2143","Lepidoptera","Crambidae",,,"subfamily","COI-5P","Madagascar",,,-24.024303,43.73871,,"2024-10-03",658,658,0,0,TRUE,FALSE,TRUE
"BOLD Data Portal","2026-09-23","MG_COUNTRY","LPMDA35320-24.COI-5P","LPMDA35320-24","24284117",,"7546","Lepidoptera","Crambidae","Duponchelia",,"genus","COI-5P","Madagascar",,,-24.024277,43.738617,,"2024-10-01",658,658,0,0,TRUE,FALSE,TRUE
"BOLD Data Portal","2026-09-23","MG_COUNTRY","LPMDA35324-24.COI-5P","LPMDA35324-24","24284121",,"7546","Lepidoptera","Crambidae","Duponchelia",,"genus","COI-5P","Madagascar",,,-24.024277,43.738617,,"2024-10-01",658,658,0,0,TRUE,FALSE,TRUE
"BOLD Data Portal","2026-09-23","MG_COUNTRY","LPMDA35334-24.COI-5P","LPMDA35334-24","24284131",,"7546","Lepidoptera","Crambidae","Duponchelia",,"genus","COI-5P","Madagascar",,,-24.024277,43.738617,,"2024-10-01",658,658,0,0,TRUE,FALSE,TRUE
"BOLD Data Portal","2026-09-23","MG_COUNTRY","LPMDA37953-24.COI-5P","LPMDA37953-24","24296598",,"24760","Lepidoptera","Crambidae",,,"family","COI-5P","Madagascar",,,-16.063549,45.26043,,"2024-10-02",658,658,0,0,TRUE,FALSE,TRUE
"BOLD Data Portal","2026-09-23","MG_COUNTRY","LPMDA40725-24.COI-5P","LPMDA40725-24","24299370","PZ679463","2143","Lepidoptera","Crambidae",,,"subfamily","COI-5P","Madagascar",,,-15.3615,49.4394,,"2024-10-01",658,658,0,0,TRUE,FALSE,TRUE
"BOLD Data Portal","2026-09-23","MG_COUNTRY","LPMDA40761-24.COI-5P","LPMDA40761-24","24299406",,"24760","Lepidoptera","Crambidae",,,"family","COI-5P","Madagascar",,,-15.195111,49.62076,,"2024-10-01",658,658,0,0,TRUE,FALSE,TRUE
"BOLD Data Portal","2026-09-23","MG_COUNTRY","LPMDA42008-24.COI-5P","LPMDA42008-24","24300653","PZ679662","24760","Lepidoptera","Crambidae",,,"family","COI-5P","Madagascar",,,-15.3615,49.4394,,"2024-10-03",658,658,0,0,TRUE,FALSE,TRUE
"BOLD Data Portal","2026-09-23","MG_COUNTRY","LPMDA45707-24.COI-5P","LPMDA45707-24","24310762",,"24760","Lepidoptera","Crambidae",,,"family","COI-5P","Madagascar",,,-15.623593,49.96471,,"2024-10-03",658,658,0,0,TRUE,FALSE,TRUE
"BOLD Data Portal","2026-09-23","MG_COUNTRY","LPMDA46888-24.COI-5P","LPMDA46888-24","24345207","PZ679627","24760","Lepidoptera","Crambidae",,,"family","COI-5P","Madagascar",,,-15.165212,49.61249,,"2024-10-03",658,658,0,0,TRUE,FALSE,TRUE
"BOLD Data Portal","2026-09-23","MG_COUNTRY","LPMDA47765-24.COI-5P","LPMDA47765-24","24372975",,"24760","Lepidoptera","Crambidae",,,"family","COI-5P","Madagascar",,,-23.18736,47.71925,,"2024-10-02",658,658,0,0,TRUE,FALSE,TRUE
"BOLD Data Portal","2026-09-23","MG_COUNTRY","LPMDA47767-24.COI-5P","LPMDA47767-24","24372977",,"24760","Lepidoptera","Crambidae",,,"family","COI-5P","Madagascar",,,-23.18736,47.71925,,"2024-10-02",658,658,0,0,TRUE,FALSE,TRUE
"BOLD Data Portal","2026-09-23","MG_COUNTRY","LPMDA47787-24.COI-5P","LPMDA47787-24","24372997",,"24760","Lepidoptera","Crambidae",,,"family","COI-5P","Madagascar",,,-23.187538,47.719147,,"2024-10-02",658,658,0,0,TRUE,FALSE,TRUE
"BOLD Data Portal","2026-09-23","MG_COUNTRY","LPMDA47972-24.COI-5P","LPMDA47972-24","24442103",,"24760","Lepidoptera","Crambidae",,,"family","COI-5P","Madagascar",,,-15.39171,49.46531,,"2024-10-11",658,658,0,0,TRUE,FALSE,TRUE
"BOLD Data Portal","2026-09-23","MG_COUNTRY","LPMDA761-24.COI-5P","LPMDA761-24","24098262",,"24760","Lepidoptera","Crambidae",,,"family","COI-5P","Madagascar",,,-23.187544,47.71921,,"2024-09-12",658,658,0,0,TRUE,FALSE,TRUE
"BOLD Data Portal","2026-09-23","MG_COUNTRY","LPMDA8611-24.COI-5P","LPMDA8611-24","24119281","PZ679441","24760","Lepidoptera","Crambidae",,,"family","COI-5P","Madagascar",,,-15.3615,49.4394,,"2024-09-12",658,658,0,0,TRUE,FALSE,TRUE
"BOLD Data Portal","2026-09-23","MG_COUNTRY","LPMDB10420-24.COI-5P","LPMDB10420-24","24377983",,"24760","Lepidoptera","Crambidae",,,"family","COI-5P","Madagascar",,,-13.407413,48.30834,,"2024-10-02",658,658,0,0,TRUE,FALSE,TRUE
"BOLD Data Portal","2026-09-23","MG_COUNTRY","LPMDB14200-24.COI-5P","LPMDB14200-24","24404457",,"24760","Lepidoptera","Crambidae",,,"family","COI-5P","Madagascar",,,-17.918335,49.20046,,"2024-10-03",658,658,0,0,TRUE,FALSE,TRUE
"BOLD Data Portal","2026-09-23","MG_COUNTRY","LPMDB17914-24.COI-5P","LPMDB17914-24","24408171",,"24760","Lepidoptera","Crambidae",,,"family","COI-5P","Madagascar",,,-16.514362,49.72467,,"2024-10-04",658,658,0,0,TRUE,FALSE,TRUE
"BOLD Data Portal","2026-09-23","MG_COUNTRY","LPMDB19452-24.COI-5P","LPMDB19452-24","24427376",,"24760","Lepidoptera","Crambidae",,,"family","COI-5P","Madagascar",,,-23.18736,47.71925,,"2024-10-11",658,658,0,0,TRUE,FALSE,TRUE
"BOLD Data Portal","2026-09-23","MG_COUNTRY","LPMDB22779-24.COI-5P","LPMDB22779-24","24442149",,"2143","Lepidoptera","Crambidae",,,"subfamily","COI-5P","Madagascar",,,-17.918335,49.20046,,"2024-10-11",658,658,0,0,TRUE,FALSE,TRUE
"BOLD Data Portal","2026-09-23","MG_COUNTRY","LPMDB22867-24.COI-5P","LPMDB22867-24","24442237",,"24760","Lepidoptera","Crambidae",,,"family","COI-5P","Madagascar",,,-17.918335,49.20046,,"2024-10-11",658,658,0,0,TRUE,FALSE,TRUE
"BOLD Data Portal","2026-09-23","MG_COUNTRY","LPMDB22868-24.COI-5P","LPMDB22868-24","24442238",,"24760","Lepidoptera","Crambidae",,,"family","COI-5P","Madagascar",,,-17.918335,49.20046,,"2024-10-11",658,658,0,0,TRUE,FALSE,TRUE
"BOLD Data Portal","2026-09-23","MG_COUNTRY","LPMDB23290-24.COI-5P","LPMDB23290-24","24442660",,"24760","Lepidoptera","Crambidae",,,"family","COI-5P","Madagascar",,,-23.187462,47.719208,,"2024-10-11",658,658,0,0,TRUE,FALSE,TRUE
"BOLD Data Portal","2026-09-23","MG_COUNTRY","LPMDB23874-24.COI-5P","LPMDB23874-24","24443244",,"24760","Lepidoptera","Crambidae",,,"family","COI-5P","Madagascar",,,-20.77219,44.109913,,"2024-10-15",658,658,0,0,TRUE,FALSE,TRUE
"BOLD Data Portal","2026-09-23","MG_COUNTRY","LPMDB25701-24.COI-5P","LPMDB25701-24","24445071",,"24760","Lepidoptera","Crambidae",,,"family","COI-5P","Madagascar",,,-22.539602,45.379047,,"2024-10-12",658,658,0,0,TRUE,FALSE,TRUE
"BOLD Data Portal","2026-09-23","MG_COUNTRY","LPMDB26615-24.COI-5P","LPMDB26615-24","24556405",,"24760","Lepidoptera","Crambidae",,,"family","COI-5P","Madagascar",,,-22.539656,45.379066,,"2024-10-15",658,658,0,0,TRUE,FALSE,TRUE
"BOLD Data Portal","2026-09-23","MG_COUNTRY","LPMDB2787-24.COI-5P","LPMDB2787-24","24357254","PZ679721","24760","Lepidoptera","Crambidae",,,"family","COI-5P","Madagascar",,,-15.39171,49.46531,,"2024-10-03",658,658,0,0,TRUE,FALSE,TRUE
"BOLD Data Portal","2026-09-23","MG_COUNTRY","LPMDB31017-24.COI-5P","LPMDB31017-24","24568426",,"24760","Lepidoptera","Crambidae",,,"family","COI-5P","Madagascar",,,-22.539314,45.379234,,"2024-10-12",658,658,0,0,TRUE,FALSE,TRUE
"BOLD Data Portal","2026-09-23","MG_COUNTRY","LPMDB31498-24.COI-5P","LPMDB31498-24","24568907",,"24760","Lepidoptera","Crambidae",,,"family","COI-5P","Madagascar",,,-22.539656,45.379066,,"2024-10-12",658,658,0,0,TRUE,FALSE,TRUE
"BOLD Data Portal","2026-09-23","MG_COUNTRY","LPMDB33109-24.COI-5P","LPMDB33109-24","24581890",,"24760","Lepidoptera","Crambidae",,,"family","COI-5P","Madagascar",,,-13.407413,48.30834,,"2024-10-12",658,658,0,0,TRUE,FALSE,TRUE
"BOLD Data Portal","2026-09-23","MG_COUNTRY","LPMDB33456-24.COI-5P","LPMDB33456-24","24582237",,"24760","Lepidoptera","Crambidae",,,"family","COI-5P","Madagascar",,,-23.18736,47.71925,,"2024-10-12",658,658,0,0,TRUE,FALSE,TRUE
"BOLD Data Portal","2026-09-23","MG_COUNTRY","LPMDB34933-24.COI-5P","LPMDB34933-24","24583714",,"24760","Lepidoptera","Crambidae",,,"family","COI-5P","Madagascar",,,-20.794867,44.166176,,"2024-10-11",658,658,0,0,TRUE,FALSE,TRUE
"BOLD Data Portal","2026-09-23","MG_COUNTRY","LPMDB34934-24.COI-5P","LPMDB34934-24","24583715",,"24760","Lepidoptera","Crambidae",,,"family","COI-5P","Madagascar",,,-20.794867,44.166176,,"2024-10-11",658,658,0,0,TRUE,FALSE,TRUE
"BOLD Data Portal","2026-09-23","MG_COUNTRY","LPMDB34946-24.COI-5P","LPMDB34946-24","24583727",,"24760","Lepidoptera","Crambidae",,,"family","COI-5P","Madagascar",,,-20.794867,44.166176,,"2024-10-11",658,658,0,0,TRUE,FALSE,TRUE
"BOLD Data Portal","2026-09-23","MG_COUNTRY","LPMDB34961-24.COI-5P","LPMDB34961-24","24583742",,"24760","Lepidoptera","Crambidae",,,"family","COI-5P","Madagascar",,,-20.794853,44.166157,,"2024-10-11",658,658,0,0,TRUE,FALSE,TRUE
"BOLD Data Portal","2026-09-23","MG_COUNTRY","LPMDB36548-24.COI-5P","LPMDB36548-24","24588397",,"24760","Lepidoptera","Crambidae",,,"family","COI-5P","Madagascar",,,-23.18736,47.71925,,"2024-10-16",658,658,0,0,TRUE,FALSE,TRUE
"BOLD Data Portal","2026-09-23","MG_COUNTRY","LPMDB36705-24.COI-5P","LPMDB36705-24","24588554",,"24760","Lepidoptera","Crambidae",,,"family","COI-5P","Madagascar",,,-23.18736,47.71925,,"2024-10-16",658,658,0,0,TRUE,FALSE,TRUE
"BOLD Data Portal","2026-09-23","MG_COUNTRY","LPMDB4821-24.COI-5P","LPMDB4821-24","24366135",,"24760","Lepidoptera","Crambidae",,,"family","COI-5P","Madagascar",,,-13.407413,48.30834,,"2024-10-02",658,658,0,0,TRUE,FALSE,TRUE
"BOLD Data Portal","2026-09-23","MG_COUNTRY","LPMDB48332-24.COI-5P","LPMDB48332-24","24763399","PZ679670","2143","Lepidoptera","Crambidae",,,"subfamily","COI-5P","Madagascar",,,-15.39171,49.46531,,"2024-11-01",658,658,0,0,TRUE,FALSE,TRUE
"BOLD Data Portal","2026-09-23","MG_COUNTRY","LPMDB48358-24.COI-5P","LPMDB48358-24","24763425",,"24760","Lepidoptera","Crambidae",,,"family","COI-5P","Madagascar",,,-13.409667,48.305313,,"2024-11-01",658,658,0,0,TRUE,FALSE,TRUE
"BOLD Data Portal","2026-09-23","MG_COUNTRY","LPMDB48696-24.COI-5P","LPMDB48696-24","24802541",,"2143","Lepidoptera","Crambidae",,,"subfamily","COI-5P","Madagascar",,,-20.794857,44.166157,,"2024-11-04",658,658,0,0,TRUE,FALSE,TRUE
"BOLD Data Portal","2026-09-23","MG_COUNTRY","LPMDB48852-24.COI-5P","LPMDB48852-24","24802697",,"24760","Lepidoptera","Crambidae",,,"family","COI-5P","Madagascar",,,-20.794788,44.16617,,"2024-11-04",657,657,0,0,TRUE,FALSE,TRUE
"BOLD Data Portal","2026-09-23","MG_COUNTRY","LPMDC10628-24.COI-5P","LPMDC10628-24","24628298",,"24760","Lepidoptera","Crambidae",,,"family","COI-5P","Madagascar",,,-20.062803,44.656612,,"2024-10-04",658,658,0,0,TRUE,FALSE,TRUE
"BOLD Data Portal","2026-09-23","MG_COUNTRY","LPMDC2136-24.COI-5P","LPMDC2136-24","24614294",,"24760","Lepidoptera","Crambidae",,,"family","COI-5P","Madagascar",,,-22.539656,45.379066,,"2024-10-04",658,658,0,0,TRUE,FALSE,TRUE
"BOLD Data Portal","2026-09-23","MG_COUNTRY","LPMDC25400-24.COI-5P","LPMDC25400-24","24764932",,"24760","Lepidoptera","Crambidae",,,"family","COI-5P","Madagascar",,,-22.539656,45.379066,,"2024-11-01",658,658,0,0,TRUE,FALSE,TRUE
"BOLD Data Portal","2026-09-23","MG_COUNTRY","LPMDC25612-24.COI-5P","LPMDC25612-24","24765144",,"2143","Lepidoptera","Crambidae",,,"subfamily","COI-5P","Madagascar",,,-22.539656,45.379066,,"2024-11-01",658,658,0,0,TRUE,FALSE,TRUE
"BOLD Data Portal","2026-09-23","MG_COUNTRY","LPMDC28611-24.COI-5P","LPMDC28611-24","24774725","PZ679637","24760","Lepidoptera","Crambidae",,,"family","COI-5P","Madagascar",,,-15.38813,49.46827,,"2024-11-03",658,658,0,0,TRUE,FALSE,TRUE
"BOLD Data Portal","2026-09-23","MG_COUNTRY","LPMDC38440-24.COI-5P","LPMDC38440-24","24792422",,"24760","Lepidoptera","Crambidae",,,"family","COI-5P","Madagascar",,,-22.821934,43.514606,,"2024-11-02",658,658,0,0,TRUE,FALSE,TRUE
"BOLD Data Portal","2026-09-23","MG_COUNTRY","LPMDC39698-24.COI-5P","LPMDC39698-24","24793680",,"24760","Lepidoptera","Crambidae",,,"family","COI-5P","Madagascar",,,-20.062832,44.65663,,"2024-11-01",658,658,0,0,TRUE,FALSE,TRUE
"BOLD Data Portal","2026-09-23","MG_COUNTRY","LPMDC47796-24.COI-5P","LPMDC47796-24","24874918",,"2143","Lepidoptera","Crambidae",,,"subfamily","COI-5P","Madagascar",,,-16.2638,48.7732,,"2024-11-03",658,658,0,0,TRUE,FALSE,TRUE
"BOLD Data Portal","2026-09-23","MG_COUNTRY","LPMDC49617-24.COI-5P","LPMDC49617-24","24876739",,"24760","Lepidoptera","Crambidae",,,"family","COI-5P","Madagascar",,,-14.435391,49.766792,,"2024-11-03",658,658,0,0,TRUE,FALSE,TRUE
"BOLD Data Portal","2026-09-23","MG_COUNTRY","LPMDC5516-24.COI-5P","LPMDC5516-24","24623186",,"24760","Lepidoptera","Crambidae",,,"family","COI-5P","Madagascar",,,-16.484642,49.76548,,"2024-10-03",658,658,0,0,TRUE,FALSE,TRUE
"BOLD Data Portal","2026-09-23","MG_COUNTRY","LPMDC7684-24.COI-5P","LPMDC7684-24","24625354",,"24760","Lepidoptera","Crambidae",,,"family","COI-5P","Madagascar",,,-22.539656,45.379066,,"2024-10-04",658,658,0,0,TRUE,FALSE,TRUE
"BOLD Data Portal","2026-09-23","MG_COUNTRY","LPMDD10286-24.COI-5P","LPMDD10286-24","24933173",,"24760","Lepidoptera","Crambidae",,,"family","COI-5P","Madagascar",,,-22.821953,43.51462,,"2024-11-02",658,658,0,0,TRUE,FALSE,TRUE
"BOLD Data Portal","2026-09-23","MG_COUNTRY","LPMDD10360-24.COI-5P","LPMDD10360-24","24933247",,"24760","Lepidoptera","Crambidae",,,"family","COI-5P","Madagascar",,,-22.821953,43.51462,,"2024-11-02",658,658,0,0,TRUE,FALSE,TRUE
"BOLD Data Portal","2026-09-23","MG_COUNTRY","LPMDD10387-24.COI-5P","LPMDD10387-24","24933274",,"24760","Lepidoptera","Crambidae",,,"family","COI-5P","Madagascar",,,-22.821953,43.51462,,"2024-11-02",658,658,0,0,TRUE,FALSE,TRUE
"BOLD Data Portal","2026-09-23","MG_COUNTRY","LPMDD12176-24.COI-5P","LPMDD12176-24","24935063",,"2163","Lepidoptera","Crambidae",,,"subfamily","COI-5P","Madagascar",,,-22.821955,43.51463,,"2024-11-03",658,658,0,0,TRUE,FALSE,TRUE
"BOLD Data Portal","2026-09-23","MG_COUNTRY","LPMDD12230-24.COI-5P","LPMDD12230-24","24935117",,"24760","Lepidoptera","Crambidae",,,"family","COI-5P","Madagascar",,,-22.821945,43.51468,,"2024-11-03",658,658,0,0,TRUE,FALSE,TRUE
"BOLD Data Portal","2026-09-23","MG_COUNTRY","LPMDD16789-24.COI-5P","LPMDD16789-24","25075333",,"2143","Lepidoptera","Crambidae",,,"subfamily","COI-5P","Madagascar",,,-22.821934,43.51463,,"2024-11-10",658,658,0,0,TRUE,FALSE,TRUE
"BOLD Data Portal","2026-09-23","MG_COUNTRY","LPMDD16849-24.COI-5P","LPMDD16849-24","25075393",,"2143","Lepidoptera","Crambidae",,,"subfamily","COI-5P","Madagascar",,,-22.887138,44.6931,,"2024-11-10",658,658,0,0,TRUE,FALSE,TRUE
"BOLD Data Portal","2026-09-23","MG_COUNTRY","LPMDD17345-24.COI-5P","LPMDD17345-24","25075889",,"2143","Lepidoptera","Crambidae",,,"subfamily","COI-5P","Madagascar",,,-22.887072,44.69306,,"2024-11-10",658,658,0,0,TRUE,FALSE,TRUE
"BOLD Data Portal","2026-09-23","MG_COUNTRY","LPMDD17346-24.COI-5P","LPMDD17346-24","25075890",,"2143","Lepidoptera","Crambidae",,,"subfamily","COI-5P","Madagascar",,,-22.887072,44.69306,,"2024-11-10",658,658,0,0,TRUE,FALSE,TRUE
"BOLD Data Portal","2026-09-23","MG_COUNTRY","LPMDD17358-24.COI-5P","LPMDD17358-24","25075902",,"2143","Lepidoptera","Crambidae",,,"subfamily","COI-5P","Madagascar",,,-22.887115,44.69305,,"2024-11-10",658,658,0,0,TRUE,FALSE,TRUE
"BOLD Data Portal","2026-09-23","MG_COUNTRY","LPMDD17466-24.COI-5P","LPMDD17466-24","25085692",,"7471","Lepidoptera","Crambidae","Spoladea",,"genus","COI-5P","Madagascar",,,-22.887117,44.6931,,"2024-11-10",658,658,0,0,TRUE,FALSE,TRUE
"BOLD Data Portal","2026-09-23","MG_COUNTRY","LPMDD17939-24.COI-5P","LPMDD17939-24","25086165",,"2143","Lepidoptera","Crambidae",,,"subfamily","COI-5P","Madagascar",,,-22.887117,44.6931,,"2024-11-10",658,658,0,0,TRUE,FALSE,TRUE
"BOLD Data Portal","2026-09-23","MG_COUNTRY","LPMDD20652-24.COI-5P","LPMDD20652-24","26448248",,"24760","Lepidoptera","Crambidae",,,"family","COI-5P","Madagascar",,,-18.197166,47.283504,,"2025-02-25",658,658,0,0,TRUE,FALSE,TRUE
"BOLD Data Portal","2026-09-23","MG_COUNTRY","LPMDD28425-25.COI-5P","LPMDD28425-25","26574231",,"24760","Lepidoptera","Crambidae",,,"family","COI-5P","Madagascar",,,-12.520037,49.180695,,"2025-04-10",658,658,0,0,TRUE,FALSE,TRUE
"BOLD Data Portal","2026-09-23","MG_COUNTRY","LPMDD36296-25.COI-5P","LPMDD36296-25","26632919",,"24760","Lepidoptera","Crambidae",,,"family","COI-5P","Madagascar",,,-16.47581,49.74144,,"2025-04-09",658,658,0,0,TRUE,FALSE,TRUE
"BOLD Data Portal","2026-09-23","MG_COUNTRY","LPMDD37003-25.COI-5P","LPMDD37003-25","26633626",,"24760","Lepidoptera","Crambidae",,,"family","COI-5P","Madagascar",,,-16.472288,49.746704,,"2025-04-09",658,658,0,0,TRUE,FALSE,TRUE
"BOLD Data Portal","2026-09-23","MG_COUNTRY","LPMDD37380-25.COI-5P","LPMDD37380-25","26677810",,"24760","Lepidoptera","Crambidae",,,"family","COI-5P","Madagascar",,,-16.47581,49.74144,,"2025-04-09",658,658,0,0,TRUE,FALSE,TRUE
"BOLD Data Portal","2026-09-23","MG_COUNTRY","LPMDD37609-25.COI-5P","LPMDD37609-25","26678039",,"24760","Lepidoptera","Crambidae",,,"family","COI-5P","Madagascar",,,-16.49711,49.761288,,"2025-04-09",658,658,0,0,TRUE,FALSE,TRUE
"BOLD Data Portal","2026-09-23","MG_COUNTRY","LPMDD37703-25.COI-5P","LPMDD37703-25","26678133",,"24760","Lepidoptera","Crambidae",,,"family","COI-5P","Madagascar",,,-16.49711,49.761288,,"2025-04-09",658,658,0,0,TRUE,FALSE,TRUE
"BOLD Data Portal","2026-09-23","MG_COUNTRY","LPMDD38346-25.COI-5P","LPMDD38346-25","26678776",,"24760","Lepidoptera","Crambidae",,,"family","COI-5P","Madagascar",,,-16.47245,49.746708,,"2025-04-09",658,658,0,0,TRUE,FALSE,TRUE
"BOLD Data Portal","2026-09-23","MG_COUNTRY","LPMDD39900-25.COI-5P","LPMDD39900-25","26690429",,"24760","Lepidoptera","Crambidae",,,"family","COI-5P","Madagascar",,,-16.500853,49.755623,,"2025-04-09",658,658,0,0,TRUE,FALSE,TRUE
"BOLD Data Portal","2026-09-23","MG_COUNTRY","LPMDD456-24.COI-5P","LPMDD456-24","24890626",,"24760","Lepidoptera","Crambidae",,,"family","COI-5P","Madagascar",,,-13.407413,48.30834,,"2024-11-03",658,658,0,0,TRUE,FALSE,TRUE
"BOLD Data Portal","2026-09-23","MG_COUNTRY","LPMDD47692-25.COI-5P","LPMDD47692-25","26735589",,"24760","Lepidoptera","Crambidae",,,"family","COI-5P","Madagascar",,,-18.197166,47.283504,,"2025-04-10",658,658,0,0,TRUE,FALSE,TRUE
"BOLD Data Portal","2026-09-23","MG_COUNTRY","LPMDD50449-25.COI-5P","LPMDD50449-25","26820674",,"2143","Lepidoptera","Crambidae",,,"subfamily","COI-5P","Madagascar",,,-16.18044,48.838177,,"2025-04-11",658,658,0,0,TRUE,FALSE,TRUE
"BOLD Data Portal","2026-09-23","MG_COUNTRY","LPMDD8614-24.COI-5P","LPMDD8614-24","24919044",,"24760","Lepidoptera","Crambidae",,,"family","COI-5P","Madagascar",,,-22.821953,43.51462,,"2024-11-02",658,658,0,0,TRUE,FALSE,TRUE
"BOLD Data Portal","2026-09-23","MG_COUNTRY","LPMDE10086-25.COI-5P","LPMDE10086-25","26840121",,"24760","Lepidoptera","Crambidae",,,"family","COI-5P","Madagascar",,,-15.64837,49.978134,,"2025-05-13",658,658,0,0,TRUE,FALSE,TRUE
"BOLD Data Portal","2026-09-23","MG_COUNTRY","LPMDE14629-25.COI-5P","LPMDE14629-25","26901912",,"24760","Lepidoptera","Crambidae",,,"family","COI-5P","Madagascar",,,-16.28162,48.80421,,"2025-05-12",658,658,0,0,TRUE,FALSE,TRUE
"BOLD Data Portal","2026-09-23","MG_COUNTRY","LPMDE15793-25.COI-5P","LPMDE15793-25","26912354",,"63818","Lepidoptera","Crambidae",,,"subfamily","COI-5P","Madagascar",,,-16.324896,46.822342,,"2025-05-12",658,658,0,0,TRUE,FALSE,TRUE
"BOLD Data Portal","2026-09-23","MG_COUNTRY","LPMDE15794-25.COI-5P","LPMDE15794-25","26912355",,"63818","Lepidoptera","Crambidae",,,"subfamily","COI-5P","Madagascar",,,-16.324896,46.822342,,"2025-05-12",658,658,0,0,TRUE,FALSE,TRUE
"BOLD Data Portal","2026-09-23","MG_COUNTRY","LPMDE15865-25.COI-5P","LPMDE15865-25","26912426",,"24760","Lepidoptera","Crambidae",,,"family","COI-5P","Madagascar",,,-16.28162,48.80421,,"2025-05-12",658,658,0,0,TRUE,FALSE,TRUE
"BOLD Data Portal","2026-09-23","MG_COUNTRY","LPMDE15871-25.COI-5P","LPMDE15871-25","26912432",,"2143","Lepidoptera","Crambidae",,,"subfamily","COI-5P","Madagascar",,,-16.28162,48.80421,,"2025-05-12",658,658,0,0,TRUE,FALSE,TRUE
"BOLD Data Portal","2026-09-23","MG_COUNTRY","LPSYA3616-23.COI-5P","LPSYA3616-23","17988610",,"24760","Lepidoptera","Crambidae",,,"family","COI-5P","Madagascar",,,-23.187,47.719,"App_Database","2023-09-15",653,653,0,0,TRUE,FALSE,TRUE
"BOLD Data Portal","2026-09-23","MG_COUNTRY","LPSYA4077-23.COI-5P","LPSYA4077-23","17995694",,"24760","Lepidoptera","Crambidae",,,"family","COI-5P","Madagascar",,,-13.407,48.308,"App_Database","2023-09-15",654,654,0,0,TRUE,FALSE,TRUE
"BOLD Data Portal","2026-09-23","MG_COUNTRY","LPSYA4538-23.COI-5P","LPSYA4538-23","18019703",,"24760","Lepidoptera","Crambidae",,,"family","COI-5P","Madagascar",,,-16.282,48.804,"App_Database","2023-09-15",653,653,0,0,TRUE,FALSE,TRUE
"BOLD Data Portal","2026-09-23","MG_COUNTRY","LPSYA4606-23.COI-5P","LPSYA4606-23","18019771",,"24760","Lepidoptera","Crambidae",,,"family","COI-5P","Madagascar",,,-16.282,48.804,"App_Database","2023-09-15",653,653,0,0,TRUE,FALSE,TRUE
"BOLD Data Portal","2026-09-23","MG_COUNTRY","LPSYA6941-23.COI-5P","LPSYA6941-23","18504984",,"24760","Lepidoptera","Crambidae",,,"family","COI-5P","Madagascar",,,-16.285,48.801,"App_Database","2023-09-15",653,653,0,0,TRUE,FALSE,TRUE
"BOLD Data Portal","2026-09-23","MG_COUNTRY","LPSYA7059-23.COI-5P","LPSYA7059-23","18505102",,"24760","Lepidoptera","Crambidae",,,"family","COI-5P","Madagascar",,,-16.285,48.801,"App_Database","2023-09-15",653,653,0,0,TRUE,FALSE,TRUE
"BOLD Data Portal","2026-09-23","MG_COUNTRY","LPSYA7112-23.COI-5P","LPSYA7112-23","18505155",,"24760","Lepidoptera","Crambidae",,,"family","COI-5P","Madagascar",,,-16.285,48.801,"App_Database","2023-09-15",653,653,0,0,TRUE,FALSE,TRUE
"BOLD Data Portal","2026-09-23","MG_COUNTRY","LPSYA7115-23.COI-5P","LPSYA7115-23","18505158",,"24760","Lepidoptera","Crambidae",,,"family","COI-5P","Madagascar",,,-16.285,48.801,"App_Database","2023-09-15",656,656,0,0,TRUE,FALSE,TRUE
"BOLD Data Portal","2026-09-23","MG_COUNTRY","LPSYA716-23.COI-5P","LPSYA716-23","17830164",,"24760","Lepidoptera","Crambidae",,,"family","COI-5P","Madagascar",,,-23.187,47.719,"App_Database","2023-09-15",653,653,0,0,TRUE,FALSE,TRUE
"BOLD Data Portal","2026-09-23","MG_COUNTRY","LPSYA933-23.COI-5P","LPSYA933-23","17838583",,"24760","Lepidoptera","Crambidae",,,"family","COI-5P","Madagascar",,,-16.302,48.75,"App_Database","2023-09-15",653,653,0,0,TRUE,FALSE,TRUE
"BOLD Data Portal","2026-09-23","MG_COUNTRY","LTOLB289-09.COI-5P","LTOLB289-09","1102557","GU696187","77032","Lepidoptera","Crambidae","Euclasta","Euclasta gigantalis","species","COI-5P","Madagascar",,,-18.9,47.55,,"2009-08-26",658,658,0,0,TRUE,TRUE,TRUE
"BOLD Data Portal","2026-09-23","MG_COUNTRY","MADAM035-15.COI-5P","MADAM035-15","5823008","MH418112","24760","Lepidoptera","Crambidae",,,"family","COI-5P","Madagascar","Mahajanga",,-14.082,48.366,,"2015-06-05",658,658,0,0,TRUE,FALSE,TRUE
"BOLD Data Portal","2026-09-23","MG_COUNTRY","MADAM086-15.COI-5P","MADAM086-15","5823059","MH416179","102533","Lepidoptera","Crambidae","Glaucocharis",,"genus","COI-5P","Madagascar","Fianarantsoa",,-22.153,46.95,,"2015-05-25",658,658,0,0,TRUE,FALSE,TRUE
"BOLD Data Portal","2026-09-23","MG_COUNTRY","MADAM137-15.COI-5P","MADAM137-15","5823110","MH416445","6766","Lepidoptera","Crambidae","Parapoynx",,"genus","COI-5P","Madagascar","Fianarantsoa",,-22.147,46.946,,"2015-05-25",658,658,0,0,TRUE,FALSE,TRUE
"BOLD Data Portal","2026-09-23","MG_COUNTRY","MADAM176-15.COI-5P","MADAM176-15","5823149","MH416602","5765","Lepidoptera","Crambidae",,,"subfamily","COI-5P","Madagascar","Fianarantsoa",,-22.147,46.945,,"2015-05-25",658,658,0,0,TRUE,FALSE,TRUE
"BOLD Data Portal","2026-09-23","MG_COUNTRY","MADAM320-15.COI-5P","MADAM320-15","5823293","MH415736","102533","Lepidoptera","Crambidae","Glaucocharis",,"genus","COI-5P","Madagascar","Antsiranana",,-14.741,49.497,,"2015-05-11",658,658,0,0,TRUE,FALSE,TRUE
"BOLD Data Portal","2026-09-23","MG_COUNTRY","MADAM400-15.COI-5P","MADAM400-15","5823373","MH418147","102533","Lepidoptera","Crambidae","Glaucocharis",,"genus","COI-5P","Madagascar","Antsiranana",,-14.741,49.496,,"2015-06-23",658,658,0,0,TRUE,FALSE,TRUE
"BOLD Data Portal","2026-09-23","MG_COUNTRY","MADAM486-15.COI-5P","MADAM486-15","5823459","MH416441","70753","Lepidoptera","Crambidae",,,"subfamily","COI-5P","Madagascar","Antsiranana",,-14.741,49.497,,"2016-02-09",658,658,0,0,TRUE,FALSE,TRUE
"BOLD Data Portal","2026-09-23","MG_COUNTRY","MADAM523-15.COI-5P","MADAM523-15","5823496","MH415533","102457","Lepidoptera","Crambidae","Diasemiopsis","Diasemiopsis ramburialis","species","COI-5P","Madagascar","Toamasina",,-18.947,48.419,,"2016-02-09",658,658,0,0,TRUE,TRUE,TRUE
"BOLD Data Portal","2026-09-23","MG_COUNTRY","MADAM528-15.COI-5P","MADAM528-15","5823501","MH416617","77051","Lepidoptera","Crambidae","Nymphicula",,"genus","COI-5P","Madagascar","Toamasina",,-18.947,48.419,,"2016-02-09",658,658,0,0,TRUE,FALSE,TRUE
"BOLD Data Portal","2026-09-23","MG_COUNTRY","MADAM534-15.COI-5P","MADAM534-15","5823507","MH415996","957768","Lepidoptera","Crambidae","Culladia","Culladia achroellum","species","COI-5P","Madagascar","Toamasina",,-18.947,48.419,,"2016-02-09",658,658,0,0,TRUE,TRUE,TRUE
"BOLD Data Portal","2026-09-23","MG_COUNTRY","MADAM535-15.COI-5P","MADAM535-15","5823508","MH417357","7542","Lepidoptera","Crambidae","Cnaphalocrocis",,"genus","COI-5P","Madagascar","Toamasina",,-18.947,48.419,,"2016-02-09",658,658,0,0,TRUE,FALSE,TRUE
"BOLD Data Portal","2026-09-23","MG_COUNTRY","MADAM537-15.COI-5P","MADAM537-15","5823510","MH415929","6766","Lepidoptera","Crambidae","Parapoynx",,"genus","COI-5P","Madagascar","Toamasina",,-18.947,48.419,,"2016-02-09",658,658,0,0,TRUE,FALSE,TRUE
"BOLD Data Portal","2026-09-23","MG_COUNTRY","MADAM538-15.COI-5P","MADAM538-15","5823511","MH416385","466755","Lepidoptera","Crambidae","Angustalius","Angustalius malacellus","species","COI-5P","Madagascar","Toamasina",,-18.947,48.419,,"2016-02-09",658,658,0,0,TRUE,TRUE,TRUE
"BOLD Data Portal","2026-09-23","MG_COUNTRY","MADAM562-15.COI-5P","MADAM562-15","5823535","MH417692","70753","Lepidoptera","Crambidae",,,"subfamily","COI-5P","Madagascar","Toamasina",,-18.947,48.419,,"2016-02-09",658,658,0,0,TRUE,FALSE,TRUE
"BOLD Data Portal","2026-09-23","MG_COUNTRY","MADAM576-15.COI-5P","MADAM576-15","5823549","MH416884","24760","Lepidoptera","Crambidae",,,"family","COI-5P","Madagascar","Toamasina",,-18.82,48.436,,"2016-02-09",658,658,0,0,TRUE,FALSE,TRUE
"BOLD Data Portal","2026-09-23","MG_COUNTRY","MADAM589-15.COI-5P","MADAM589-15","5823562","MH417328","70753","Lepidoptera","Crambidae",,,"subfamily","COI-5P","Madagascar","Antsiranana",,-14.433,49.761,,"2016-02-09",658,658,0,0,TRUE,FALSE,TRUE
"BOLD Data Portal","2026-09-23","MG_COUNTRY","MADAM598-15.COI-5P","MADAM598-15","5823571","MH418272","102533","Lepidoptera","Crambidae","Glaucocharis",,"genus","COI-5P","Madagascar","Antsiranana",,-14.433,49.761,,"2016-02-09",658,658,0,0,TRUE,FALSE,TRUE
"BOLD Data Portal","2026-09-23","MG_COUNTRY","MADAM603-15.COI-5P","MADAM603-15","5823576","MH417170","2163","Lepidoptera","Crambidae",,,"subfamily","COI-5P","Madagascar","Antsiranana",,-14.433,49.761,,"2016-02-09",658,658,0,0,TRUE,FALSE,TRUE
"BOLD Data Portal","2026-09-23","MG_COUNTRY","MADAM629-15.COI-5P","MADAM629-15","5823602","MH418374","2163","Lepidoptera","Crambidae",,,"subfamily","COI-5P","Madagascar","Antsiranana",,-14.433,49.761,,"2016-02-09",658,658,0,0,TRUE,FALSE,TRUE
"BOLD Data Portal","2026-09-23","MG_COUNTRY","MADAM641-15.COI-5P","MADAM641-15","5823614","MH417338","70753","Lepidoptera","Crambidae",,,"subfamily","COI-5P","Madagascar","Antsiranana",,-14.433,49.761,,"2015-07-14",658,658,0,0,TRUE,FALSE,TRUE
"BOLD Data Portal","2026-09-23","MG_COUNTRY","MADAM651-15.COI-5P","MADAM651-15","5823624","MH418406","2143","Lepidoptera","Crambidae",,,"subfamily","COI-5P","Madagascar","Antsiranana",,-14.433,49.761,,"2015-07-14",658,658,0,0,TRUE,FALSE,TRUE
"BOLD Data Portal","2026-09-23","MG_COUNTRY","MADAM715-15.COI-5P","MADAM715-15","5823688","MH418209","5765","Lepidoptera","Crambidae",,,"subfamily","COI-5P","Madagascar","Antananarivo",,-18.436,47.942,,"2015-07-14",658,658,0,0,TRUE,FALSE,TRUE
"BOLD Data Portal","2026-09-23","MG_COUNTRY","MADAM737-15.COI-5P","MADAM737-15","5823710","MH416676","1989","Lepidoptera","Crambidae",,,"subfamily","COI-5P","Madagascar","Antsiranana",,-18.436,47.942,,"2016-02-09",658,658,0,0,TRUE,FALSE,TRUE
"BOLD Data Portal","2026-09-23","MG_COUNTRY","MADAM738-15.COI-5P","MADAM738-15","5823711","MH418130","102533","Lepidoptera","Crambidae","Glaucocharis",,"genus","COI-5P","Madagascar","Antsiranana",,-18.436,47.942,,"2016-02-09",658,658,0,0,TRUE,FALSE,TRUE
"BOLD Data Portal","2026-09-23","MG_COUNTRY","MIMAD038-15.COI-5P","MIMAD038-15","5490611","MH415877","92742","Lepidoptera","Crambidae","Parotis","Parotis prasinalis","species","COI-5P","Madagascar","Antsiranana",,-13.367,48.283,,"2015-03-10",658,658,0,0,TRUE,TRUE,TRUE
"BOLD Data Portal","2026-09-23","MG_COUNTRY","MIMAD052-15.COI-5P","MIMAD052-15","5490625","MH417501","6858","Lepidoptera","Crambidae","Autocharis",,"genus","COI-5P","Madagascar","Antsiranana",,-13.701,48.464,,"2015-03-10",658,658,0,0,TRUE,FALSE,TRUE
"BOLD Data Portal","2026-09-23","MG_COUNTRY","MIMAD053-15.COI-5P","MIMAD053-15","5490626","MH416446","187571","Lepidoptera","Crambidae","Ancylolomia",,"genus","COI-5P","Madagascar","Antsiranana",,-13.701,48.464,,"2015-03-10",658,658,0,0,TRUE,FALSE,TRUE
"BOLD Data Portal","2026-09-23","MG_COUNTRY","MIMAD054-15.COI-5P","MIMAD054-15","5490627","MH418185","77032","Lepidoptera","Crambidae","Euclasta","Euclasta gigantalis","species","COI-5P","Madagascar","Antsiranana",,-13.389,48.3,,"2015-03-10",658,658,0,0,TRUE,TRUE,TRUE
"BOLD Data Portal","2026-09-23","MG_COUNTRY","MIMAD055-15.COI-5P","MIMAD055-15","5490628","MH416343","1157544","Lepidoptera","Crambidae","Cirrhochrista","Cirrhochrista sp. ACS8021","species","COI-5P","Madagascar","Antsiranana",,-13.381,48.279,,"2015-03-10",658,658,0,0,TRUE,FALSE,TRUE
"BOLD Data Portal","2026-09-23","MG_COUNTRY","MIMAD057-15.COI-5P","MIMAD057-15","5490630","MH416793","55505","Lepidoptera","Crambidae","Diaphania","Diaphania indica","species","COI-5P","Madagascar","Antsiranana",,-13.382,48.197,,"2015-03-10",658,658,0,0,TRUE,TRUE,TRUE
"BOLD Data Portal","2026-09-23","MG_COUNTRY","MIMAD058-15.COI-5P","MIMAD058-15","5490631","MH415778","9667","Lepidoptera","Crambidae","Haritalodes","Haritalodes derogata","species","COI-5P","Madagascar","Antsiranana",,-13.389,48.3,,"2015-03-10",658,658,0,0,TRUE,TRUE,TRUE
"BOLD Data Portal","2026-09-23","MG_COUNTRY","MIMAD059-15.COI-5P","MIMAD059-15","5490632","MH417362","2143","Lepidoptera","Crambidae",,,"subfamily","COI-5P","Madagascar","Antsiranana",,-13.381,48.279,,"2015-03-10",658,658,0,0,TRUE,FALSE,TRUE
"BOLD Data Portal","2026-09-23","MG_COUNTRY","MIMAD060-15.COI-5P","MIMAD060-15","5490633","MH415662","24760","Lepidoptera","Crambidae",,,"family","COI-5P","Madagascar","Antsiranana",,-13.701,48.464,,"2015-03-10",658,638,0,0,TRUE,FALSE,TRUE
"BOLD Data Portal","2026-09-23","MG_COUNTRY","MIMAD061-15.COI-5P","MIMAD061-15","5490634","MH415501","24760","Lepidoptera","Crambidae",,,"family","COI-5P","Madagascar","Antsiranana",,-13.389,48.3,,"2015-03-10",658,658,0,0,TRUE,FALSE,TRUE
"BOLD Data Portal","2026-09-23","MG_COUNTRY","MIMAD062-15.COI-5P","MIMAD062-15","5490635","MH417253","77035","Lepidoptera","Crambidae","Circobotys",,"genus","COI-5P","Madagascar","Antsiranana",,-13.701,48.464,,"2015-03-10",658,658,0,0,TRUE,FALSE,TRUE
"BOLD Data Portal","2026-09-23","MG_COUNTRY","MIMAD169-15.COI-5P","MIMAD169-15","5490742","MH417068","956981","Lepidoptera","Crambidae","Obtusipalpis","Obtusipalpis brunneata","species","COI-5P","Madagascar","Antsiranana",,-13.367,48.283,,"2015-03-06",658,658,0,0,TRUE,TRUE,TRUE
"BOLD Data Portal","2026-09-23","MG_COUNTRY","MIMAD251-15.COI-5P","MIMAD251-15","5490824","MH417216","264148","Lepidoptera","Crambidae","Pagyda",,"genus","COI-5P","Madagascar","Antsiranana",,-13.701,48.464,,"2015-03-11",658,658,0,0,TRUE,FALSE,TRUE
"BOLD Data Portal","2026-09-23","MG_COUNTRY","MIMAD252-15.COI-5P","MIMAD252-15","5490825","MH415480","280499","Lepidoptera","Crambidae","Agrotera","Agrotera citrina","species","COI-5P","Madagascar","Antsiranana",,-13.367,48.283,,"2015-03-11",658,658,0,0,TRUE,TRUE,TRUE
"BOLD Data Portal","2026-09-23","MG_COUNTRY","MIMAD253-15.COI-5P","MIMAD253-15","5490826","MH415978","762464","Lepidoptera","Crambidae","Eretmopteryx","Eretmopteryx flabelligera","species","COI-5P","Madagascar","Antsiranana",,-13.381,48.279,,"2015-03-11",658,658,0,0,TRUE,TRUE,TRUE
"BOLD Data Portal","2026-09-23","MG_COUNTRY","MIMAD256-15.COI-5P","MIMAD256-15","5490829","MH417687","956973","Lepidoptera","Crambidae","Thliptoceras","Thliptoceras longicornalis","species","COI-5P","Madagascar","Antsiranana",,-13.389,48.3,,"2015-03-11",658,658,0,0,TRUE,TRUE,TRUE
"BOLD Data Portal","2026-09-23","MG_COUNTRY","MIMAD258-15.COI-5P","MIMAD258-15","5490831","MH417825","187564","Lepidoptera","Crambidae","Parapoynx","Parapoynx fluctuosalis","species","COI-5P","Madagascar","Antsiranana",,-13.381,48.279,,"2015-03-11",658,658,0,0,TRUE,TRUE,TRUE
"BOLD Data Portal","2026-09-23","MG_COUNTRY","MIMAD288-15.COI-5P","MIMAD288-15","5490861","MH416116","66067","Lepidoptera","Crambidae","Chalcidoptera",,"genus","COI-5P","Madagascar","Antsiranana",,-13.701,48.464,,"2015-03-17",658,658,0,0,TRUE,FALSE,TRUE
"BOLD Data Portal","2026-09-23","MG_COUNTRY","MIMAD290-15.COI-5P","MIMAD290-15","5490863","MH417539","2143","Lepidoptera","Crambidae",,,"subfamily","COI-5P","Madagascar","Antsiranana",,-13.367,48.283,,"2015-03-17",658,658,0,0,TRUE,FALSE,TRUE
"BOLD Data Portal","2026-09-23","MG_COUNTRY","MIMAD291-15.COI-5P","MIMAD291-15","5490864","MH417939","6858","Lepidoptera","Crambidae","Autocharis",,"genus","COI-5P","Madagascar","Antsiranana",,-13.381,48.279,,"2015-03-17",658,658,0,0,TRUE,FALSE,TRUE
"BOLD Data Portal","2026-09-23","MG_COUNTRY","MIMAD295-15.COI-5P","MIMAD295-15","5490868","MH416133","2143","Lepidoptera","Crambidae",,,"subfamily","COI-5P","Madagascar","Antsiranana",,-13.389,48.3,,"2015-03-17",658,658,0,0,TRUE,FALSE,TRUE
"BOLD Data Portal","2026-09-23","MG_COUNTRY","MIMAD296-15.COI-5P","MIMAD296-15","5490869","MH417602","7436","Lepidoptera","Crambidae","Glyphodes",,"genus","COI-5P","Madagascar","Antsiranana",,-13.367,48.283,,"2015-03-17",658,658,0,0,TRUE,FALSE,TRUE
"BOLD Data Portal","2026-09-23","MG_COUNTRY","MIMAD297-15.COI-5P","MIMAD297-15","5490870","MH417671","24760","Lepidoptera","Crambidae",,,"family","COI-5P","Madagascar","Antsiranana",,-13.282,48.259,,"2015-03-17",658,637,0,0,TRUE,FALSE,TRUE
"BOLD Data Portal","2026-09-23","MG_COUNTRY","MIMAD298-15.COI-5P","MIMAD298-15","5490871","MH417509","762473","Lepidoptera","Crambidae","Analyta","Analyta aldabralis","species","COI-5P","Madagascar","Antsiranana",,-13.367,48.283,,"2015-03-17",658,658,0,0,TRUE,TRUE,TRUE
"BOLD Data Portal","2026-09-23","MG_COUNTRY","MIMAD299-15.COI-5P","MIMAD299-15","5490872","MH417617","7524","Lepidoptera","Crambidae","Pardomima",,"genus","COI-5P","Madagascar","Antsiranana",,-13.367,48.283,,"2015-03-17",658,658,0,0,TRUE,FALSE,TRUE
"BOLD Data Portal","2026-09-23","MG_COUNTRY","MIMAD300-15.COI-5P","MIMAD300-15","5490873","MH416509","647032","Lepidoptera","Crambidae","Synclera","Synclera seychellensis","species","COI-5P","Madagascar","Antsiranana",,-13.381,48.279,,"2015-03-17",658,658,0,0,TRUE,TRUE,TRUE
"BOLD Data Portal","2026-09-23","MG_COUNTRY","MIMAD301-15.COI-5P","MIMAD301-15","5490874","MH417937","7523","Lepidoptera","Crambidae","Palpita",,"genus","COI-5P","Madagascar","Antsiranana",,-13.367,48.283,,"2015-03-17",658,658,0,0,TRUE,FALSE,TRUE
"BOLD Data Portal","2026-09-23","MG_COUNTRY","MIMAD305-15.COI-5P","MIMAD305-15","5490878","MH416709","449027","Lepidoptera","Crambidae","Poliobotys","Poliobotys ablactalis","species","COI-5P","Madagascar","Antsiranana",,-13.381,48.279,,"2015-03-17",658,658,0,0,TRUE,TRUE,TRUE
"BOLD Data Portal","2026-09-23","MG_COUNTRY","MIMAD314-15.COI-5P","MIMAD314-15","5490887","MH416366","20423","Lepidoptera","Crambidae","Maruca","Maruca vitrata","species","COI-5P","Madagascar","Antsiranana",,-13.389,48.3,,"2015-03-17",658,658,0,0,TRUE,TRUE,TRUE
"BOLD Data Portal","2026-09-23","MG_COUNTRY","MIMAD315-15.COI-5P","MIMAD315-15","5490888","MH416338","956965","Lepidoptera","Crambidae","Agrioglypta","Agrioglypta toulgoetalis","species","COI-5P","Madagascar","Antsiranana",,-13.367,48.283,,"2015-03-17",658,658,0,0,TRUE,TRUE,TRUE
"BOLD Data Portal","2026-09-23","MG_COUNTRY","MIMAD316-15.COI-5P","MIMAD316-15","5490889","MH416568","677594","Lepidoptera","Crambidae","Glyphodes","Glyphodes shafferorum","species","COI-5P","Madagascar","Antsiranana",,-13.367,48.283,,"2015-03-17",658,658,0,0,TRUE,TRUE,TRUE
"BOLD Data Portal","2026-09-23","MG_COUNTRY","MIMAD317-15.COI-5P","MIMAD317-15","5490890","MH417670","647033","Lepidoptera","Crambidae","Condylorrhiza","Condylorrhiza zyphalis","species","COI-5P","Madagascar","Antsiranana",,-13.367,48.283,,"2015-03-17",658,658,0,0,TRUE,TRUE,TRUE
"BOLD Data Portal","2026-09-23","MG_COUNTRY","MIMAD318-15.COI-5P","MIMAD318-15","5490891","MH415485","448473","Lepidoptera","Crambidae","Ghesquierellana","Ghesquierellana hirtusalis","species","COI-5P","Madagascar","Antsiranana",,-13.367,48.283,,"2015-03-17",658,658,0,0,TRUE,TRUE,TRUE
"BOLD Data Portal","2026-09-23","MG_COUNTRY","MIMAD319-15.COI-5P","MIMAD319-15","5490892","MH416062","956849","Lepidoptera","Crambidae","Glyphodes","Glyphodes paramicalis","species","COI-5P","Madagascar","Antsiranana",,-13.367,48.283,,"2015-03-17",658,658,0,0,TRUE,TRUE,TRUE
"BOLD Data Portal","2026-09-23","MG_COUNTRY","MIMAD320-15.COI-5P","MIMAD320-15","5490893","MH416059","701054","Lepidoptera","Crambidae","Cadarena","Cadarena pudoraria","species","COI-5P","Madagascar","Antsiranana",,-13.367,48.283,,"2015-03-17",658,658,0,0,TRUE,TRUE,TRUE
"BOLD Data Portal","2026-09-23","MG_COUNTRY","MIMAD321-15.COI-5P","MIMAD321-15","5490894","MH417706","7455","Lepidoptera","Crambidae","Syllepte",,"genus","COI-5P","Madagascar","Antsiranana",,-13.367,48.283,,"2015-03-17",658,658,0,0,TRUE,FALSE,TRUE
"BOLD Data Portal","2026-09-23","MG_COUNTRY","MIMAD322-15.COI-5P","MIMAD322-15","5490895","MH418302","58345","Lepidoptera","Crambidae","Terastia","Terastia subjectalis","species","COI-5P","Madagascar","Antsiranana",,-13.381,48.279,,"2015-03-17",658,658,0,0,TRUE,TRUE,TRUE
"BOLD Data Portal","2026-09-23","MG_COUNTRY","MIMAD323-15.COI-5P","MIMAD323-15","5490896","MH417190","2143","Lepidoptera","Crambidae",,,"subfamily","COI-5P","Madagascar","Antsiranana",,-13.389,48.3,,"2015-03-17",658,658,0,0,TRUE,FALSE,TRUE
"BOLD Data Portal","2026-09-23","MG_COUNTRY","MIMAD325-15.COI-5P","MIMAD325-15","5490898","MH417212","273306","Lepidoptera","Crambidae","Patania",,"genus","COI-5P","Madagascar","Antsiranana",,-13.701,48.464,,"2015-03-17",658,658,0,0,TRUE,FALSE,TRUE
"BOLD Data Portal","2026-09-23","MG_COUNTRY","MIMAD326-15.COI-5P","MIMAD326-15","5490899","MH416483","2143","Lepidoptera","Crambidae",,,"subfamily","COI-5P","Madagascar","Antsiranana",,-13.367,48.283,,"2015-03-17",658,658,0,0,TRUE,FALSE,TRUE
"BOLD Data Portal","2026-09-23","MG_COUNTRY","MIMAD327-15.COI-5P","MIMAD327-15","5490900","MH415468","2143","Lepidoptera","Crambidae",,,"subfamily","COI-5P","Madagascar","Antsiranana",,-13.367,48.283,,"2015-03-17",658,658,0,0,TRUE,FALSE,TRUE
"BOLD Data Portal","2026-09-23","MG_COUNTRY","MIMAD328-15.COI-5P","MIMAD328-15","5490901","MH416771","317364","Lepidoptera","Crambidae","Hodebertia",,"genus","COI-5P","Madagascar","Antsiranana",,-13.367,48.283,,"2015-03-17",658,658,0,0,TRUE,FALSE,TRUE
"BOLD Data Portal","2026-09-23","MG_COUNTRY","MIMAD333-15.COI-5P","MIMAD333-15","5490906","MH416740","20415","Lepidoptera","Crambidae","Hymenia","Hymenia perspectalis","species","COI-5P","Madagascar","Antsiranana",,-13.367,48.283,,"2015-03-17",658,658,0,0,TRUE,TRUE,TRUE
"BOLD Data Portal","2026-09-23","MG_COUNTRY","MIMAD335-15.COI-5P","MIMAD335-15","5490908","MH417591","50550","Lepidoptera","Crambidae","Sameodes","Sameodes cancellalis","species","COI-5P","Madagascar","Antsiranana",,-13.389,48.3,,"2015-03-17",658,658,0,0,TRUE,TRUE,TRUE
"BOLD Data Portal","2026-09-23","MG_COUNTRY","MIMAD343-15.COI-5P","MIMAD343-15","5490916","MH416634","647022","Lepidoptera","Crambidae","Isocentris","Isocentris retinalis","species","COI-5P","Madagascar","Antsiranana",,-13.367,48.283,,"2015-03-17",658,658,0,0,TRUE,TRUE,TRUE
"BOLD Data Portal","2026-09-23","MG_COUNTRY","MIMAD345-15.COI-5P","MIMAD345-15","5490918","MH415766","7436","Lepidoptera","Crambidae","Glyphodes",,"genus","COI-5P","Madagascar","Antsiranana",,-13.389,48.3,,"2015-03-17",658,658,0,0,TRUE,FALSE,TRUE
"BOLD Data Portal","2026-09-23","MG_COUNTRY","MIMAD346-15.COI-5P","MIMAD346-15","5490919","MH416612","6858","Lepidoptera","Crambidae","Autocharis",,"genus","COI-5P","Madagascar","Antsiranana",,-13.389,48.3,,"2015-03-17",658,658,0,0,TRUE,FALSE,TRUE
"BOLD Data Portal","2026-09-23","MG_COUNTRY","MIMAD347-15.COI-5P","MIMAD347-15","5490920","MH416308","70753","Lepidoptera","Crambidae",,,"subfamily","COI-5P","Madagascar","Antsiranana",,-13.386,48.244,,"2015-03-17",658,658,0,0,TRUE,FALSE,TRUE
"BOLD Data Portal","2026-09-23","MG_COUNTRY","MIMAD350-15.COI-5P","MIMAD350-15","5490923","MH416930","24760","Lepidoptera","Crambidae",,,"family","COI-5P","Madagascar","Antsiranana",,-13.381,48.279,,"2015-03-17",658,612,0,0,TRUE,FALSE,TRUE
"BOLD Data Portal","2026-09-23","MG_COUNTRY","MIMAD352-15.COI-5P","MIMAD352-15","5490925","MH416464","957768","Lepidoptera","Crambidae","Culladia","Culladia achroellum","species","COI-5P","Madagascar","Antsiranana",,-13.382,48.197,,"2015-03-17",658,658,0,0,TRUE,TRUE,TRUE
"BOLD Data Portal","2026-09-23","MG_COUNTRY","MIMAD355-15.COI-5P","MIMAD355-15","5490928","MH415909","317367","Lepidoptera","Crambidae","Hydriris","Hydriris ornatalis","species","COI-5P","Madagascar","Antsiranana",,-13.381,48.279,,"2015-03-17",658,658,0,0,TRUE,TRUE,TRUE
"BOLD Data Portal","2026-09-23","MG_COUNTRY","MIMAD380-15.COI-5P","MIMAD380-15","5490953","MH416434","7542","Lepidoptera","Crambidae","Cnaphalocrocis",,"genus","COI-5P","Madagascar","Antsiranana",,-13.701,48.464,,"2015-03-17",658,658,0,0,TRUE,FALSE,TRUE
"BOLD Data Portal","2026-09-23","MG_COUNTRY","MIMAD382-15.COI-5P","MIMAD382-15","5490955","MH417014","701056","Lepidoptera","Crambidae","Omiodes","Omiodes dnopheralis","species","COI-5P","Madagascar","Antsiranana",,-13.367,48.283,,"2015-03-09",658,658,0,0,TRUE,TRUE,TRUE
"BOLD Data Portal","2026-09-23","MG_COUNTRY","MIMAD383-15.COI-5P","MIMAD383-15","5490956","MH416867","701056","Lepidoptera","Crambidae","Omiodes","Omiodes dnopheralis","species","COI-5P","Madagascar","Antsiranana",,-13.333,48.196,,"2015-03-09",658,658,0,0,TRUE,TRUE,TRUE
"BOLD Data Portal","2026-09-23","MG_COUNTRY","MIMAD384-15.COI-5P","MIMAD384-15","5490957","MH415712","451090","Lepidoptera","Crambidae","Pessocosma",,"genus","COI-5P","Madagascar","Antsiranana",,-13.701,48.464,,"2015-03-09",658,658,0,0,TRUE,FALSE,TRUE
"BOLD Data Portal","2026-09-23","MG_COUNTRY","MIMAD385-15.COI-5P","MIMAD385-15","5490958","MH417155","50550","Lepidoptera","Crambidae","Sameodes","Sameodes cancellalis","species","COI-5P","Madagascar","Antsiranana",,-13.282,48.259,,"2015-03-09",658,658,0,0,TRUE,TRUE,TRUE
"BOLD Data Portal","2026-09-23","MG_COUNTRY","MIMAD386-15.COI-5P","MIMAD386-15","5490959","MH418187","22702","Lepidoptera","Crambidae","Lygropia",,"genus","COI-5P","Madagascar","Antsiranana",,-13.701,48.464,,"2015-03-09",658,658,0,0,TRUE,FALSE,TRUE
"BOLD Data Portal","2026-09-23","MG_COUNTRY","MIMAD387-15.COI-5P","MIMAD387-15","5490960","MH418217","285804","Lepidoptera","Crambidae","Prophantis","Prophantis octoguttalis","species","COI-5P","Madagascar","Antsiranana",,-13.381,48.279,,"2015-03-09",658,658,0,0,TRUE,TRUE,TRUE
"BOLD Data Portal","2026-09-23","MG_COUNTRY","MIMAD388-15.COI-5P","MIMAD388-15","5490961","MH417213","466755","Lepidoptera","Crambidae","Angustalius","Angustalius malacellus","species","COI-5P","Madagascar","Antsiranana",,-13.333,48.196,,"2015-03-09",658,658,0,0,TRUE,TRUE,TRUE
"BOLD Data Portal","2026-09-23","MG_COUNTRY","MIMAD392-15.COI-5P","MIMAD392-15","5490965","MH417815","24760","Lepidoptera","Crambidae",,,"family","COI-5P","Madagascar","Antsiranana",,-13.381,48.279,,"2015-03-09",658,658,0,0,TRUE,FALSE,TRUE
"BOLD Data Portal","2026-09-23","MG_COUNTRY","MIMAD399-15.COI-5P","MIMAD399-15","5490972","MH416819","647044","Lepidoptera","Crambidae","Metasia","Metasia perfervidalis","species","COI-5P","Madagascar","Antsiranana",,-13.389,48.3,,"2015-03-09",658,658,0,0,TRUE,TRUE,TRUE
"BOLD Data Portal","2026-09-23","MG_COUNTRY","MIMAD400-15.COI-5P","MIMAD400-15","5490973","MH416493","151247","Lepidoptera","Crambidae","Pyrausta","Pyrausta panopealis","species","COI-5P","Madagascar","Antsiranana",,-13.389,48.3,,"2015-03-09",658,658,0,0,TRUE,TRUE,TRUE
"BOLD Data Portal","2026-09-23","MG_COUNTRY","MIMAD401-15.COI-5P","MIMAD401-15","5490974","MH418022","102457","Lepidoptera","Crambidae","Diasemiopsis","Diasemiopsis ramburialis","species","COI-5P","Madagascar","Antsiranana",,-13.282,48.259,,"2015-03-09",658,658,0,0,TRUE,TRUE,TRUE
"BOLD Data Portal","2026-09-23","MG_COUNTRY","MIMAD402-15.COI-5P","MIMAD402-15","5490975","MH418161","6766","Lepidoptera","Crambidae","Parapoynx",,"genus","COI-5P","Madagascar","Antsiranana",,-13.701,48.464,,"2015-03-09",658,658,0,0,TRUE,FALSE,TRUE
"BOLD Data Portal","2026-09-23","MG_COUNTRY","MIMAD403-15.COI-5P","MIMAD403-15","5490976","MH415630","451100","Lepidoptera","Crambidae","Achyra","Achyra coelatalis","species","COI-5P","Madagascar","Antsiranana",,-13.381,48.279,,"2015-03-09",658,658,0,0,TRUE,TRUE,TRUE
"BOLD Data Portal","2026-09-23","MG_COUNTRY","MIMAD407-15.COI-5P","MIMAD407-15","5490980","MH418060","24760","Lepidoptera","Crambidae",,,"family","COI-5P","Madagascar","Antsiranana",,-13.282,48.259,,"2015-03-09",658,658,0,0,TRUE,FALSE,TRUE
"BOLD Data Portal","2026-09-23","MG_COUNTRY","MIMAD413-15.COI-5P","MIMAD413-15","5490986","MH418354","66387","Lepidoptera","Crambidae","Agathodes",,"genus","COI-5P","Madagascar","Antsiranana",,-13.282,48.259,,"2015-03-09",658,658,0,0,TRUE,FALSE,TRUE
"BOLD Data Portal","2026-09-23","MG_COUNTRY","MIMAD415-15.COI-5P","MIMAD415-15","5490988","MH415816","64614","Lepidoptera","Crambidae","Notarcha",,"genus","COI-5P","Madagascar","Antsiranana",,-13.381,48.279,,"2015-03-09",658,637,0,0,TRUE,FALSE,TRUE
"BOLD Data Portal","2026-09-23","MG_COUNTRY","MIMAD416-15.COI-5P","MIMAD416-15","5490989","MH416590","151247","Lepidoptera","Crambidae","Pyrausta","Pyrausta panopealis","species","COI-5P","Madagascar","Antsiranana",,-13.282,48.259,,"2015-03-09",658,658,0,0,TRUE,TRUE,TRUE
"BOLD Data Portal","2026-09-23","MG_COUNTRY","MIMAD417-15.COI-5P","MIMAD417-15","5490990","MH418096","7436","Lepidoptera","Crambidae","Glyphodes",,"genus","COI-5P","Madagascar","Antsiranana",,-13.389,48.3,,"2015-03-09",658,658,0,0,TRUE,FALSE,TRUE
"BOLD Data Portal","2026-09-23","MG_COUNTRY","MIMAD418-15.COI-5P","MIMAD418-15","5490991","MH415518","7498","Lepidoptera","Crambidae","Herpetogramma",,"genus","COI-5P","Madagascar","Antsiranana",,-13.381,48.279,,"2015-03-09",658,658,0,0,TRUE,FALSE,TRUE
"BOLD Data Portal","2026-09-23","MG_COUNTRY","MIMAD419-15.COI-5P","MIMAD419-15","5490992","MH415804","7510","Lepidoptera","Crambidae","Omiodes",,"genus","COI-5P","Madagascar","Antsiranana",,-13.389,48.3,,"2015-03-09",658,658,0,0,TRUE,FALSE,TRUE
"BOLD Data Portal","2026-09-23","MG_COUNTRY","MIMAD421-15.COI-5P","MIMAD421-15","5490994","MH417031","70753","Lepidoptera","Crambidae",,,"subfamily","COI-5P","Madagascar","Antsiranana",,-13.701,48.464,,"2015-03-09",658,658,0,0,TRUE,FALSE,TRUE
"BOLD Data Portal","2026-09-23","MG_COUNTRY","MIMAD422-15.COI-5P","MIMAD422-15","5490995","MH415840","24760","Lepidoptera","Crambidae",,,"family","COI-5P","Madagascar","Antsiranana",,-13.395,48.241,,"2015-03-09",658,658,0,0,TRUE,FALSE,TRUE
"BOLD Data Portal","2026-09-23","MG_COUNTRY","MIMAD424-15.COI-5P","MIMAD424-15","5490997","MH417791","24760","Lepidoptera","Crambidae",,,"family","COI-5P","Madagascar","Antsiranana",,-13.381,48.279,,"2015-03-09",658,658,0,0,TRUE,FALSE,TRUE
"BOLD Data Portal","2026-09-23","MG_COUNTRY","MIMAD426-15.COI-5P","MIMAD426-15","5490999","MH416038","24760","Lepidoptera","Crambidae",,,"family","COI-5P","Madagascar","Antsiranana",,-13.333,48.196,,"2015-03-09",658,658,0,0,TRUE,FALSE,TRUE
"BOLD Data Portal","2026-09-23","MG_COUNTRY","MIMAD476-15.COI-5P","MIMAD476-15","5860781","MH417047","349885","Lepidoptera","Crambidae","Zebronia",,"genus","COI-5P","Madagascar","Antsiranana",,-13.379,48.224,,"2015-06-23",658,658,0,0,TRUE,FALSE,TRUE
"BOLD Data Portal","2026-09-23","MG_COUNTRY","MIMAD477-15.COI-5P","MIMAD477-15","5860782","MH418297","86612","Lepidoptera","Crambidae","Scirpophaga",,"genus","COI-5P","Madagascar","Antsiranana",,-13.31,48.187,,"2015-06-23",658,658,0,0,TRUE,FALSE,TRUE
"BOLD Data Portal","2026-09-23","MG_COUNTRY","MIMAD478-15.COI-5P","MIMAD478-15","5860783","MH416087","2143","Lepidoptera","Crambidae",,,"subfamily","COI-5P","Madagascar","Antsiranana",,-13.701,48.464,,"2015-06-23",658,658,0,0,TRUE,FALSE,TRUE
"BOLD Data Portal","2026-09-23","MG_COUNTRY","MIMAD479-15.COI-5P","MIMAD479-15","5860784","MH417265","92743","Lepidoptera","Crambidae","Stemorrhages",,"genus","COI-5P","Madagascar","Antsiranana",,-13.163,49.067,,"2015-06-23",658,658,0,0,TRUE,FALSE,TRUE
"BOLD Data Portal","2026-09-23","MG_COUNTRY","MIMAD480-15.COI-5P","MIMAD480-15","5860785","MH416916","7523","Lepidoptera","Crambidae","Palpita",,"genus","COI-5P","Madagascar","Antsiranana",,-13.381,48.279,,"2015-06-23",658,658,0,0,TRUE,FALSE,TRUE
"BOLD Data Portal","2026-09-23","MG_COUNTRY","MIMAD481-15.COI-5P","MIMAD481-15","5860786","MH417370","7541","Lepidoptera","Crambidae","Parotis",,"genus","COI-5P","Madagascar","Antsiranana",,-13.701,48.464,,"2015-06-23",658,658,0,0,TRUE,FALSE,TRUE
"BOLD Data Portal","2026-09-23","MG_COUNTRY","MIMAD482-15.COI-5P","MIMAD482-15","5860787","MH415906","63881","Lepidoptera","Crambidae","Pycnarmon",,"genus","COI-5P","Madagascar","Antsiranana",,-13.701,48.464,,"2015-06-23",658,658,0,0,TRUE,FALSE,TRUE
"BOLD Data Portal","2026-09-23","MG_COUNTRY","MIMAD483-15.COI-5P","MIMAD483-15","5860788","MH417195","20423","Lepidoptera","Crambidae","Maruca","Maruca vitrata","species","COI-5P","Madagascar","Antsiranana",,-13.379,48.224,,"2015-06-23",658,658,0,0,TRUE,TRUE,TRUE
"BOLD Data Portal","2026-09-23","MG_COUNTRY","MIMAD484-15.COI-5P","MIMAD484-15","5860789","MH415892","7455","Lepidoptera","Crambidae","Syllepte",,"genus","COI-5P","Madagascar","Antsiranana",,-13.108,49.097,,"2015-06-23",658,658,0,0,TRUE,FALSE,TRUE
"BOLD Data Portal","2026-09-23","MG_COUNTRY","MIMAD485-15.COI-5P","MIMAD485-15","5860790","MH418401","7455","Lepidoptera","Crambidae","Syllepte",,"genus","COI-5P","Madagascar","Antsiranana",,-13.368,48.287,,"2015-06-23",658,658,0,0,TRUE,FALSE,TRUE
"BOLD Data Portal","2026-09-23","MG_COUNTRY","MIMAD486-15.COI-5P","MIMAD486-15","5860791","MH417821","20427","Lepidoptera","Crambidae","Spoladea","Spoladea recurvalis","species","COI-5P","Madagascar","Antsiranana",,-13.382,48.197,,"2015-06-23",658,658,0,0,TRUE,TRUE,TRUE
"BOLD Data Portal","2026-09-23","MG_COUNTRY","MIMAD487-15.COI-5P","MIMAD487-15","5860792","MH417823","2143","Lepidoptera","Crambidae",,,"subfamily","COI-5P","Madagascar","Antsiranana",,-13.701,48.464,,"2015-06-23",658,595,0,0,TRUE,FALSE,TRUE
"BOLD Data Portal","2026-09-23","MG_COUNTRY","MIMAD488-15.COI-5P","MIMAD488-15","5860793","MH415688","342032","Lepidoptera","Crambidae","Cnaphalocrocis","Cnaphalocrocis trapezalis","species","COI-5P","Madagascar","Antsiranana",,-13.318,48.234,,"2015-06-23",658,614,0,0,TRUE,TRUE,TRUE
"BOLD Data Portal","2026-09-23","MG_COUNTRY","MIMAD490-15.COI-5P","MIMAD490-15","5860795","MH417414","956860","Lepidoptera","Crambidae","Ulopeza","Ulopeza macilentalis","species","COI-5P","Madagascar","Antsiranana",,-13.701,48.464,,"2015-06-23",658,658,0,0,TRUE,TRUE,TRUE
"BOLD Data Portal","2026-09-23","MG_COUNTRY","MIMAD491-15.COI-5P","MIMAD491-15","5860796","MH416626","342164","Lepidoptera","Crambidae","Stenochora","Stenochora lancinalis","species","COI-5P","Madagascar","Antsiranana",,-13.701,48.464,,"2015-06-23",658,658,0,0,TRUE,TRUE,TRUE
"BOLD Data Portal","2026-09-23","MG_COUNTRY","MIMAD492-15.COI-5P","MIMAD492-15","5860797","MH417083","24760","Lepidoptera","Crambidae",,,"family","COI-5P","Madagascar","Antsiranana",,-13.701,48.464,,"2015-06-23",658,658,0,0,TRUE,FALSE,TRUE
"BOLD Data Portal","2026-09-23","MG_COUNTRY","MIMAD493-15.COI-5P","MIMAD493-15","5860798","MH416496","20423","Lepidoptera","Crambidae","Maruca","Maruca vitrata","species","COI-5P","Madagascar","Antsiranana",,-13.379,48.224,,"2015-06-23",658,658,0,0,TRUE,TRUE,TRUE
"BOLD Data Portal","2026-09-23","MG_COUNTRY","MIMAD494-15.COI-5P","MIMAD494-15","5860799","MH416376","2143","Lepidoptera","Crambidae",,,"subfamily","COI-5P","Madagascar","Antsiranana",,-13.108,49.097,,"2015-06-23",658,658,0,0,TRUE,FALSE,TRUE
"BOLD Data Portal","2026-09-23","MG_COUNTRY","MIMAD495-15.COI-5P","MIMAD495-15","5860800","MH417525","957459","Lepidoptera","Crambidae","Orphanostigma","Orphanostigma haemorrhoidalis","species","COI-5P","Madagascar","Antsiranana",,-13.701,48.464,,"2015-06-23",658,658,0,0,TRUE,TRUE,TRUE
"BOLD Data Portal","2026-09-23","MG_COUNTRY","MIMAD496-15.COI-5P","MIMAD496-15","5860801","MH415593","762474","Lepidoptera","Crambidae","Hyalobathra","Hyalobathra olesialis","species","COI-5P","Madagascar","Antsiranana",,-13.163,49.067,,"2015-06-23",658,658,0,0,TRUE,TRUE,TRUE
"BOLD Data Portal","2026-09-23","MG_COUNTRY","MIMAD497-15.COI-5P","MIMAD497-15","5860802","MH417953","24760","Lepidoptera","Crambidae",,,"family","COI-5P","Madagascar","Antsiranana",,-13.701,48.464,,"2015-06-23",658,658,0,0,TRUE,FALSE,TRUE
"BOLD Data Portal","2026-09-23","MG_COUNTRY","MIMAD498-15.COI-5P","MIMAD498-15","5860803","MH417272","24760","Lepidoptera","Crambidae",,,"family","COI-5P","Madagascar","Antsiranana",,-13.381,48.279,,"2015-06-23",658,658,0,0,TRUE,FALSE,TRUE
"BOLD Data Portal","2026-09-23","MG_COUNTRY","MIMAD499-15.COI-5P","MIMAD499-15","5860804","MH415901","762475","Lepidoptera","Crambidae","Maruca","Maruca fuscalis","species","COI-5P","Madagascar","Antsiranana",,-13.701,48.464,,"2015-06-23",658,658,0,0,TRUE,TRUE,TRUE
"BOLD Data Portal","2026-09-23","MG_COUNTRY","MIMAD500-15.COI-5P","MIMAD500-15","5860805","MH417727","316906","Lepidoptera","Crambidae","Chilo","Chilo orichalcociliellus","species","COI-5P","Madagascar","Antsiranana",,-13.701,48.464,,"2015-06-23",658,658,0,0,TRUE,TRUE,TRUE
"BOLD Data Portal","2026-09-23","MG_COUNTRY","MIMAD501-15.COI-5P","MIMAD501-15","5860806","MH418240","24760","Lepidoptera","Crambidae",,,"family","COI-5P","Madagascar","Antsiranana",,-13.318,48.234,,"2015-06-23",658,658,0,0,TRUE,FALSE,TRUE
"BOLD Data Portal","2026-09-23","MG_COUNTRY","MIMAD503-15.COI-5P","MIMAD503-15","5860808","MH415994","2143","Lepidoptera","Crambidae",,,"subfamily","COI-5P","Madagascar","Antsiranana",,-13.108,49.097,,"2015-06-23",658,658,0,0,TRUE,FALSE,TRUE
"BOLD Data Portal","2026-09-23","MG_COUNTRY","MIMAD504-15.COI-5P","MIMAD504-15","5860809","MH418028","2143","Lepidoptera","Crambidae",,,"subfamily","COI-5P","Madagascar","Antsiranana",,-13.379,48.224,,"2015-06-23",658,658,0,0,TRUE,FALSE,TRUE
"BOLD Data Portal","2026-09-23","MG_COUNTRY","MIMAD505-15.COI-5P","MIMAD505-15","5860810","MH415667","2143","Lepidoptera","Crambidae",,,"subfamily","COI-5P","Madagascar","Antsiranana",,-13.701,48.464,,"2015-06-23",658,658,0,0,TRUE,FALSE,TRUE
"BOLD Data Portal","2026-09-23","MG_COUNTRY","MIMAD506-15.COI-5P","MIMAD506-15","5860811","MH418009","7498","Lepidoptera","Crambidae","Herpetogramma",,"genus","COI-5P","Madagascar","Antsiranana",,-13.701,48.464,,"2015-06-23",658,658,0,0,TRUE,FALSE,TRUE
"BOLD Data Portal","2026-09-23","MG_COUNTRY","MIMAD507-15.COI-5P","MIMAD507-15","5860812","MH416607","58883","Lepidoptera","Crambidae","Phostria",,"genus","COI-5P","Madagascar","Antsiranana",,-13.108,49.097,,"2015-06-23",658,658,0,0,TRUE,FALSE,TRUE
"BOLD Data Portal","2026-09-23","MG_COUNTRY","MIMAD508-15.COI-5P","MIMAD508-15","5860813","MH416152","2143","Lepidoptera","Crambidae",,,"subfamily","COI-5P","Madagascar","Antsiranana",,-13.108,49.097,,"2015-06-23",658,658,0,0,TRUE,FALSE,TRUE
"BOLD Data Portal","2026-09-23","MG_COUNTRY","MIMAD509-15.COI-5P","MIMAD509-15","5860814","MH417743","7498","Lepidoptera","Crambidae","Herpetogramma",,"genus","COI-5P","Madagascar","Antsiranana",,-13.381,48.279,,"2015-06-23",658,658,0,0,TRUE,FALSE,TRUE
"BOLD Data Portal","2026-09-23","MG_COUNTRY","MIMAD510-15.COI-5P","MIMAD510-15","5860815","MH417457","329118","Lepidoptera","Crambidae","Hymenoptychis","Hymenoptychis sordida","species","COI-5P","Madagascar","Antsiranana",,-13.701,48.464,,"2015-06-23",658,658,0,0,TRUE,TRUE,TRUE
"BOLD Data Portal","2026-09-23","MG_COUNTRY","MIMAD511-15.COI-5P","MIMAD511-15","5860816","MH417304","2143","Lepidoptera","Crambidae",,,"subfamily","COI-5P","Madagascar","Antsiranana",,-13.108,49.097,,"2015-06-23",658,658,0,0,TRUE,FALSE,TRUE
"BOLD Data Portal","2026-09-23","MG_COUNTRY","MIMAD512-15.COI-5P","MIMAD512-15","5860817","MH418137","701056","Lepidoptera","Crambidae","Omiodes","Omiodes dnopheralis","species","COI-5P","Madagascar","Antsiranana",,-13.368,48.287,,"2015-06-23",658,658,0,0,TRUE,TRUE,TRUE
"BOLD Data Portal","2026-09-23","MG_COUNTRY","MIMAD514-15.COI-5P","MIMAD514-15","5860819","MH417189","20482","Lepidoptera","Crambidae","Cnaphalocrocis","Cnaphalocrocis poeyalis","species","COI-5P","Madagascar","Antsiranana",,-13.368,48.287,,"2015-06-23",658,658,0,0,TRUE,TRUE,TRUE
"BOLD Data Portal","2026-09-23","MG_COUNTRY","MIMAD515-15.COI-5P","MIMAD515-15","5860820","MH415484","957459","Lepidoptera","Crambidae","Orphanostigma","Orphanostigma haemorrhoidalis","species","COI-5P","Madagascar","Antsiranana",,-13.108,49.097,,"2015-06-23",658,614,0,0,TRUE,TRUE,TRUE
"BOLD Data Portal","2026-09-23","MG_COUNTRY","MIMAD516-15.COI-5P","MIMAD516-15","5860821","MH417527","187564","Lepidoptera","Crambidae","Parapoynx","Parapoynx fluctuosalis","species","COI-5P","Madagascar","Antsiranana",,-13.701,48.464,,"2015-06-23",658,658,0,0,TRUE,TRUE,TRUE
"BOLD Data Portal","2026-09-23","MG_COUNTRY","MIMAD517-15.COI-5P","MIMAD517-15","5860822","MH416083","329118","Lepidoptera","Crambidae","Hymenoptychis","Hymenoptychis sordida","species","COI-5P","Madagascar","Antsiranana",,-13.701,48.464,,"2015-06-23",658,658,0,0,TRUE,TRUE,TRUE
"BOLD Data Portal","2026-09-23","MG_COUNTRY","MIMAD518-15.COI-5P","MIMAD518-15","5860823","MH417087","20153","Lepidoptera","Crambidae","Herpetogramma","Herpetogramma basalis","species","COI-5P","Madagascar","Antsiranana",,-13.381,48.279,,"2015-06-23",658,658,0,0,TRUE,TRUE,TRUE
"BOLD Data Portal","2026-09-23","MG_COUNTRY","MIMAD519-15.COI-5P","MIMAD519-15","5860824","MH415897","7510","Lepidoptera","Crambidae","Omiodes",,"genus","COI-5P","Madagascar","Antsiranana",,-13.368,48.287,,"2015-06-23",658,658,0,0,TRUE,FALSE,TRUE
"BOLD Data Portal","2026-09-23","MG_COUNTRY","MIMAD522-15.COI-5P","MIMAD522-15","5860827","MH415940","20152","Lepidoptera","Crambidae","Herpetogramma","Herpetogramma licarsisalis","species","COI-5P","Madagascar","Antsiranana",,-13.108,49.097,,"2015-06-23",658,658,0,0,TRUE,TRUE,TRUE
"BOLD Data Portal","2026-09-23","MG_COUNTRY","MIMAD535-15.COI-5P","MIMAD535-15","5860840","MH417410","187571","Lepidoptera","Crambidae","Ancylolomia",,"genus","COI-5P","Madagascar","Antsiranana",,-13.701,48.464,,"2015-06-23",658,658,0,0,TRUE,FALSE,TRUE
"BOLD Data Portal","2026-09-23","MG_COUNTRY","MIMAD536-15.COI-5P","MIMAD536-15","5860841","MH416084","187571","Lepidoptera","Crambidae","Ancylolomia",,"genus","COI-5P","Madagascar","Antsiranana",,-13.368,48.287,,"2015-06-23",658,657,1,0.00151975683890578,TRUE,FALSE,TRUE
"BOLD Data Portal","2026-09-23","MG_COUNTRY","MIMAD537-15.COI-5P","MIMAD537-15","5860842","MH417198","7793","Lepidoptera","Crambidae","Crambus",,"genus","COI-5P","Madagascar","Antsiranana",,-13.108,49.097,,"2015-06-23",658,658,0,0,TRUE,FALSE,TRUE
"BOLD Data Portal","2026-09-23","MG_COUNTRY","MIMAD538-15.COI-5P","MIMAD538-15","5860843","MH415490","7793","Lepidoptera","Crambidae","Crambus",,"genus","COI-5P","Madagascar","Antsiranana",,-13.701,48.464,,"2015-06-23",658,658,0,0,TRUE,FALSE,TRUE
"BOLD Data Portal","2026-09-23","MG_COUNTRY","MIMAD546-15.COI-5P","MIMAD546-15","5860851","MH416057","7436","Lepidoptera","Crambidae","Glyphodes",,"genus","COI-5P","Madagascar","Antsiranana",,-13.163,49.067,,"2015-06-23",658,658,0,0,TRUE,FALSE,TRUE
"BOLD Data Portal","2026-09-23","MG_COUNTRY","MIMAD547-15.COI-5P","MIMAD547-15","5860852","MH417336","2143","Lepidoptera","Crambidae",,,"subfamily","COI-5P","Madagascar","Antsiranana",,-13.381,48.279,,"2015-06-23",658,658,0,0,TRUE,FALSE,TRUE
"BOLD Data Portal","2026-09-23","MG_COUNTRY","MIMAD548-15.COI-5P","MIMAD548-15","5860853","MH415586","2143","Lepidoptera","Crambidae",,,"subfamily","COI-5P","Madagascar","Antsiranana",,-13.31,48.187,,"2015-06-23",658,658,0,0,TRUE,FALSE,TRUE
"BOLD Data Portal","2026-09-23","MG_COUNTRY","MIMAD549-15.COI-5P","MIMAD549-15","5860854","MH418393","5765","Lepidoptera","Crambidae",,,"subfamily","COI-5P","Madagascar","Antsiranana",,-13.701,48.464,,"2015-06-23",658,658,0,0,TRUE,FALSE,TRUE
"BOLD Data Portal","2026-09-23","MG_COUNTRY","MIMAD550-15.COI-5P","MIMAD550-15","5860855","MH417058","20482","Lepidoptera","Crambidae","Cnaphalocrocis","Cnaphalocrocis poeyalis","species","COI-5P","Madagascar","Antsiranana",,-13.381,48.279,,"2015-06-23",658,658,0,0,TRUE,TRUE,TRUE
"BOLD Data Portal","2026-09-23","MG_COUNTRY","MIMAD551-15.COI-5P","MIMAD551-15","5860856","MH416328","66400","Lepidoptera","Crambidae","Salbia",,"genus","COI-5P","Madagascar","Antsiranana",,-13.701,48.464,,"2015-06-23",658,658,0,0,TRUE,FALSE,TRUE
"BOLD Data Portal","2026-09-23","MG_COUNTRY","MIMAD552-15.COI-5P","MIMAD552-15","5860857","MH417471","2143","Lepidoptera","Crambidae",,,"subfamily","COI-5P","Madagascar","Antsiranana",,-13.208,48.98,,"2015-06-23",658,658,0,0,TRUE,FALSE,TRUE
"BOLD Data Portal","2026-09-23","MG_COUNTRY","MIMAD553-15.COI-5P","MIMAD553-15","5860858","MH418106","102533","Lepidoptera","Crambidae","Glaucocharis",,"genus","COI-5P","Madagascar","Antsiranana",,-13.318,48.234,,"2015-06-23",658,658,0,0,TRUE,FALSE,TRUE
"BOLD Data Portal","2026-09-23","MG_COUNTRY","MIMAD554-15.COI-5P","MIMAD554-15","5860859","MH416926","24760","Lepidoptera","Crambidae",,,"family","COI-5P","Madagascar","Antsiranana",,-13.163,49.067,,"2015-06-23",658,658,0,0,TRUE,FALSE,TRUE
"BOLD Data Portal","2026-09-23","MG_COUNTRY","MIMAD556-15.COI-5P","MIMAD556-15","5860861","MH416275","24760","Lepidoptera","Crambidae",,,"family","COI-5P","Madagascar","Antsiranana",,-13.368,48.287,,"2015-06-23",658,658,0,0,TRUE,FALSE,TRUE
"BOLD Data Portal","2026-09-23","MG_COUNTRY","MIMAD558-15.COI-5P","MIMAD558-15","5860863","MH416128","77051","Lepidoptera","Crambidae","Nymphicula",,"genus","COI-5P","Madagascar","Antsiranana",,-13.163,49.067,,"2015-06-23",658,658,0,0,TRUE,FALSE,TRUE
"BOLD Data Portal","2026-09-23","MG_COUNTRY","MIMAD562-15.COI-5P","MIMAD562-15","5860867","MH416002","70753","Lepidoptera","Crambidae",,,"subfamily","COI-5P","Madagascar","Antsiranana",,-13.701,48.464,,"2015-06-23",658,658,0,0,TRUE,FALSE,TRUE
"BOLD Data Portal","2026-09-23","MG_COUNTRY","MIMAD563-15.COI-5P","MIMAD563-15","5860868","MH418388","7530","Lepidoptera","Crambidae","Culladia",,"genus","COI-5P","Madagascar","Antsiranana",,-13.379,48.224,,"2015-06-23",658,658,0,0,TRUE,FALSE,TRUE
"BOLD Data Portal","2026-09-23","MG_COUNTRY","MIMAD564-15.COI-5P","MIMAD564-15","5860869","MH418396","957768","Lepidoptera","Crambidae","Culladia","Culladia achroellum","species","COI-5P","Madagascar","Antsiranana",,-13.208,48.98,,"2015-06-23",658,658,0,0,TRUE,TRUE,TRUE
"BOLD Data Portal","2026-09-23","MG_COUNTRY","MIMAD566-15.COI-5P","MIMAD566-15","5860871","MH417230","7542","Lepidoptera","Crambidae","Cnaphalocrocis",,"genus","COI-5P","Madagascar","Antsiranana",,-13.701,48.464,,"2015-06-23",658,658,0,0,TRUE,FALSE,TRUE
"BOLD Data Portal","2026-09-23","MG_COUNTRY","MIMAD567-15.COI-5P","MIMAD567-15","5860872","MH417741","68504","Lepidoptera","Crambidae","Omiodes","Omiodes indicata","species","COI-5P","Madagascar","Antsiranana",,-13.381,48.279,,"2015-06-23",658,658,0,0,TRUE,TRUE,TRUE
"BOLD Data Portal","2026-09-23","MG_COUNTRY","MIMAD568-15.COI-5P","MIMAD568-15","5860873","MH418115","24760","Lepidoptera","Crambidae",,,"family","COI-5P","Madagascar","Antsiranana",,-13.318,48.234,,"2015-06-23",658,658,0,0,TRUE,FALSE,TRUE
"BOLD Data Portal","2026-09-23","MG_COUNTRY","MIMAD569-15.COI-5P","MIMAD569-15","5860874","MH417718","24760","Lepidoptera","Crambidae",,,"family","COI-5P","Madagascar","Antsiranana",,-13.208,48.98,,"2015-06-23",658,658,0,0,TRUE,FALSE,TRUE
"BOLD Data Portal","2026-09-23","MG_COUNTRY","MIMAD570-15.COI-5P","MIMAD570-15","5860875","MH415572","5765","Lepidoptera","Crambidae",,,"subfamily","COI-5P","Madagascar","Antsiranana",,-13.701,48.464,,"2015-06-23",658,658,0,0,TRUE,FALSE,TRUE
"BOLD Data Portal","2026-09-23","MG_COUNTRY","MIMAD571-15.COI-5P","MIMAD571-15","5860876","MH418002","102533","Lepidoptera","Crambidae","Glaucocharis",,"genus","COI-5P","Madagascar","Antsiranana",,-13.31,48.187,,"2015-06-23",658,658,0,0,TRUE,FALSE,TRUE
"BOLD Data Portal","2026-09-23","MG_COUNTRY","MIMAD572-15.COI-5P","MIMAD572-15","5860877","MH418342","24760","Lepidoptera","Crambidae",,,"family","COI-5P","Madagascar","Antsiranana",,-13.381,48.279,,"2015-06-23",658,614,0,0,TRUE,FALSE,TRUE
"BOLD Data Portal","2026-09-23","MG_COUNTRY","MIMAD573-15.COI-5P","MIMAD573-15","5860878","MH417442","7542","Lepidoptera","Crambidae","Cnaphalocrocis",,"genus","COI-5P","Madagascar","Antsiranana",,-13.31,48.187,,"2015-06-23",658,658,0,0,TRUE,FALSE,TRUE
"BOLD Data Portal","2026-09-23","MG_COUNTRY","MIMAD590-15.COI-5P","MIMAD590-15","5860895","MH416920","349811","Lepidoptera","Crambidae","Dipleurinodes",,"genus","COI-5P","Madagascar","Antsiranana",,-13.701,48.464,,"2015-06-23",658,658,0,0,TRUE,FALSE,TRUE
"BOLD Data Portal","2026-09-23","MG_COUNTRY","MIMAD592-15.COI-5P","MIMAD592-15","5860897","MH418126","6858","Lepidoptera","Crambidae","Autocharis",,"genus","COI-5P","Madagascar","Antsiranana",,-13.108,49.097,,"2015-06-23",658,658,0,0,TRUE,FALSE,TRUE
"BOLD Data Portal","2026-09-23","MG_COUNTRY","MIMAD639-15.COI-5P","MIMAD639-15","5860944","MH416177","102453","Lepidoptera","Crambidae","Heliothela",,"genus","COI-5P","Madagascar","Antsiranana",,-13.208,48.98,,"2015-06-23",658,658,0,0,TRUE,FALSE,TRUE
"BOLD Data Portal","2026-09-23","MG_COUNTRY","MIMAD763-15.COI-5P","MIMAD763-15","5861068","MH416890","24760","Lepidoptera","Crambidae",,,"family","COI-5P","Madagascar","Antsiranana",,-13.163,49.067,,"2015-06-23",658,658,0,0,TRUE,FALSE,TRUE
"BOLD Data Portal","2026-09-23","MG_COUNTRY","MIMAD764-15.COI-5P","MIMAD764-15","5861069","MH415794","24760","Lepidoptera","Crambidae",,,"family","COI-5P","Madagascar","Antsiranana",,-13.163,49.067,,"2015-06-23",658,658,0,0,TRUE,FALSE,TRUE
"BOLD Data Portal","2026-09-23","MG_COUNTRY","PMANL3119-14.COI-5P","PMANL3119-14","4917169",,"7541","Lepidoptera","Crambidae","Parotis",,"genus","COI-5P","Madagascar","Fianarantsoa",,-21.289,47.404,,"2014-11-14",658,619,1,0.00161290322580645,TRUE,FALSE,TRUE
"BOLD Data Portal","2026-09-23","MG_COUNTRY","PMANL4621-15.COI-5P","PMANL4621-15","6272154",,"7436","Lepidoptera","Crambidae","Glyphodes",,"genus","COI-5P","Madagascar","Fianarantsoa",,-21.289,47.404,,"2015-11-13",658,658,0,0,TRUE,FALSE,TRUE
"BOLD Data Portal","2026-09-23","MG_COUNTRY","PMANL4622-15.COI-5P","PMANL4622-15","6272155",,"956996","Lepidoptera","Crambidae","Cirrhochrista","Cirrhochrista metisalis","species","COI-5P","Madagascar","Fianarantsoa",,-21.289,47.404,,"2015-11-13",658,658,0,0,TRUE,TRUE,TRUE
"BOLD Data Portal","2026-09-23","MG_COUNTRY","PMANL5089-16.COI-5P","PMANL5089-16","6802056",,"7498","Lepidoptera","Crambidae","Herpetogramma",,"genus","COI-5P","Madagascar","Fianarantsoa",,,,,"2016-04-11",658,658,0,0,TRUE,FALSE,TRUE
"BOLD Data Portal","2026-09-23","MG_COUNTRY","PMANL5090-16.COI-5P","PMANL5090-16","6802057",,"7498","Lepidoptera","Crambidae","Herpetogramma",,"genus","COI-5P","Madagascar","Fianarantsoa",,,,,"2016-04-11",658,658,0,0,TRUE,FALSE,TRUE
"BOLD Data Portal","2026-09-23","MG_COUNTRY","RNOCF270-17.COI-5P","RNOCF270-17","8170946",,"20482","Lepidoptera","Crambidae","Cnaphalocrocis","Cnaphalocrocis poeyalis","species","COI-5P","Madagascar","Fianarantsoa",,-21.25407,47.42191,,"2017-07-27",658,658,0,0,TRUE,TRUE,TRUE
"BOLD Data Portal","2026-09-23","MG_COUNTRY","RNOCF274-17.COI-5P","RNOCF274-17","8170950",,"24760","Lepidoptera","Crambidae",,,"family","COI-5P","Madagascar","Fianarantsoa",,-21.25407,47.42191,,"2017-07-27",658,658,0,0,TRUE,FALSE,TRUE
"BOLD Data Portal","2026-09-23","MG_COUNTRY","RNOCF279-17.COI-5P","RNOCF279-17","8170955",,"24760","Lepidoptera","Crambidae",,,"family","COI-5P","Madagascar","Fianarantsoa",,-21.26404,47.41833,,"2017-07-27",658,658,0,0,TRUE,FALSE,TRUE
"BOLD Data Portal","2026-09-23","MG_COUNTRY","RNOCF281-17.COI-5P","RNOCF281-17","8170957",,"24760","Lepidoptera","Crambidae",,,"family","COI-5P","Madagascar","Fianarantsoa",,-21.25407,47.42191,,"2017-07-27",658,618,0,0,TRUE,FALSE,TRUE
"BOLD Data Portal","2026-09-23","MG_COUNTRY","RNOCF283-17.COI-5P","RNOCF283-17","8170959",,"163271","Lepidoptera","Crambidae","Cadarena","Cadarena sinuata","species","COI-5P","Madagascar","Fianarantsoa",,-21.25407,47.42191,,"2017-07-27",658,658,0,0,TRUE,TRUE,TRUE
"BOLD Data Portal","2026-09-23","MG_COUNTRY","RNOCF287-17.COI-5P","RNOCF287-17","8170963",,"285814","Lepidoptera","Crambidae","Synclera","Synclera traducalis","species","COI-5P","Madagascar","Fianarantsoa",,-21.26404,47.41833,,"2017-07-27",658,658,0,0,TRUE,TRUE,TRUE
"BOLD Data Portal","2026-09-23","MG_COUNTRY","RNOCF288-17.COI-5P","RNOCF288-17","8170964",,"24760","Lepidoptera","Crambidae",,,"family","COI-5P","Madagascar","Fianarantsoa",,-21.26404,47.41833,,"2017-07-27",658,658,0,0,TRUE,FALSE,TRUE
"BOLD Data Portal","2026-09-23","MG_COUNTRY","RNOCF310-17.COI-5P","RNOCF310-17","8170986",,"24760","Lepidoptera","Crambidae",,,"family","COI-5P","Madagascar","Fianarantsoa",,-21.25407,47.42191,,"2017-07-27",658,658,0,0,TRUE,FALSE,TRUE
"BOLD Data Portal","2026-09-23","MG_COUNTRY","RNOCF318-17.COI-5P","RNOCF318-17","8170994",,"273308","Lepidoptera","Crambidae","Filodes",,"genus","COI-5P","Madagascar","Fianarantsoa",,-21.26404,47.41833,,"2017-07-27",658,658,0,0,TRUE,FALSE,TRUE
"BOLD Data Portal","2026-09-23","MG_COUNTRY","RNOCF321-17.COI-5P","RNOCF321-17","8170997",,"20423","Lepidoptera","Crambidae","Maruca","Maruca vitrata","species","COI-5P","Madagascar","Fianarantsoa",,-21.25407,47.42191,,"2017-07-27",658,658,0,0,TRUE,TRUE,TRUE
"BOLD Data Portal","2026-09-23","MG_COUNTRY","RNOCF322-17.COI-5P","RNOCF322-17","8170998",,"24760","Lepidoptera","Crambidae",,,"family","COI-5P","Madagascar","Fianarantsoa",,-21.25407,47.42191,,"2017-07-27",658,658,0,0,TRUE,FALSE,TRUE
"BOLD Data Portal","2026-09-23","MG_COUNTRY","RNOCF335-17.COI-5P","RNOCF335-17","8171011",,"66400","Lepidoptera","Crambidae","Salbia",,"genus","COI-5P","Madagascar","Fianarantsoa",,-21.26289,47.41955,,"2017-07-27",658,658,0,0,TRUE,FALSE,TRUE
